tree
version=v4
num_class=1
num_tree_per_iteration=1
label_index=0
max_feature_idx=30
objective=regression
feature_names=lag_0 lag_1 lag_2 lag_3 lag_7 lag_12 lag_25 lag_51 lag_52 rolling_mean_4 rolling_std_4 zero_fraction_4 rolling_mean_13 rolling_std_13 zero_fraction_13 rolling_mean_26 rolling_std_26 zero_fraction_26 rolling_mean_52 trend_4_4 momentum_4_13 origin_week_of_year origin_month target_week_of_year target_month sin_woy_orig cos_woy_orig sin_woy_tgt cos_woy_tgt horizon sku_id
feature_infos=[0:4538] [0:4538] [0:4538] [0:4538] [0:4538] [0:7063] [0:11138] [0:11366] [0:11366] [0:1827.75] [0:2177.6076131081713] [0:1] [0:1294.4615384615386] [0:1947.2525319220726] [0:1] [0:1480.3846153846155] [0:2572.7716619660177] [0:1] [61.32692307692308:1196.5769230769231] [-1282.5:1337.25] [0:3.0914536124641554] [6:35] [2:8] [7:36] [2:9] [-0.88545602565320958:1] [-1:0.74851074817110108] [-0.93501624268541472:1] [-1:0.6631226582407953] [1:4] -1:0:1:2:3:4:5:6:7:8:9:10:11:12:13:14:15:16:17:18:19:20:21:22:23:24:25:26:27:28:29
tree_sizes=2880 2887 2940 2961 2883 2970 2957 2952 2949 2960 2926 2852 2925 2994 2925 2981 2878 3008 2988 2867 2965 2940 2836 2914 2946 2922 2895 2907 2930 2877 2908 2943 2909 2912 2901 2891 2823 2862 2850 2986 2845 2913 2869 2918 2937 2871 2945 2915 2873 2915 2867 2830 2884 2919 2886 2953 2871 2916 2950 2948 2869 2942 2856 2920 2964 2855 2870 2822 2869 2901 2819 2927 2880 2881 2873 2941 3014 2822 2887 2896

Tree=0
num_leaves=31
num_cat=5
split_feature=30 30 30 15 27 12 28 13 1 23 9 30 13 23 23 10 28 15 13 23 18 23 16 23 30 23 15 23 12 27
split_gain=1.20657e+08 2.37503e+07 1.95573e+07 1.198e+07 8.59195e+06 7.67323e+06 1.79686e+07 5.42626e+06 7.81504e+06 3.8432e+06 3.22106e+06 3.09784e+06 1.45073e+07 9.37628e+06 2.95026e+06 2.36315e+06 2.17465e+06 6.91266e+06 2.24779e+06 2.15928e+06 2.17765e+06 2.01947e+06 1.97784e+06 2.31025e+06 1.96936e+06 1.95201e+06 2.5921e+06 1.93761e+06 1.79614e+06 1.62089e+06
threshold=0 1 2 1264.7692307692312 0.8542199457734333 171.23076923076925 -0.85421994577343296 330.10503337881818 408.50000000000006 14.500000000000002 47.625000000000007 3 216.1722196911071 30.500000000000004 30.500000000000004 670.26566686205172 -0.88545602565320969 726.76923076923083 912.98358810492607 13.500000000000002 835.3557692307694 24.500000000000004 451.11432018460795 10.500000000000002 4 10.500000000000002 830.9807692307694 34.500000000000007 725.00000000000011 0.98182534576205316
decision_type=1 1 1 2 2 2 2 2 2 2 2 1 2 2 2 2 2 2 2 2 2 2 2 2 1 2 2 2 2 2
left_child=2 5 3 7 -5 6 -2 8 -1 -6 -3 12 13 -4 22 21 18 -18 -9 20 -19 25 -14 -24 27 -13 -27 -7 29 -25
right_child=1 10 11 4 9 24 -8 16 -10 -11 -12 15 14 -15 -16 -17 17 19 -20 -21 -22 -23 23 28 -26 26 -28 -29 -30 -31
leaf_value=404.80375034181691 419.00750000803095 325.87427274411544 361.50250008432488 362.40375019876581 389.69750038950065 335.14932274582156 343.46777005083698 363.73499953119375 364.55668383720223 429.71416743763706 331.53985959427058 341.73663042622786 341.63500000803094 429.97250046579461 342.04991919059296 335.31555528808059 401.68250046579459 354.20702389021562 345.17887245233334 354.34188785606756 374.80356089152406 345.01576090413317 342.75583321420766 362.51765520056136 340.63691453485973 351.85944314852418 376.66568168749649 348.55267231659099 348.94315213218704 349.04564815617908
leaf_weight=15.999999999999998 9.9999999999999982 437 10.000000000000002 15.999999999999998 12.000000000000002 384 37 24 49 11.999999999999998 589 46 28 9.9999999999999982 62 36 9.9999999999999982 21 51 98 33 230 30 129 680 247 10.999999999999998 29 46 27
leaf_count=16 10 437 10 16 12 384 37 24 49 12 589 46 28 10 62 36 10 21 51 98 33 230 30 129 680 247 11 29 46 27
internal_value=341.892 334.755 354.178 364.413 390.785 339.777 359.54 361.666 374.464 409.706 329.25 350.138 354.061 395.738 351.851 347.614 358.156 361.415 351.117 358.766 366.794 348.551 354.188 355.703 338.908 351.225 352.917 336.228 357.626 360.186
internal_weight=3420 2166 1254 342 40 1140 47 302 65 24 1026 912 342 20 322 570 237 162 75 152 54 534 260 232 1093 304 258 413 202 156
internal_count=3420 2166 1254 342 40 1140 47 302 65 24 1026 912 342 20 322 570 237 162 75 152 54 534 260 232 1093 304 258 413 202 156
cat_boundaries=0 1 2 3 4 5
cat_threshold=8458623 224823424 82 65569 151128064
is_linear=0
shrinkage=1


Tree=1
num_leaves=31
num_cat=5
split_feature=30 30 30 15 27 12 28 13 1 23 9 30 13 23 23 10 28 15 13 23 18 23 12 16 23 30 23 12 23 23
split_gain=1.08897e+08 2.14322e+07 1.76505e+07 1.0812e+07 7.75424e+06 6.9255e+06 1.62167e+07 4.8972e+06 7.05307e+06 3.46849e+06 2.90701e+06 2.7958e+06 1.30928e+07 8.4621e+06 2.66261e+06 2.13274e+06 1.96262e+06 6.23868e+06 2.02863e+06 1.94875e+06 1.96533e+06 1.82258e+06 1.89141e+06 1.785e+06 2.085e+06 1.77652e+06 1.74869e+06 1.62286e+06 1.5354e+06 3.85236e+06
threshold=0 1 2 1264.7692307692312 0.8542199457734333 171.23076923076925 -0.85421994577343296 330.10503337881818 408.50000000000006 14.500000000000002 47.625000000000007 3 216.1722196911071 30.500000000000004 30.500000000000004 670.26566686205172 -0.88545602565320969 726.76923076923083 912.98358810492607 13.500000000000002 835.3557692307694 24.500000000000004 183.2692307692308 451.11432018460795 10.500000000000002 4 34.500000000000007 733.53846153846166 10.500000000000002 11.500000000000002
decision_type=1 1 1 2 2 2 2 2 2 2 2 1 2 2 2 2 2 2 2 2 2 2 2 2 2 1 2 2 2 2
left_child=2 5 3 7 -5 6 -2 8 -1 -6 -3 12 13 -4 23 21 18 -18 -9 20 -19 22 -13 -14 -25 26 -7 -26 -24 -30
right_child=1 10 11 4 9 25 -8 16 -10 -11 -12 15 14 -15 -16 -17 17 19 -20 -21 -22 -23 28 24 27 -27 -28 -29 29 -31
leaf_value=59.76606278046966 73.259623413085933 -15.216939926147461 18.629875264018768 19.486062610149386 45.415124786893514 -6.4056432169241209 1.4968816177265065 20.750750637054445 21.531349474556592 83.430960083007818 -9.8346328939363392 -3.5157789775303439 -0.24425002847399033 83.676377105712902 0.14992321383568549 -6.2477220429314508 56.800875205993663 11.699172374180385 3.122428923962163 11.827293709346227 31.265882041237571 2.9674729056980302 0.49372395806842384 0.82054175535837803 17.173867619405559 -1.193340740756712 6.327539167733029 5.927842443585396 35.269431018829344 9.8740287027188725
leaf_weight=15.999999999999998 9.9999999999999982 437 10.000000000000002 15.999999999999998 12.000000000000002 384 37 24 49 11.999999999999998 589 28 28 9.9999999999999982 62 36 9.9999999999999982 21 51 98 33 230 36 30 162 680 29 40 15.999999999999998 224
leaf_count=16 10 437 10 16 12 384 37 24 49 12 589 28 28 10 62 36 10 21 51 98 33 230 36 30 162 680 29 40 16 224
internal_value=-0.000183397 -6.78037 11.672 21.395 46.4483 -2.01017 16.7656 18.7851 30.943 64.423 -12.01 7.83345 11.5608 51.1531 9.46072 5.43625 15.4506 18.5465 8.76349 16.0298 23.6566 6.32574 8.86653 11.681 13.1202 -2.83593 -5.38125 14.9469 10.1227 11.5671
internal_weight=3420 2166 1254 342 40 1140 47 302 65 24 1026 912 342 20 322 570 237 162 75 152 54 534 304 260 232 1093 413 202 276 240
internal_count=3420 2166 1254 342 40 1140 47 302 65 24 1026 912 342 20 322 570 237 162 75 152 54 534 304 260 232 1093 413 202 276 240
cat_boundaries=0 1 2 3 4 5
cat_threshold=8458623 224823424 82 65569 151128064
is_linear=0
shrinkage=0.05


Tree=2
num_leaves=31
num_cat=4
split_feature=30 30 30 27 13 15 27 23 13 1 12 28 9 28 30 23 23 23 0 7 18 18 28 28 27 23 16 23 23 15
split_gain=9.83509e+07 2.21784e+07 1.34596e+07 1.05793e+07 7.21099e+06 5.67056e+06 6.03714e+06 4.77459e+06 4.626e+06 6.41411e+06 4.26465e+06 1.59556e+07 3.3805e+06 2.62214e+06 2.18825e+06 2.18475e+06 2.23e+06 5.2801e+06 2.74108e+06 2.02941e+06 1.91805e+06 2.07791e+06 3.77986e+06 4.24667e+06 2.45463e+06 1.73767e+06 1.69461e+06 1.52004e+06 2.18398e+06 2.57055e+06
threshold=0 1 2 0.99635443704902704 189.1685591448128 1291.5576923076926 0.8542199457734333 29.500000000000004 330.10503337881818 408.50000000000006 168.00000000000003 -0.85421994577343296 47.625000000000007 -0.99635443704902682 3 34.500000000000007 10.500000000000002 11.500000000000002 288.50000000000006 35.500000000000007 785.72115384615392 860.13461538461547 -0.85421994577343296 -0.70581670320594803 0.95297903005573359 10.500000000000002 263.10700852841688 12.500000000000002 21.500000000000004 405.48076923076934
decision_type=1 1 1 2 2 2 2 2 2 2 2 2 2 2 1 2 2 2 2 2 2 2 2 2 2 2 2 2 2 2
left_child=2 10 3 5 7 8 -7 -4 9 -1 11 -2 -3 -6 26 16 -15 18 -18 -19 -10 22 -22 -24 -25 -23 -12 -21 29 -29
right_child=1 12 4 -5 13 6 -8 -9 20 -11 14 -13 -14 15 -16 -17 17 19 -20 27 21 25 23 24 -26 -27 -28 28 -30 -31
leaf_value=56.777759051322938 69.596644592285159 -14.456092537676989 18.015337579727174 67.035452524820968 -7.8236145930630832 21.451937975202284 72.317907943725587 57.544978453896263 4.9318525801764599 20.222682030995689 3.3521550122013801 0.41080857372283941 -8.8560103542604622 0.099388954980032793 -3.2088588987969602 -1.7252318228994097 51.718992767333965 -7.1505711269378667 19.069700707329645 -2.7470298693730282 9.0355090484023091 31.952676029205321 55.625388746995192 14.028184523949257 42.204258103804158 10.140032043457033 -6.2052143641880591 32.809337759017943 7.008261313483259 11.978071238227827
leaf_weight=15.999999999999998 9.9999999999999982 437 25 11.999999999999998 28 14.000000000000002 9.9999999999999982 10.999999999999998 45 48 270 50 703 70 754 56 10.000000000000002 20 18 26 32 9.9999999999999982 12.999999999999998 26 10.999999999999998 105 56 15.999999999999998 319 199
leaf_count=16 10 437 25 12 28 14 10 11 45 48 270 50 703 70 754 56 10 20 18 26 32 10 13 26 11 105 56 16 319 199
internal_value=-0.000348737 -5.99151 11.9299 20.3252 8.12487 19.2426 42.6461 30.0938 17.407 29.3615 -1.02389 11.9418 -10.907 7.19359 -1.75368 7.76645 8.55043 9.52341 30.7302 8.49963 14.2455 16.373 22.4542 31.0422 22.4049 12.0368 1.65949 9.05857 9.63337 13.5283
internal_weight=3420 2280 1140 342 798 330 24 36 306 64 1140 60 1140 762 1080 734 678 608 28 580 242 197 82 50 37 115 326 560 534 215
internal_count=3420 2280 1140 342 798 330 24 36 306 64 1140 60 1140 762 1080 734 678 608 28 580 242 197 82 50 37 115 326 560 534 215
cat_boundaries=0 1 2 3 4
cat_threshold=8454527 90609792 82 67375104
is_linear=0
shrinkage=0.05


Tree=3
num_leaves=31
num_cat=4
split_feature=30 30 30 27 13 28 28 18 10 23 12 28 12 30 28 9 8 4 23 23 23 0 7 5 23 5 16 29 16 15
split_gain=8.8769e+07 2.00129e+07 1.21473e+07 9.54778e+06 6.50792e+06 5.15183e+06 1.14166e+07 2.80954e+07 6.33136e+06 4.30907e+06 3.71656e+06 1.47573e+07 3.53214e+06 2.37485e+06 2.36648e+06 2.3441e+06 2.03809e+06 1.89746e+06 1.88063e+06 2.25712e+06 4.51838e+06 2.47383e+06 1.76075e+06 1.77221e+06 3.4428e+06 1.55285e+06 1.52939e+06 1.51323e+06 1.94705e+06 1.49147e+06
threshold=0 1 2 0.99635443704902704 189.1685591448128 -0.85421994577343296 -0.78574730703237872 855.51923076923083 1333.8135737330228 29.500000000000004 168.00000000000003 -0.85421994577343296 642.11538461538464 3 -0.99635443704902682 47.625000000000007 35.500000000000007 1350.0000000000002 34.500000000000007 10.500000000000002 11.500000000000002 288.50000000000006 645.50000000000011 805.50000000000011 15.500000000000002 371.50000000000006 263.10700852841688 3.5000000000000004 524.0192548085854 963.17307692307702
decision_type=1 1 1 2 2 2 2 2 2 2 2 2 2 1 2 2 2 2 2 2 2 2 2 2 2 2 2 2 2 2
left_child=2 15 3 5 9 -1 7 -7 12 -4 11 -3 -8 26 -6 -2 -16 -14 19 -18 21 -21 25 29 -25 -22 -12 28 -26 -24
right_child=1 10 4 -5 14 6 8 -9 -10 -11 13 -13 17 -15 16 -17 18 -19 -20 20 22 -23 23 24 27 -27 -28 -29 -30 -31
leaf_value=9.3235287622169221 -13.733288195367809 66.116811542510987 17.114570831298831 63.683676401774086 -7.4324337482452396 119.21534515380857 4.7363179594278337 9.4843955448695603 53.891000652313238 54.667730149355805 3.184547279145983 -0.10571499320695986 18.512842753625687 -3.4032055505820686 -7.2707546980484681 -8.9001007297043078 0.094419636726379402 37.931591020311629 -1.2087007000761212 49.133043060302725 9.456705618994576 18.116215599907772 7.9212118045438702 4.3113039312155355 5.4113438415527328 2.5484522424246139 -5.894953727722168 45.605661714077002 33.535860323905943 23.941250988841059
leaf_weight=108 437 9.9999999999999982 25 11.999999999999998 28 10.000000000000002 48 13.999999999999998 11.999999999999998 10.999999999999998 270 53 124 865 23 589 70 13.999999999999998 53 10.000000000000002 175 18 158 23 10.000000000000002 152 56 9.9999999999999982 15.999999999999998 15.999999999999998
leaf_count=108 437 10 25 12 28 10 48 14 12 11 270 53 124 865 23 589 70 14 53 10 175 18 158 23 10 152 56 10 16 16
internal_value=-0.000800418 -5.69264 11.3334 19.3089 7.71862 18.2804 22.6379 55.2056 18.6903 28.5891 -1.41814 10.4058 16.4192 -2.05549 6.83391 -10.8529 7.37813 20.4829 7.852 8.58182 9.59222 29.1937 8.61215 11.9335 19.4221 6.24553 1.57652 29.0762 22.7187 9.39432
internal_weight=3420 2280 1140 342 798 330 222 24 198 36 1254 63 186 1191 762 1026 734 138 711 658 588 28 560 233 59 327 326 36 26 174
internal_count=3420 2280 1140 342 798 330 222 24 198 36 1254 63 186 1191 762 1026 734 138 711 658 588 28 560 233 59 327 326 36 26 174
cat_boundaries=0 1 2 3 4
cat_threshold=8454527 840459776 82 67375104
is_linear=0
shrinkage=0.05


Tree=4
num_leaves=31
num_cat=4
split_feature=30 30 15 23 23 30 13 23 28 28 8 12 23 9 28 13 28 23 10 16 30 18 13 18 15 23 27 8 27 23
split_gain=8.01214e+07 1.81579e+07 1.10566e+07 8.28958e+06 9.03648e+06 6.76928e+06 7.69934e+06 6.88392e+06 4.47669e+06 1.48451e+07 1.41723e+07 3.47987e+06 1.45698e+07 2.73068e+06 2.25951e+06 2.01491e+06 1.96304e+06 2.26838e+06 2.40833e+06 2.01748e+06 1.8435e+06 1.6519e+06 1.91117e+06 1.58222e+06 1.46326e+06 3.82466e+06 1.99557e+06 1.41647e+06 1.41507e+06 1.44098e+06
threshold=0 1 1214.2500000000002 12.500000000000002 17.500000000000004 2 216.1722196911071 30.500000000000004 -0.85421994577343296 -0.78574730703237872 670.00000000000011 168.00000000000003 29.500000000000004 47.625000000000007 -0.70581670320594803 244.61620228162445 -0.99635443704902682 29.500000000000004 957.48279929077114 489.4972710645913 3 835.3557692307694 837.46363738971456 854.36538461538464 411.00000000000006 20.500000000000004 0.91023613416931248 596.50000000000011 0.91023613416931248 12.500000000000002
decision_type=1 1 2 2 2 1 2 2 2 2 2 2 2 2 2 2 2 2 2 2 1 2 2 2 2 2 2 2 2 2
left_child=2 11 5 -4 -5 6 7 -1 23 10 -10 12 28 -3 -11 20 -7 18 19 24 -13 -16 27 -8 25 26 -18 -23 -2 -30
right_child=1 13 3 4 -6 16 8 -9 9 14 -12 15 -14 -15 21 -17 17 -19 -20 -21 -22 22 -24 -25 -26 -27 -28 -29 29 -31
leaf_value=15.511712133884425 -13.06949467976888 -13.046624366533292 11.382328819506098 67.714519345192684 19.435771730211048 -8.1059783140818293 0.082369500940496276 74.179915542602544 98.946647796630828 26.159121672860508 24.707438643773401 2.9665772364057346 65.892298278808596 -8.0134776940672605 6.8692850344831307 -5.0079657267900863 -5.9024398691513964 1.5723942892892022 -5.4556661211211113 13.307021709152909 -2.037576399483378 10.625010703591741 5.1780076374326436 10.800132610069381 3.9368981576547393 41.387468643188477 18.324224898394416 23.324157794060248 -7.1395038059779585 13.5695194040026
leaf_weight=10.000000000000002 14.999999999999998 437 33 21 18 24 66 9.9999999999999982 10.000000000000002 29 18 280 9.9999999999999982 703 110 306 17 168 29 183 494 34 35 72 164 9.9999999999999982 17 62 13.999999999999998 21
leaf_count=10 15 437 33 21 18 24 66 10 10 29 18 280 10 703 110 306 17 168 29 183 494 34 35 72 164 10 17 62 14 21
internal_value=-0.00125807 -5.40875 10.7667 29.8259 45.432 9.58264 14.1995 44.8458 13.1194 16.5672 51.2214 -0.914071 10.7981 -9.85639 12.9734 -1.57321 5.81557 6.4827 8.44683 9.47796 -0.215286 11.3867 15.18 5.67425 6.10912 14.2056 6.21089 18.8265 -0.220711 5.28591
internal_weight=3420 2280 1140 72 39 1068 456 20 436 298 28 1140 60 1140 270 1080 612 588 420 391 774 241 131 138 208 44 34 96 50 35
internal_count=3420 2280 1140 72 39 1068 456 20 436 298 28 1140 60 1140 270 1080 612 588 420 391 774 241 131 138 208 44 34 96 50 35
cat_boundaries=0 1 2 3 4
cat_threshold=8454527 90609792 113 67375232
is_linear=0
shrinkage=0.05


Tree=5
num_leaves=31
num_cat=4
split_feature=30 30 30 27 13 28 28 18 10 9 12 23 12 9 28 7 13 30 23 23 0 4 23 23 12 23 12 23 27 28
split_gain=7.23077e+07 1.63891e+07 1.02416e+07 8.30693e+06 5.36773e+06 4.17515e+06 9.55592e+06 2.27869e+07 5.74087e+06 3.48182e+06 3.14035e+06 1.31492e+07 3.08629e+06 2.46444e+06 1.95276e+06 1.84314e+06 1.81894e+06 1.66876e+06 1.65037e+06 4.43105e+06 2.21829e+06 1.56036e+06 1.52489e+06 2.52153e+06 6.96724e+06 1.76574e+06 1.70819e+06 2.34415e+06 1.2771e+06 1.30049e+06
threshold=0 1 2 0.99635443704902704 189.1685591448128 -0.85421994577343296 -0.70581670320594803 844.1538461538463 1333.8135737330228 458.37500000000006 168.00000000000003 29.500000000000004 642.11538461538464 47.625000000000007 -0.99635443704902682 19.500000000000004 244.61620228162445 3 10.500000000000002 11.500000000000002 288.50000000000006 1350.0000000000002 21.500000000000004 20.500000000000004 490.96153846153851 12.500000000000002 574.1538461538463 15.500000000000002 0.91023613416931248 -1.0000000180025095e-35
decision_type=1 1 1 2 2 2 2 2 2 2 2 2 2 2 2 2 2 1 2 2 2 2 2 2 2 2 2 2 2 2
left_child=2 10 3 5 9 -1 7 -7 12 -4 11 28 -8 -3 -6 -16 17 -12 -17 20 -20 -14 23 25 -25 -21 -27 -28 -2 -30
right_child=1 13 4 -5 14 6 8 -9 -10 -11 16 -13 21 -15 15 18 -18 -19 19 22 -22 -23 -24 24 -26 26 27 -29 29 -31
leaf_value=8.5070659571223786 -12.416019744873047 -12.394292829238578 43.253258943557739 58.920606486002605 -6.8490449087960386 88.963763427734378 1.0920196700927824 15.883871304988862 48.414207267761235 11.960083560943604 2.8233632881065898 62.597682495117198 14.894043081998825 -7.6128038331081997 -7.9946927206856877 -0.25600611277988977 -4.7575673608218922 -1.9377187983384208 46.162478713989245 -3.7778601460986665 16.791291427612304 34.661329789595172 4.9237054474591568 57.59268913269041 5.5399942742453687 7.705220609750504 3.6974449854630693 30.970430374145508 12.89104396275112 -6.7825288227626253
leaf_weight=108 14.999999999999998 437 15.999999999999998 11.999999999999998 28 15.999999999999998 43 32 11.999999999999998 20 280 9.9999999999999982 108 703 21 70 306 494 10.000000000000002 27 18 10.999999999999998 371 10.000000000000002 18 156 12.999999999999998 20 20.999999999999996 14.000000000000002
leaf_count=108 15 437 16 12 28 16 43 32 12 20 280 10 108 703 21 70 306 494 10 27 18 11 371 10 18 156 13 20 21 14
internal_value=-0.00105928 -5.13811 10.2284 17.5434 6.91506 16.5704 20.4931 40.2438 15.0446 25.8682 -0.867963 10.2582 12.5728 -9.36357 6.11039 6.60475 -1.49412 -0.203921 7.03475 7.82846 27.281 16.7213 6.94281 10.0128 24.1302 8.18281 9.89148 20.2265 -0.209676 5.02161
internal_weight=3420 2280 1140 342 798 330 222 48 174 36 1140 60 162 1140 762 734 1080 774 713 643 28 119 615 244 28 216 189 33 50 35
internal_count=3420 2280 1140 342 798 330 222 48 174 36 1140 60 162 1140 762 734 1080 774 713 643 28 119 615 244 28 216 189 33 50 35
cat_boundaries=0 1 2 3 4
cat_threshold=8454527 90609792 82 67375232
is_linear=0
shrinkage=0.05


Tree=6
num_leaves=31
num_cat=4
split_feature=30 30 15 23 23 30 13 20 28 28 12 23 9 30 28 23 16 8 28 7 7 10 23 16 9 9 9 23 28 12
split_gain=6.52559e+07 1.49301e+07 9.28936e+06 7.02027e+06 7.81983e+06 5.57583e+06 4.88364e+06 4.37784e+06 5.22587e+06 1.91572e+07 3.29352e+06 6.7166e+06 3.14235e+06 2.54571e+06 1.99283e+06 2.05603e+06 1.62979e+06 1.56836e+06 1.44962e+06 1.21923e+06 1.18616e+06 1.29602e+06 3.56772e+06 1.16403e+06 1.15905e+06 1.11022e+06 1.07627e+06 1.05487e+06 1.58842e+06 1.34238e+06
threshold=0 1 1214.2500000000002 12.500000000000002 17.500000000000004 2 189.1685591448128 1.0887700618753631 -0.85421994577343296 -0.78574730703237872 168.00000000000003 29.500000000000004 458.37500000000006 3 -0.99635443704902682 34.500000000000007 910.02000136918844 35.500000000000007 -0.51639395938746235 526.00000000000011 767.00000000000011 103.2688344796605 15.500000000000002 774.97600157051477 44.750000000000007 658.37500000000011 920.75000000000011 27.500000000000004 -1.0000000180025095e-35 144.07692307692312
decision_type=1 1 2 2 2 1 2 2 2 2 2 2 2 1 2 2 2 2 2 2 2 2 2 2 2 2 2 2 2 2
left_child=2 24 5 -4 19 7 12 8 25 -10 11 27 -7 -12 -8 17 -11 -16 -15 -5 26 22 -22 -20 -2 -1 -19 28 29 -3
right_child=1 10 3 4 -6 6 14 -9 9 16 13 -13 -14 18 15 -17 -18 20 23 -21 21 -23 -24 -25 -26 -27 -28 -29 -30 -31
leaf_value=0.31981974891994314 -11.844361406931945 21.536748695373536 10.212508802702933 50.788353174382976 17.364106506771513 41.090597164630893 -6.4755557537078863 7.5265889262611214 82.532775224958158 23.675221828051978 0.045799083967944638 39.864667728969032 11.362079408168794 -6.4095678874244797 -6.7686340236663831 -2.3243022395297888 7.8667127629984979 5.5957347100001043 -2.2707431400523466 74.911063232421881 2.2986964293888632 9.0204468993067035 37.394460163116456 13.689645477135977 -8.2694644644309072 15.692629837989807 16.912875218824908 -13.38544725418091 -6.6109881496429441 0.71660625457763683
leaf_weight=23 422 15.999999999999998 33 11.000000000000002 18 15.999999999999998 32 88 13.999999999999998 56 664 13.999999999999998 20 379 20 64 23 466 238 9.9999999999999982 14.000000000000002 171 14.999999999999998 11.999999999999998 490 24 22 9.9999999999999982 20.000000000000004 14.999999999999998
leaf_count=23 422 16 33 11 18 16 32 88 14 56 664 14 20 379 20 64 23 466 238 10 14 171 15 12 490 24 22 10 20 15
internal_value=-0.000876888 -4.88101 9.71696 27.1854 41.5471 8.6303 6.48075 15.582 21.7585 28.6259 -1.54365 8.63158 24.5748 -2.1458 5.75118 6.25798 19.0727 7.03378 -4.39028 62.2754 7.43502 10.678 20.4517 -1.50464 -9.81601 8.16977 6.10593 1.46333 4.37485 11.4625
internal_weight=3420 2280 1140 72 39 1068 840 228 140 93 1368 75 36 1293 804 772 79 708 629 21 688 200 29 250 912 47 488 61 51 31
internal_count=3420 2280 1140 72 39 1068 840 228 140 93 1368 75 36 1293 804 772 79 708 629 21 688 200 29 250 912 47 488 61 51 31
cat_boundaries=0 1 2 3 4
cat_threshold=8454527 839411200 80 73699328
is_linear=0
shrinkage=0.05


Tree=7
num_leaves=31
num_cat=5
split_feature=30 30 30 27 12 28 23 15 27 13 23 23 30 13 23 30 10 23 19 18 18 28 28 27 23 28 13 23 23 12
split_gain=5.90584e+07 1.18921e+07 9.818e+06 7.23362e+06 4.19387e+06 5.59283e+06 6.44623e+06 3.44199e+06 4.00769e+06 3.58602e+06 4.61216e+06 1.72693e+06 1.87731e+06 7.19574e+06 6.1194e+06 1.67308e+06 1.65448e+06 1.65389e+06 1.34923e+06 1.27479e+06 1.42981e+06 2.2511e+06 2.31217e+06 2.08716e+06 1.54224e+06 1.26747e+06 1.88747e+06 1.15948e+06 1.06317e+06 1.52518e+06
threshold=0 1 2 0.99635443704902704 168.00000000000003 -0.85421994577343296 28.500000000000004 1291.5576923076926 0.8542199457734333 330.10503337881818 21.500000000000004 34.500000000000007 3 216.1722196911071 30.500000000000004 4 670.26566686205172 16.500000000000004 68.000000000000014 785.72115384615392 860.13461538461547 -0.85421994577343296 -0.70581670320594803 0.95297903005573359 10.500000000000002 -0.91023613416931226 556.23983636990476 30.500000000000004 34.500000000000007 242.11538461538464
decision_type=1 1 1 2 2 2 2 2 2 2 2 2 1 2 2 1 2 2 2 2 2 2 2 2 2 2 2 2 2 2
left_child=2 -2 3 7 5 6 -3 9 -9 10 -1 12 13 14 -4 -6 -14 -7 -15 -11 21 -21 -23 -24 -22 -20 -27 -12 -17 -30
right_child=1 4 11 -5 15 17 -8 8 -10 19 27 -13 16 18 -16 28 -18 -19 25 20 24 22 23 -25 -26 26 -28 -29 29 -31
leaf_value=46.331849925658283 -9.3252064149446969 6.4608303825060505 11.149319453239437 54.438279851277677 -0.77044393926858901 6.6571938171386726 60.816340255737309 15.883996684210638 57.327714385986326 3.1120602872636582 8.2533311525980633 -2.1219612881541252 5.122804493001599 4.9259835535496999 66.46385522842408 -5.2893068945058728 -5.9797634787029699 -15.92488668759664 25.920272445678712 7.1283810138702393 27.604956722259523 42.250829608623803 10.01381650177332 35.99542714899237 7.055536467688424 4.3168365593533968 17.356331177147066 23.963512719195823 -3.9630828857421876 17.301351576585038
leaf_weight=17 912 12.000000000000002 10.000000000000002 11.999999999999998 680 25 9.9999999999999982 14.000000000000002 9.9999999999999982 45 24 64 494 171 9.9999999999999982 478 36 11.999999999999998 13.999999999999998 32 9.9999999999999982 12.999999999999998 26 10.999999999999998 105 64 49 23 24 12.999999999999998
leaf_count=17 912 12 10 12 680 25 10 14 10 45 24 64 494 171 10 478 36 12 14 32 10 13 26 11 105 64 49 23 24 13
internal_value=-0.000826341 -4.99398 8.595 15.842 -1.79515 11.2038 31.1679 14.9186 33.1522 13.4885 24.0138 5.73502 6.39563 9.4759 38.8066 -2.45196 4.28777 -0.666724 7.82539 10.705 12.4394 17.4839 24.1114 17.7381 8.84244 11.7293 9.97113 15.9413 -4.56854 3.5082
internal_weight=3420 2166 1254 342 1254 59 22 330 24 306 64 912 848 318 20 1195 530 37 298 242 197 82 50 37 115 127 113 47 515 37
internal_count=3420 2166 1254 342 1254 59 22 330 24 306 64 912 848 318 20 1195 530 37 298 242 197 82 50 37 115 127 113 47 515 37
cat_boundaries=0 1 2 3 4 5
cat_threshold=8458623 839411200 82 65569 73695360
is_linear=0
shrinkage=0.05


Tree=8
num_leaves=31
num_cat=4
split_feature=30 30 30 27 12 28 15 27 13 1 28 23 23 30 13 23 23 23 27 23 9 6 28 18 13 23 28 23 10 16
split_gain=5.33193e+07 1.07557e+07 8.86075e+06 6.52835e+06 3.46273e+06 1.09419e+07 3.10639e+06 3.61694e+06 3.23638e+06 4.42513e+06 1.6502e+06 1.77722e+06 1.98922e+06 1.61908e+06 6.20294e+06 5.52275e+06 1.60276e+06 3.58287e+06 1.77682e+06 1.53985e+06 1.459e+06 1.42965e+06 1.62036e+06 1.41579e+06 1.40747e+06 1.3997e+06 1.36518e+06 1.34638e+06 1.3119e+06 1.63107e+06
threshold=0 1 2 0.99635443704902704 171.23076923076925 -0.85421994577343296 1291.5576923076926 0.8542199457734333 330.10503337881818 408.50000000000006 -0.99635443704902682 9.5000000000000018 34.500000000000007 3 216.1722196911071 30.500000000000004 21.500000000000004 20.500000000000004 0.98182534576205316 13.500000000000002 47.625000000000007 338.50000000000006 -0.91023613416931226 477.05769230769238 453.93360772170632 16.500000000000004 -0.51639395938746235 30.500000000000004 341.53054679787425 486.40555077485845
decision_type=1 1 1 2 2 2 2 2 2 2 2 2 2 1 2 2 2 2 2 2 2 2 2 2 2 2 2 2 2 2
left_child=2 4 3 6 5 -2 8 -8 9 -1 -4 -12 13 14 15 -13 17 18 24 -7 -3 22 -18 -24 25 -16 27 -11 29 -15
right_child=1 20 10 -5 -6 19 7 -9 -10 26 11 12 -14 28 16 -17 21 -19 -20 -21 -22 -23 23 -25 -26 -27 -28 -29 -30 -31
leaf_value=45.585229516029358 58.314011402130134 -10.722235323908128 -5.6453963100910194 51.716365432739259 -1.9516836268484785 14.089340273539225 15.089796732153207 54.461327514648445 10.169716753422723 11.362248209903115 -3.441342922051748 10.591853151321409 -2.0158631742000579 3.9956114014865016 15.621975448608399 63.1406625366211 17.701872424284616 34.107647854089741 1.2029917657375337 -7.7002967185974116 -6.9091804539914454 0.90842534375190742 -3.8226102572221023 15.899275037220546 17.446203858994728 -0.16792232394218445 1.3865014516390288 31.047948741912844 -1.0029784972409168 12.543539130446074
leaf_weight=15.999999999999998 9.9999999999999982 437 32 11.999999999999998 1093 11.999999999999998 14.000000000000002 9.9999999999999982 242 19 48 10.000000000000002 64 227 25 9.9999999999999982 36 15.999999999999998 48 25 589 100 26 13.999999999999998 67 32 12.999999999999998 15.999999999999998 83 74
leaf_count=16 10 437 32 12 1093 12 14 10 242 19 48 10 64 227 25 10 36 16 48 25 589 100 26 14 67 32 13 16 83 74
internal_value=-0.00226097 -4.7466 8.16525 15.0499 -1.36825 11.9086 14.1727 31.4946 12.8141 22.8131 5.44827 5.91358 6.45329 7.15905 9.50806 36.8663 8.26607 11.4763 9.37102 -0.633387 -8.45089 4.837 10.0062 3.08005 12.5328 6.75747 15.2224 20.3614 4.44665 6.0971
internal_weight=3420 2166 1254 342 1140 47 330 24 306 64 912 880 832 768 384 20 364 188 172 37 1026 176 76 40 124 57 48 35 384 301
internal_count=3420 2166 1254 342 1140 47 330 24 306 64 912 880 832 768 384 20 364 188 172 37 1026 176 76 40 124 57 48 35 384 301
cat_boundaries=0 1 2 3 4
cat_threshold=8458623 224823424 82 65825
is_linear=0
shrinkage=0.05


Tree=9
num_leaves=31
num_cat=4
split_feature=30 30 30 27 28 28 18 12 10 7 27 4 28 28 12 12 13 27 23 20 28 18 4 27 23 15 27 30 13 15
split_gain=4.82795e+07 9.10523e+06 8.54353e+06 5.89183e+06 2.91513e+06 7.53357e+06 2.09899e+07 3.44478e+06 2.46256e+06 1.80072e+06 1.56109e+06 1.8265e+06 1.35406e+06 5.41374e+06 1.41482e+07 1.89469e+07 1.31044e+06 1.22156e+06 6.32679e+06 3.51035e+06 2.31001e+06 1.18339e+06 1.16306e+06 1.12635e+06 3.60454e+06 1.60024e+06 1.35361e+06 1.07799e+06 1.96983e+06 3.39022e+06
threshold=0 1 2 0.99635443704902704 -0.85421994577343296 -0.78574730703237872 855.51923076923083 642.11538461538464 1333.8135737330228 336.50000000000006 0.99635443704902704 96.500000000000014 -0.85421994577343296 -0.78574730703237872 465.30769230769238 397.07692307692315 440.67234784911705 0.91023613416931248 15.500000000000002 1.2544996051725039 -0.51639395938746235 854.36538461538464 1350.0000000000002 0.95297903005573359 11.500000000000002 557.4038461538463 0.99635443704902704 3 239.18281788807749 214.5192307692308
decision_type=1 1 1 2 2 2 2 2 2 2 2 2 2 2 2 2 2 2 2 2 2 2 2 2 2 2 2 1 2 2
left_child=1 3 -2 4 21 6 -6 -7 22 23 27 -12 16 14 15 -14 -11 20 -19 -20 -15 -1 -9 25 -25 -3 -26 -4 29 -29
right_child=2 9 10 -5 5 7 -8 8 -10 12 11 -13 13 17 -16 -17 -18 18 19 -21 -22 -23 -24 24 26 -27 -28 28 -30 -31
leaf_value=-0.67538995295763016 -8.8806544349335219 2.4060565477923346 -4.5338060574928916 49.130547205607101 98.524092483520477 1.8765167554219564 3.6786654267992294 13.834241068964042 38.991087690989183 -0.1110836936690943 24.65219567905773 1.1259591160398541 9.4446591420607113 8.0682184199641522 0.0070933341979980474 104.53861270904541 7.754160413947158 5.4064836211314722 56.747382278442366 14.852571334838869 -2.1717763426456047 10.427313462479248 29.037462173189439 27.184571690029568 -2.5315222395503003 -7.2625996739256626 14.764918670654296 16.715662453969319 -4.9263693971488323 -0.61204639569735431
leaf_weight=36 798 266 440 11.999999999999998 10.000000000000002 48 13.999999999999998 124 11.999999999999998 123 10.999999999999998 33 11.000000000000002 133 27 9.9999999999999982 93 119 10.000000000000002 9.9999999999999982 94 72 13.999999999999998 18 46 51 14.999999999999998 30 262 478
leaf_count=36 798 266 440 12 10 48 14 124 12 123 11 33 11 133 27 10 93 119 10 10 94 72 14 18 46 51 15 30 262 478
internal_value=-0.00214797 7.24376 -4.84445 14.2974 13.464 16.7418 43.1976 13.535 17.2658 4.77722 -2.22601 7.00752 6.48451 8.15886 23.9473 54.7275 3.27534 6.08824 9.77965 35.8 3.82787 6.72641 15.3766 2.18173 7.52337 0.850531 1.7217 -2.58017 -1.38692 0.411243
internal_weight=3420 1368 2052 342 330 222 24 198 150 1026 1254 44 630 414 48 21 216 366 139 20 227 108 138 396 79 317 61 1210 770 508
internal_count=3420 1368 2052 342 330 222 24 198 150 1026 1254 44 630 414 48 21 216 366 139 20 227 108 138 396 79 317 61 1210 770 508
cat_boundaries=0 1 2 3 4
cat_threshold=75567487 82 839410688 152044032
is_linear=0
shrinkage=0.05


Tree=10
num_leaves=31
num_cat=4
split_feature=30 30 15 23 23 30 28 28 18 12 23 9 28 18 13 10 23 28 16 15 23 18 13 27 28 9 27 30 13 23
split_gain=4.37664e+07 9.96828e+06 6.89497e+06 5.18878e+06 5.98845e+06 3.76829e+06 4.43092e+06 2.16732e+07 2.88058e+07 1.91303e+06 1.05813e+07 1.60853e+06 1.54188e+06 1.53547e+06 1.39091e+06 1.38547e+06 1.42158e+06 1.78498e+06 1.76162e+06 1.37363e+06 2.58268e+06 1.36917e+06 1.32507e+06 1.48375e+06 1.68076e+06 1.51794e+06 1.25193e+06 1.22586e+06 1.21586e+06 1.11685e+06
threshold=0 1 1214.2500000000002 12.500000000000002 17.500000000000004 2 -0.85421994577343296 -0.78574730703237872 784.64423076923083 168.00000000000003 29.500000000000004 47.625000000000007 -0.70581670320594803 835.3557692307694 244.61620228162445 733.89707439195752 29.500000000000004 -0.99635443704902682 465.13964272119068 411.00000000000006 20.500000000000004 854.36538461538464 837.46363738971456 0.91023613416931248 -0.51639395938746235 852.75000000000011 0.91023613416931248 3 556.23983636990476 12.500000000000002
decision_type=1 1 2 2 2 1 2 2 2 2 2 2 2 2 2 2 2 2 2 2 2 2 2 2 2 2 2 1 2 2
left_child=2 9 5 -4 -5 6 21 8 -8 10 26 -3 -9 -14 27 16 17 -7 19 20 -19 -1 23 24 -15 -25 -2 -11 -10 -28
right_child=1 11 3 4 -6 15 7 12 28 14 -12 -13 13 22 -16 -17 -18 18 -20 -21 -22 -23 -24 25 -26 -27 29 -29 -30 -31
leaf_value=-1.4457242442501916 -13.462206306457521 -9.7420908248806448 8.4086424422986585 53.486860729399183 14.184947909249201 -7.4900178273518883 123.37786186218261 19.907219028472902 10.300970101356505 2.5598864699643236 54.964930725097659 -5.8791451034980007 3.9449820712604358 17.978185176849365 -4.0128755638022833 -2.6812215996906161 1.0380849869020525 1.3990661212376183 10.971039374496627 2.4541473591700198 34.668633499145507 8.3052266783184479 3.471547783783504 30.187274647752446 1.5047864723205568 9.4706253732953751 -7.136282593863351 -1.5203715364138286 33.907495899200441 11.095466245923724
leaf_weight=72 14.999999999999998 437 33 21 18 21 9.9999999999999982 32 12.000000000000002 280 9.9999999999999982 703 113 32 306 64 155 14.000000000000002 184 164 9.9999999999999982 72 35 24 30 13.999999999999998 13.999999999999998 494 9.9999999999999982 21
leaf_count=72 15 437 33 21 18 21 10 32 12 280 10 703 113 32 306 64 155 14 184 164 10 72 35 24 30 14 14 494 10 21
internal_value=-0.00400167 -4.00059 7.9545 23.0005 35.3475 7.01464 10.4554 14.0331 53.0145 -0.670458 8.01355 -7.29594 9.57803 8.24523 -1.15911 4.21132 5.09313 6.69245 7.49308 4.08911 15.2614 3.42975 11.8447 14.7753 10.0072 22.5548 -1.37673 -0.0308788 21.0312 3.80277
internal_weight=3420 2280 1140 72 39 1068 456 312 32 1140 60 1140 280 248 1080 612 548 393 372 188 24 144 135 100 62 38 50 774 22 35
internal_count=3420 2280 1140 72 39 1068 456 312 32 1140 60 1140 280 248 1080 612 548 393 372 188 24 144 135 100 62 38 50 774 22 35
cat_boundaries=0 1 2 3 4
cat_threshold=8454527 90609792 113 67375232
is_linear=0
shrinkage=0.05


Tree=11
num_leaves=31
num_cat=4
split_feature=30 30 15 23 23 30 20 28 28 13 12 28 23 9 30 28 27 23 18 7 7 27 23 9 15 6 16 15 7 29
split_gain=3.94976e+07 9.03684e+06 6.22271e+06 4.68287e+06 5.40458e+06 3.41774e+06 3.17779e+06 3.52692e+06 1.41539e+07 3.12201e+06 2.05005e+06 5.61611e+06 5.13095e+06 1.81053e+06 1.74952e+06 1.50136e+06 1.44124e+06 1.36643e+06 1.33303e+06 1.1523e+06 1.08459e+06 969618 963112 938130 930829 919491 1.10152e+06 989622 981732 3.15144e+06
threshold=0 1 1214.2500000000002 12.500000000000002 17.500000000000004 2 1.0887700618753631 -0.85421994577343296 -0.78574730703237872 189.1685591448128 168.00000000000003 -0.85421994577343296 28.500000000000004 458.37500000000006 3 -0.99635443704902682 0.78574730703237894 34.500000000000007 785.72115384615392 19.500000000000004 526.00000000000011 0.91023613416931248 12.500000000000002 658.37500000000011 391.8653846153847 1869.0000000000002 524.0192548085854 609.09615384615392 871.00000000000011 3.5000000000000004
decision_type=1 1 2 2 2 1 2 2 2 2 2 2 2 2 1 2 2 2 2 2 2 2 2 2 2 2 2 2 2 2
left_child=2 -2 5 -4 20 6 7 23 -9 13 11 12 -3 -7 -12 -11 -13 19 -10 -17 -5 -16 -18 -1 -23 26 27 28 -21 -30
right_child=1 10 3 4 -6 9 -8 8 18 15 14 16 -14 -15 21 17 22 -19 -20 25 -22 24 -24 -25 -26 -27 -28 -29 29 -31
leaf_value=-1.0676373248514923 -7.6397721165431554 6.0177758534749337 7.9882106867703531 39.97829562100496 13.475700468487211 31.985960167646411 5.1863540684634994 69.289125605991913 5.4689023751478931 -6.2134740829467781 0.46335163169230031 -19.088715591430667 54.511949615478514 9.420214841365814 -4.2847209366379486 -7.3888886788312123 -6.4250654723103118 -2.1575732883065939 19.291149185288631 4.0763282994913856 62.730162506103511 1.914838201955513 8.6430977185567226 13.06362091700236 -7.1338323714004623 -0.96369064856082842 8.4004221774969903 -3.0061030771674182 4.8136816024780273 36.854358558654788
leaf_weight=23 912 12.000000000000002 33 11.000000000000002 18 15.999999999999998 88 13.999999999999998 26 32 554 9.9999999999999982 9.9999999999999982 20 568 17 19 64 53 246 9.9999999999999982 135 24 24 36 47 314 41 33 9.9999999999999982
leaf_count=23 912 12 33 11 18 16 88 14 26 32 554 10 10 20 568 17 19 64 53 246 10 135 24 24 36 47 314 41 33 10
internal_value=-0.00364963 -3.80034 7.55677 21.8505 33.5801 6.66391 12.101 17.3117 22.9534 4.98472 -1.20385 6.82405 28.0606 19.4494 -1.67881 4.39905 -1.99111 4.83894 14.7421 5.4714 50.8125 -3.24704 1.98507 6.14832 0.00985492 5.78779 6.28052 4.2634 5.29471 12.265
internal_weight=3420 2280 1140 72 39 1068 228 140 93 840 1368 75 22 36 1293 804 53 772 79 708 21 739 43 47 171 691 644 330 289 43
internal_count=3420 2280 1140 72 39 1068 228 140 93 840 1368 75 22 36 1293 804 53 772 79 708 21 739 43 47 171 691 644 330 289 43
cat_boundaries=0 1 2 3 4
cat_threshold=8454527 839411200 80 71602176
is_linear=0
shrinkage=0.05


Tree=12
num_leaves=31
num_cat=3
split_feature=30 30 30 27 28 28 18 10 12 23 23 23 27 8 13 23 16 23 18 21 13 13 3 27 4 23 23 23 13 27
split_gain=3.57371e+07 6.86586e+06 6.42382e+06 4.91381e+06 2.12845e+06 4.69415e+06 1.1066e+07 2.91872e+06 1.65311e+06 1.64115e+06 1.50969e+06 1.53809e+06 2.38943e+06 1.75012e+06 2.90467e+06 2.64456e+06 1.96011e+06 1.71729e+06 1.95121e+06 2.06464e+06 1.50712e+06 1.47375e+06 1.34953e+06 1.34285e+06 1.59476e+06 1.27641e+06 2.06042e+06 1.83861e+06 1.26904e+06 1.24999e+06
threshold=0 1 2 0.99635443704902704 -0.88545602565320969 -0.70581670320594803 844.1538461538463 1032.2674855040616 642.11538461538464 14.500000000000002 9.5000000000000018 21.500000000000004 0.98182534576205316 93.500000000000014 296.02582450533214 20.500000000000004 465.13964272119068 10.500000000000002 963.86538461538476 10.500000000000002 249.65866018605877 333.63960634487205 718.00000000000011 0.99635443704902704 96.500000000000014 16.500000000000004 17.500000000000004 15.500000000000002 912.98358810492607 0.99635443704902704
decision_type=1 1 1 2 2 2 2 2 2 2 2 2 2 2 2 2 2 2 2 2 2 2 2 2 2 2 2 2 2 2
left_child=1 3 -2 4 28 6 21 8 -7 -9 -3 12 13 -12 20 16 -16 -18 19 -19 25 -6 -8 -4 -25 27 -27 -15 -1 -14
right_child=2 10 23 -5 5 7 22 9 -10 -11 11 -13 29 14 15 -17 17 18 -20 -21 -22 -23 -24 24 -26 26 -28 -29 -30 -31
leaf_value=11.42158869319492 -7.6700747299902519 -4.0083448449770609 -2.2277694867939251 44.142863782246906 70.142529144287082 -1.0370336373185003 2.2833670843215219 12.301999546931338 10.618400759880359 36.97317880221776 -4.3422421709350925 2.8019696276303794 -3.4396767753279875 8.5184271784205183 -5.0727679986220142 34.923733425140384 2.3119048670718545 38.273196125030516 0.80600601434707642 17.299194461649115 -0.35286199162083287 42.99709365844727 20.674325796177513 23.151905536651611 1.1687350103349397 -10.49501320334042 9.8761242286018707 27.917486805386012 -0.098419245317870496 7.9711832470364046
leaf_weight=45 798 54 1210 11.999999999999998 10.000000000000002 43 21 13.000000000000002 104 13.999999999999998 23 540 72 38 12.999999999999998 15.999999999999998 19 15.999999999999998 11.999999999999998 44 62 9.9999999999999982 19 10.999999999999998 33 17 46 18 51 36
leaf_count=45 798 54 1210 12 10 43 21 13 104 14 23 540 72 38 13 16 19 16 12 44 62 10 19 11 33 17 46 18 51 36
internal_value=-0.00451634 6.22956 -4.1706 12.3525 11.5709 14.1429 26.2027 9.98432 7.20899 25.0945 4.08903 4.58096 6.80469 8.95161 9.96741 15.9997 13.0883 15.6828 19.2112 22.8923 5.96809 56.5698 11.0191 -1.9006 6.66453 9.26136 4.37915 14.7538 5.30158 0.363943
internal_weight=3420 1368 2052 342 330 234 60 174 147 27 1026 972 432 324 301 120 104 91 72 60 181 20 40 1254 44 119 63 56 96 108
internal_count=3420 1368 2052 342 330 234 60 174 147 27 1026 972 432 324 301 120 104 91 72 60 181 20 40 1254 44 119 63 56 96 108
cat_boundaries=0 1 2 3
cat_threshold=75567487 82 839410688
is_linear=0
shrinkage=0.05


Tree=13
num_leaves=31
num_cat=3
split_feature=30 30 15 30 13 23 27 27 17 17 28 28 18 13 23 23 10 16 12 28 12 9 27 27 16 28 16 27 27 8
split_gain=3.24142e+07 7.96668e+06 4.93862e+06 4.24462e+06 3.91827e+06 4.06914e+06 3.78978e+06 2.31737e+06 4.08569e+06 3.01823e+06 1.77738e+06 4.5023e+06 1.17282e+07 3.40118e+06 1.66183e+06 1.42514e+06 1.30016e+06 1.55858e+06 1.40355e+06 8.60616e+06 1.83594e+06 1.09375e+06 1.07312e+06 3.0807e+06 1.27883e+06 1.02285e+06 964732 835691 805767 844958
threshold=0 1 1264.7692307692312 2 216.1722196911071 30.500000000000004 0.8542199457734333 0.99635443704902704 1.0000000180025095e-35 0.13461538461538466 -0.85421994577343296 -0.70581670320594803 783.21153846153857 979.15118174046131 14.500000000000002 26.500000000000004 733.89707439195752 525.73327618887799 255.11538461538464 -0.85421994577343296 183.2692307692308 759.62500000000011 0.98182534576205316 0.95297903005573359 1108.4029388536717 -0.61559370248597534 345.27968176326323 0.95297903005573359 0.91023613416931248 896.50000000000011
decision_type=1 1 2 1 2 2 2 2 2 2 2 2 2 2 2 2 2 2 2 2 2 2 2 2 2 2 2 2 2 2
left_child=1 2 4 -2 5 -1 -4 9 -9 16 15 12 -12 21 -8 -6 17 18 19 -3 -21 -14 23 24 -19 -26 -13 -22 -28 -30
right_child=3 7 6 -5 10 -7 14 8 -10 -11 11 26 13 -15 -16 -17 -18 22 -20 20 27 -23 -24 -25 25 -27 28 -29 29 -31
leaf_value=7.9555158996582014 -7.291317324532141 51.980298690795898 8.1697070434689518 -2.3631429244738977 -0.095422491431236267 53.061730117797858 26.427986399332674 3.0620172835886481 38.794067668914799 -7.5156695549425327 71.566008148193362 20.444534884966338 2.3199782212575277 39.462259197235113 52.742059771219886 9.0770762372661284 -3.4991353738952329 9.0080985520420409 1.5424909401337308 -6.9297218386332196 2.2001380019717747 18.603460750182471 -8.0852424049377447 33.144439506530766 9.2835809898376436 -11.101017665863038 3.8472331700956119 17.436161846584746 7.7639830928404354 19.795909258898568
leaf_weight=10.000000000000002 798 9.9999999999999982 15.999999999999998 1026 99 9.9999999999999982 12.000000000000002 24 11.999999999999998 76 9.9999999999999982 12.999999999999998 33 9.9999999999999982 11.999999999999998 74 74 116 600 30 18 14.999999999999998 9.9999999999999982 11.999999999999998 10.000000000000002 15.999999999999998 136 18 103 17
leaf_count=10 798 10 16 1026 99 10 12 24 12 76 10 13 33 10 12 74 74 116 600 30 18 15 10 12 10 16 136 18 103 17
internal_value=-0.00541189 5.18125 9.90397 -4.54722 8.79914 30.5086 27.0189 2.48725 14.9727 2.05836 7.94779 10.0627 21.5573 12.9351 39.585 3.82807 2.85445 3.41417 2.35334 8.7548 2.20548 7.40857 7.78683 8.81748 6.76168 -3.26079 7.15696 9.81815 6.4822 9.46851
internal_weight=3420 1596 570 1824 530 20 40 1026 36 990 510 337 68 58 24 173 914 840 676 76 66 48 164 154 142 26 269 36 256 120
internal_count=3420 1596 570 1824 530 20 40 1026 36 990 510 337 68 58 24 173 914 840 676 76 66 48 164 154 142 26 269 36 256 120
cat_boundaries=0 1 2 3
cat_threshold=75960703 115 839410688
is_linear=0
shrinkage=0.05


Tree=14
num_leaves=31
num_cat=3
split_feature=30 30 15 23 23 30 13 23 28 28 8 13 17 23 23 16 9 28 23 10 16 18 7 12 23 23 27 23 23 16
split_gain=2.92718e+07 6.94884e+06 4.74094e+06 3.63269e+06 4.36103e+06 2.57667e+06 3.42441e+06 3.6724e+06 1.94848e+06 7.14665e+06 8.89544e+06 1.51661e+06 2.1301e+06 8.27975e+06 3.03336e+06 1.27348e+06 1.19293e+06 1.11212e+06 1.32474e+06 1.38978e+06 1.15324e+06 1.02346e+06 980565 956590 919371 4.52931e+06 1.34643e+06 1.15095e+06 898049 837583
threshold=0 1 1214.2500000000002 12.500000000000002 17.500000000000004 2 216.1722196911071 30.500000000000004 -0.85421994577343296 -0.78574730703237872 670.00000000000011 244.61620228162445 0.057692307692307702 29.500000000000004 13.500000000000002 345.27968176326323 44.750000000000007 -0.99635443704902682 29.500000000000004 957.48279929077114 489.4972710645913 854.36538461538464 526.00000000000011 387.0384615384616 21.500000000000004 20.500000000000004 0.91023613416931248 14.500000000000002 33.500000000000007 702.87201302342919
decision_type=1 1 2 2 2 1 2 2 2 2 2 2 2 2 2 2 2 2 2 2 2 2 2 2 2 2 2 2 2 2
left_child=2 11 5 -4 22 6 7 -1 21 10 -10 12 -2 14 -14 -11 -3 -7 19 20 24 -8 -5 -20 25 26 -19 -28 -13 -23
right_child=1 16 3 4 -6 17 8 -9 9 15 -12 28 13 -15 -16 -17 -18 18 23 -21 -22 29 -24 -25 -26 -27 27 -29 -30 -31
leaf_value=7.5577405166625953 0.10001725897824676 -8.1885753089217772 6.7682160348603224 34.486609614979123 11.249084324306914 -7.0863181908925377 -1.5846193249478486 50.408642959594729 71.954090652465808 20.85278772466323 13.137941462132666 -4.0579116785607372 16.446000289916988 50.978779296875004 -20.84059441884359 6.7155695358342804 -4.838836397998513 -2.1583333424159461 11.770766367018224 -5.1658052543113975 9.0735700064832407 10.612580511093141 56.119842300415044 -1.0822732530534267 -1.4695549003539548 35.226486078898112 4.311677889801838 19.229501253015854 9.8966602325439457 -1.0946416334672409
leaf_weight=10.000000000000002 802 422 33 11.000000000000002 18 24 66 9.9999999999999982 10.000000000000002 17 18 294 10.000000000000002 9.9999999999999982 11.999999999999998 253 718 63 15.999999999999998 29 183 50 9.9999999999999982 152 62 11.999999999999998 54 17 11.999999999999998 22
leaf_count=10 802 422 33 11 18 24 66 10 10 17 18 294 10 10 12 253 718 63 16 29 183 50 10 152 62 12 54 17 12 22
internal_value=-0.00655273 -3.275 6.50204 18.9776 29.3086 5.72187 8.56478 28.9832 7.82459 10.0992 34.1437 -0.495558 0.604766 13.255 -3.89214 7.60569 -6.02597 3.40799 3.89429 5.39528 6.17858 2.91277 44.7881 0.141826 3.63155 5.79777 3.16237 7.88355 -3.51067 7.03537
internal_weight=3420 2280 1140 72 39 1068 456 20 436 298 28 1140 834 32 22 270 1140 612 588 420 391 138 21 168 208 146 134 71 306 72
internal_count=3420 2280 1140 72 39 1068 456 20 436 298 28 1140 834 32 22 270 1140 612 588 420 391 138 21 168 208 146 134 71 306 72
cat_boundaries=0 1 2 3
cat_threshold=8454527 90609792 113
is_linear=0
shrinkage=0.05


Tree=15
num_leaves=31
num_cat=3
split_feature=30 30 15 30 13 23 27 27 17 17 28 28 18 13 23 23 27 27 19 15 28 25 28 15 13 13 23 17 16 18
split_gain=2.66221e+07 6.44712e+06 4.03384e+06 3.47365e+06 3.19032e+06 3.31434e+06 3.14989e+06 2.03601e+06 3.59907e+06 2.56105e+06 1.44815e+06 3.74923e+06 1.02453e+07 2.99077e+06 1.39685e+06 1.25046e+06 1.16966e+06 2.84888e+06 4.33185e+06 1.63429e+06 7.21232e+06 1.84146e+06 1.26165e+06 1.21438e+06 1.32827e+06 1.33373e+06 1.441e+06 1.03006e+06 1.02218e+06 874621
threshold=0 1 1264.7692307692312 2 216.1722196911071 30.500000000000004 0.8542199457734333 0.99635443704902704 1.0000000180025095e-35 0.13461538461538466 -0.85421994577343296 -0.70581670320594803 783.21153846153857 979.15118174046131 14.500000000000002 26.500000000000004 0.98182534576205316 0.95297903005573359 -46.749999999999993 258.46153846153851 -0.88545602565320969 0.70581670320594825 -0.46472317204376873 569.26923076923083 440.67234784911705 689.48080095426246 28.500000000000004 1.0000000180025095e-35 868.29259384067643 769.97115384615392
decision_type=1 1 2 1 2 2 2 2 2 2 2 2 2 2 2 2 2 2 2 2 2 2 2 2 2 2 2 2 2 2
left_child=1 2 4 -2 5 -1 -4 9 -9 16 15 12 -12 28 -8 -6 17 19 -19 20 -3 -22 23 24 -21 -26 -27 -18 -14 -13
right_child=3 7 6 -5 10 -7 14 8 -10 -11 11 29 13 -15 -16 -17 27 18 -20 22 21 -23 -24 -25 25 26 -28 -29 -30 -31
leaf_value=7.1798533916473364 -6.6048413601399645 48.986927795410161 7.2267730116844184 -2.1462812296154419 -0.21731321480539112 47.888213272094731 23.804801559448237 2.7935911377271019 36.330270195007323 -6.9516795398373352 66.315048632621767 0.15653977808745012 10.78062684399741 36.391422653198241 47.929933484395349 8.3746856228725335 -0.2553956982990106 41.789279868386011 7.3096602997689875 2.1359245490015977 -17.154847478866579 7.8407844168799263 -2.2140385556368183 -3.3919697087151661 12.980978960882533 -7.513023515181108 8.3494069384365552 -14.904472970962525 -5.6384122995229866 7.7287860322960826
leaf_weight=10.000000000000002 798 9.9999999999999982 15.999999999999998 1026 99 9.9999999999999982 12.000000000000002 24 11.999999999999998 76 9.9999999999999982 46 35 9.9999999999999982 11.999999999999998 74 48 10.999999999999998 53 377 9.9999999999999982 28 162 70 66 22 41 15.999999999999998 12.999999999999998 223
leaf_count=10 798 10 16 1026 99 10 12 24 12 76 10 46 35 10 12 74 48 11 53 377 10 28 162 70 66 22 41 16 13 223
internal_value=-0.00622512 4.69425 8.94336 -4.12228 7.94472 27.534 24.4111 2.2701 13.9725 1.86749 7.17651 9.08548 19.5748 11.5162 35.8674 3.45788 2.60081 3.09161 13.2358 2.26562 11.2055 1.26299 1.68417 2.78054 3.63444 8.01383 2.81015 -3.91767 6.3338 6.4339
internal_weight=3420 1596 570 1824 530 20 40 1026 36 990 510 337 68 58 24 173 914 850 64 786 48 38 738 576 506 129 63 64 48 269
internal_count=3420 1596 570 1824 530 20 40 1026 36 990 510 337 68 58 24 173 914 850 64 786 48 38 738 576 506 129 63 64 48 269
cat_boundaries=0 1 2 3
cat_threshold=75960703 115 839410688
is_linear=0
shrinkage=0.05


Tree=16
num_leaves=31
num_cat=3
split_feature=30 30 16 27 23 30 20 28 28 13 10 13 23 18 9 3 23 12 23 23 10 15 28 23 15 23 23 28 27 23
split_gain=2.40622e+07 6.45173e+06 4.77121e+06 2.49164e+06 3.63084e+06 1.77304e+06 2.38284e+06 2.47665e+06 1.04252e+07 1.94378e+06 1.22482e+06 1.31025e+06 1.21904e+06 1.20236e+06 1.09784e+06 1.0218e+06 1.01802e+06 1.17734e+06 8.00287e+06 1.64029e+06 1.47352e+06 1.21959e+06 997237 2.1408e+06 2.94808e+06 1.14392e+06 923148 869578 859371 1.53962e+06
threshold=0 1 1681.1010157172266 0.8542199457734333 12.500000000000002 2 1.0887700618753631 -0.85421994577343296 -0.78574730703237872 189.1685591448128 338.32457935920468 561.88223898159515 34.500000000000007 785.72115384615392 458.37500000000006 12.500000000000002 10.500000000000002 168.00000000000003 29.500000000000004 11.500000000000002 119.78029052194229 341.90384615384625 -0.95297903005573326 26.500000000000004 467.01923076923083 34.500000000000007 10.500000000000002 -0.98182534576205283 0.98182534576205316 16.500000000000004
decision_type=1 1 2 2 2 1 2 2 2 2 2 2 2 2 2 2 2 2 2 2 2 2 2 2 2 2 2 2 2 2
left_child=2 10 5 -4 -5 6 7 27 -9 14 11 16 -12 -10 -7 -3 -2 18 21 20 -19 -18 23 -11 -25 26 -24 -1 29 -28
right_child=1 15 3 4 -6 9 -8 8 13 22 12 -13 -14 -15 -16 -17 17 19 -20 -21 -22 -23 25 24 -26 -27 28 -29 -30 -31
leaf_value=15.101065226963588 -4.8133323616981514 -7.6580847919786272 5.4772445089676802 10.213932088216147 42.756120481491088 25.41204311847687 3.5143785327334296 58.508557735968921 2.8875768762368423 -5.0886611700057989 -5.8996555552966363 9.437367549538612 9.5848543167114268 16.014918249957969 7.840244865417481 -4.4676271739808024 -12.199379288449007 1.6807662963867189 47.964745483398445 -0.35703168635765259 21.821669673919679 5.4617688013159711 -0.42001405134797098 -5.2427039184570319 17.834496525795227 -2.1166456795164517 14.229997111123707 0.22965478897094727 0.90463138511686625 5.6895463291498336
leaf_weight=13.999999999999998 100 373 17 14.999999999999998 20 15.999999999999998 88 13.999999999999998 26 84 138 38 13.999999999999998 53 20 767 17 21 9.9999999999999982 877 15.999999999999998 23 60 25 31 56 63 33 66 325
leaf_count=14 100 373 17 15 20 16 88 14 26 84 138 38 14 53 20 767 17 21 10 877 16 23 60 25 31 56 63 33 66 325
internal_value=-0.00719327 -2.75233 6.36294 21.1816 28.8095 5.63713 9.54305 14.0141 18.7418 4.25836 -0.263824 0.314421 -4.47345 11.6945 15.6499 -5.4636 -0.011399 0.486727 7.95757 0.0780372 10.3903 -2.04422 3.74073 -0.0403267 7.53217 4.66941 5.40875 4.65944 6.17907 7.07627
internal_weight=3420 2394 1026 52 35 974 228 140 93 746 1254 1102 152 79 36 1140 1064 964 50 914 37 40 710 140 56 570 514 47 454 388
internal_count=3420 2394 1026 52 35 974 228 140 93 746 1254 1102 152 79 36 1140 1064 964 50 914 37 40 710 140 56 570 514 47 454 388
cat_boundaries=0 1 2 3
cat_threshold=8454523 90609796 80
is_linear=0
shrinkage=0.05


Tree=17
num_leaves=31
num_cat=4
split_feature=30 30 27 30 27 16 14 13 23 12 28 28 5 23 23 27 30 23 15 10 16 18 27 6 17 8 10 8 2 18
split_gain=2.18812e+07 4.28721e+06 4.11558e+06 3.88561e+06 1.6619e+06 2.49564e+06 2.35757e+06 1.79487e+06 2.96908e+06 1.6207e+06 7.31665e+06 1.65144e+06 1.18342e+06 1.13234e+06 1.15326e+06 1.93863e+06 1.37334e+06 3.31451e+06 1.42194e+06 1.32436e+06 1.03375e+06 1.00452e+06 885620 996270 940473 817343 797570 1.10862e+06 753471 697299
threshold=0 1 0.99635443704902704 2 0.98182534576205316 914.42243448379065 1.0000000180025095e-35 330.10503337881818 21.500000000000004 171.23076923076925 -0.85421994577343296 -0.40966402954315212 728.50000000000011 9.5000000000000018 21.500000000000004 0.98182534576205316 3 20.500000000000004 1030.7500000000002 338.32457935920468 740.80007756006705 477.27884615384625 0.99635443704902704 251.50000000000003 1.0000000180025095e-35 596.50000000000011 87.640045618657922 811.50000000000011 13.500000000000002 940.87500000000011
decision_type=1 1 2 1 2 2 2 2 2 2 2 2 2 2 2 2 1 2 2 2 2 2 2 2 2 2 2 2 2 2
left_child=1 2 4 9 6 -6 7 8 -1 10 -2 -12 -8 -3 15 16 17 20 19 -18 21 -15 24 -24 -17 -10 27 -16 -5 -22
right_child=3 13 -4 28 5 -7 12 -9 25 -11 11 -13 -14 14 26 22 18 -19 -20 -21 29 -23 23 -25 -26 -27 -28 -29 -30 -31
leaf_value=34.572228384017947 45.944268341064458 -3.8353376503343939 38.755029487609868 -7.2818907195234051 13.803873998468569 -18.555358461233286 32.036917518166931 6.3718768066029217 -1.6253927558660508 -1.5078249805794308 -19.616059045791634 4.1699059415746609 10.989526852694425 11.620160774654813 4.1644011815298692 -0.41953200825623105 5.8207409328884552 37.912909444173174 23.037945098876953 -3.9611652753569864 26.867543587317829 -0.57892548960668078 19.542755584716801 0.97227321221278273 -14.164871406555177 13.496166221754891 1.3397811183150676 20.938040749231973 -4.4666386528249173 9.7627828272906214
leaf_weight=15.999999999999998 9.9999999999999982 54 11.999999999999998 374 11.000000000000002 12.999999999999998 17.000000000000004 215 11.999999999999998 979 9.9999999999999947 27.000000000000004 10.999999999999998 45 55 56 162 11.999999999999998 9.9999999999999982 44 13.000000000000002 27 9.9999999999999982 26 15.999999999999998 35 473 11.999999999999998 652 10.999999999999998
leaf_count=16 10 54 12 374 11 13 17 215 12 979 10 27 11 45 55 56 162 12 10 44 13 27 10 26 16 35 473 12 652 11
internal_value=-0.0068336 4.87126 9.70786 -3.26672 8.94577 -3.72404 9.93949 8.54666 15.9685 -1.06206 7.99722 -2.25873 23.7683 3.18092 3.60343 5.52899 7.4628 12.0246 4.42057 3.7314 10.0411 7.0455 -0.272454 6.13074 -3.47405 9.63534 2.06299 7.16864 -5.43984 19.0279
internal_weight=3420 1368 342 2052 330 24 306 278 63 1026 47 37 28 1026 972 432 324 108 216 206 96 72 108 36 72 47 540 67 1026 24
internal_count=3420 1368 342 2052 330 24 306 278 63 1026 47 37 28 1026 972 432 324 108 216 206 96 72 108 36 72 47 540 67 1026 24
cat_boundaries=0 1 2 3 4
cat_threshold=75567487 82 157714560 65793
is_linear=0
shrinkage=0.05


Tree=18
num_leaves=31
num_cat=3
split_feature=30 30 27 30 27 16 16 27 13 23 27 4 21 7 10 23 5 20 5 23 19 14 23 23 23 23 16 8 15 8
split_gain=1.97478e+07 3.86921e+06 3.71431e+06 3.54054e+06 1.49986e+06 2.25231e+06 2.13269e+06 2.87401e+06 1.78205e+06 2.67959e+06 1.08741e+06 1.1686e+06 1.03836e+06 1.03624e+06 918840 1.43991e+06 871871 825739 918739 2.53999e+06 1.30373e+06 1.16402e+06 895116 747708 1.10405e+06 1.75843e+06 1.25774e+06 846464 847521 737652
threshold=0 1 0.99635443704902704 2 0.98182534576205316 914.42243448379065 1681.1010157172266 0.8542199457734333 330.10503337881818 21.500000000000004 0.99635443704902704 96.500000000000014 10.500000000000002 828.50000000000011 103.2688344796605 15.500000000000002 396.50000000000006 1.7149687298496086 43.500000000000007 29.500000000000004 -68.124999999999986 1.0000000180025095e-35 33.500000000000007 9.5000000000000018 11.500000000000002 10.500000000000002 465.13964272119068 321.50000000000006 569.26923076923083 596.50000000000011
decision_type=1 1 2 1 2 2 2 2 2 2 2 2 2 2 2 2 2 2 2 2 2 2 2 2 2 2 2 2 2 2
left_child=1 2 4 -2 6 -6 8 -8 9 -1 17 -12 -9 23 15 -15 -17 18 19 21 -21 -5 -19 -3 25 -25 -27 28 -26 -11
right_child=3 13 -4 10 5 -7 7 12 -10 29 11 -13 -14 14 -16 16 -18 22 -20 20 -22 -23 -24 24 27 26 -28 -29 -30 -31
leaf_value=32.843619585037231 -5.701481367972228 -3.8089023356636371 36.817277415593466 4.460244664278898 13.113680527426977 -17.627590575585 4.6175883426385766 20.633040792291808 5.5439481950745799 -1.5441233014067015 20.405470405925406 1.5873432275020716 41.90072468519211 -0.68692323366800956 4.679241816682377 10.165483882210468 29.291902527327721 -8.6784014402956213 -1.6992067854017465 5.5987159061431875 30.543364230069251 -13.26412096619606 7.3281813049316415 0.72642753326123766 1.1959081223218337 7.4693799877166729 27.944898783365886 3.4635832886829556 -6.046538954365011 12.821358156885422
leaf_weight=15.999999999999998 798 48 11.999999999999998 22 11.000000000000002 12.999999999999998 17 11.000000000000002 203 11.999999999999998 10.999999999999998 33 11.999999999999998 11.999999999999998 174 11.000000000000002 12.999999999999998 69 1072 10.000000000000002 10.999999999999998 15.999999999999998 9.9999999999999982 31 230 15.000000000000002 14.999999999999998 428 49 35
leaf_count=16 798 48 12 22 11 13 17 11 203 12 11 33 12 12 174 11 13 69 1072 10 11 16 10 31 230 15 15 428 49 35
internal_value=-0.00649192 4.6277 9.22247 -3.10338 8.49849 -3.53784 9.44251 20.2068 7.82383 15.1701 -1.41802 6.29188 31.7292 3.02187 6.18362 13.4548 20.5256 -1.71009 -1.36489 4.70955 18.665 -3.00265 -6.65225 2.24522 2.6236 9.0776 17.7071 2.06675 -0.0760629 9.15358
internal_weight=3420 1368 342 2052 330 24 306 40 266 63 1254 44 23 1026 210 36 24 1210 1131 59 21 38 79 816 768 61 30 707 279 47
internal_count=3420 1368 342 2052 330 24 306 40 266 63 1254 44 23 1026 210 36 24 1210 1131 59 21 38 79 816 768 61 30 707 279 47
cat_boundaries=0 1 2 3
cat_threshold=75567487 82 839410688
is_linear=0
shrinkage=0.05


Tree=19
num_leaves=31
num_cat=3
split_feature=30 30 15 23 23 30 20 28 28 13 13 17 23 23 18 28 23 29 7 9 28 23 7 6 23 23 23 13 18 16
split_gain=1.78957e+07 4.25992e+06 3.08917e+06 2.51132e+06 2.84478e+06 1.58317e+06 2.1688e+06 2.02336e+06 9.24511e+06 1.70319e+06 1.17219e+06 1.24832e+06 6.63348e+06 2.82011e+06 1.16808e+06 1.0608e+06 984128 928982 892116 804579 764292 739785 731484 697606 695512 671318 879420 1.77174e+06 803775 646602
threshold=0 1 1214.2500000000002 12.500000000000002 17.500000000000004 2 1.0887700618753631 -0.85421994577343296 -0.78574730703237872 189.1685591448128 244.61620228162445 0.057692307692307702 29.500000000000004 13.500000000000002 785.72115384615392 -0.99635443704902682 34.500000000000007 2.5000000000000004 526.00000000000011 44.750000000000007 -0.98182534576205283 10.500000000000002 19.500000000000004 1869.0000000000002 33.500000000000007 10.500000000000002 11.500000000000002 162.79135003760777 323.0384615384616 524.0192548085854
decision_type=1 1 2 2 2 1 2 2 2 2 2 2 2 2 2 2 2 2 2 2 2 2 2 2 2 2 2 2 2 2
left_child=2 10 5 -4 18 6 7 20 -9 17 11 25 13 -13 -10 -11 22 -7 -5 -3 -1 -16 -17 29 -12 -2 27 -27 -28 -24
right_child=1 19 3 4 -6 9 -8 8 14 15 24 12 -14 -15 21 16 -18 -19 -20 -21 -22 -23 23 -25 -26 26 28 -29 -30 -31
leaf_value=13.703669078009469 -4.2760477891093807 -6.4905025559014051 4.9995240760572033 26.417059577595097 9.1547589805391105 22.02265764358971 2.3528793365101923 54.091613272258215 1.3262205527378965 -6.0462092906236649 -3.5182716059035997 14.527681045532223 44.031361389160161 -21.424349594116212 2.0155163800716402 -6.4655230129466332 -2.6935214389115574 5.9587090518739494 47.051563758850101 -3.7395162418858257 -0.23840807712439338 17.113765603442527 2.9166710643966995 -1.8477810773443668 8.7623004913330078 -4.5732039587838313 -2.2250340466105611 19.142946688334145 1.4409053335169784 6.0863097662379033
leaf_weight=13.999999999999998 76 422 33 11.000000000000002 18 18 88 13.999999999999998 26 32 294 10.000000000000002 9.9999999999999982 11.999999999999998 9.9999999999999982 17 64 18 9.9999999999999982 718 33 43 330 47 11.999999999999998 13.999999999999998 218 18 476 314
leaf_count=14 76 422 33 11 18 18 88 14 26 32 294 10 10 12 10 17 64 18 10 718 33 43 330 47 12 14 218 18 476 314
internal_value=-0.00700091 -2.56258 5.08206 15.151 23.7407 4.45084 8.14642 12.37 16.6431 3.31135 -0.386386 0.581391 10.2656 -5.08252 10.0067 2.87435 3.24412 13.9907 36.243 -4.71649 3.91455 14.265 3.78085 4.03293 -3.03668 0.19499 0.663033 8.76713 0.289357 4.46212
internal_weight=3420 2280 1140 72 39 1068 228 140 93 840 1140 834 32 22 79 804 772 36 21 1140 47 53 708 691 306 802 726 32 694 644
internal_count=3420 2280 1140 72 39 1068 228 140 93 840 1140 834 32 22 79 804 772 36 21 1140 47 53 708 691 306 802 726 32 694 644
cat_boundaries=0 1 2 3
cat_threshold=8454527 90609792 80
is_linear=0
shrinkage=0.05


Tree=20
num_leaves=31
num_cat=4
split_feature=30 30 27 30 27 16 16 27 13 23 23 23 23 10 19 30 13 23 23 16 12 23 9 27 12 21 7 16 10 29
split_gain=1.62639e+07 3.47671e+06 3.24029e+06 2.52827e+06 1.37847e+06 2.0732e+06 1.79789e+06 2.47201e+06 1.53917e+06 2.35866e+06 1.04022e+06 1.40245e+06 2.2818e+06 2.17395e+06 1.46753e+06 1.12548e+06 1.72041e+06 1.27921e+06 1.44219e+06 3.50511e+06 869778 1.41471e+06 1.34601e+06 854393 1.19162e+06 803070 775412 732298 727665 726043
threshold=0 1 0.99635443704902704 2 0.98182534576205316 914.42243448379065 1681.1010157172266 0.8542199457734333 330.10503337881818 21.500000000000004 9.5000000000000018 11.500000000000002 10.500000000000002 119.78029052194229 26.250000000000004 3 189.1685591448128 21.500000000000004 20.500000000000004 506.91435738486075 490.96153846153851 15.500000000000002 530.12500000000011 0.99635443704902704 174.88461538461542 10.500000000000002 717.00000000000011 560.92466707053109 338.32457935920468 2.5000000000000004
decision_type=1 1 2 1 2 2 2 2 2 2 2 2 2 2 2 1 2 2 2 2 2 2 2 2 2 2 2 2 2 2
left_child=1 2 4 -2 6 -6 8 -8 9 -1 -3 12 -12 -14 -15 16 29 18 20 -20 -18 -22 -23 -5 -25 -9 -19 -28 -17 -13
right_child=3 10 -4 23 5 -7 7 25 -10 -11 11 15 13 14 -16 28 17 26 19 -21 21 22 -24 24 -26 -27 27 -29 -30 -31
leaf_value=30.462726163864136 -5.4594083559873816 -3.844194320042928 34.085317357381186 -1.9117099346306698 12.071972413496534 -17.421671632620004 3.965634699428783 19.351413206620645 4.9351920083238578 8.2365893987265046 0.84566293805837633 25.896324141820266 -0.071182024230559679 36.812005288260316 13.918367808205742 1.7127455046934674 2.318753356030844 -0.27945125500361123 40.311831779479974 -1.5517111968994142 -0.97184246154058551 30.926767883300784 10.058794888328103 20.353589896857741 0.71881747570107968 38.054947829246522 10.95226952961513 1.4828924548869231 -2.8478979277399787 8.503279087940852
leaf_weight=15.999999999999998 684 60 11.999999999999998 1210 11.000000000000002 12.999999999999998 17 11.000000000000002 203 47 40 12.000000000000002 11.999999999999998 14.000000000000002 13.999999999999998 387 103 204 10.000000000000002 9.9999999999999982 21 9.9999999999999982 34 9.9999999999999982 34 11.999999999999998 35 49 113 11.999999999999998
leaf_count=16 684 60 12 1210 11 13 17 11 203 47 40 12 12 14 14 387 103 204 10 10 21 10 34 10 34 12 35 49 113 12
internal_value=-0.00665083 3.92177 8.32001 -3.01541 7.63521 -3.90375 8.54022 18.4235 7.05401 13.8813 2.54142 2.91971 9.28997 17.7343 25.3652 2.41009 4.057 3.47957 6.68772 19.3801 5.17672 9.70551 14.8015 -1.64968 5.18127 29.1098 1.38536 5.42847 0.668667 17.1998
internal_weight=3420 1482 342 1938 330 24 306 40 266 63 1140 1080 80 40 28 1000 500 476 188 20 168 65 44 1254 44 23 288 84 500 24
internal_count=3420 1482 342 1938 330 24 306 40 266 63 1140 1080 80 40 28 1000 500 476 188 20 168 65 44 1254 44 23 288 84 500 24
cat_boundaries=0 1 2 3 4
cat_threshold=75829631 82 839409664 8454433
is_linear=0
shrinkage=0.05


Tree=21
num_leaves=31
num_cat=4
split_feature=30 30 15 13 23 30 27 10 23 28 12 27 27 12 23 15 18 23 23 27 30 23 27 18 17 2 23 23 23 18
split_gain=1.47017e+07 3.50639e+06 2.6001e+06 2.30752e+06 3.13701e+06 1.96549e+06 1.94491e+06 1.03113e+06 987179 887954 887836 1.09619e+06 1.13662e+06 796090 2.09129e+06 958522 1.27545e+06 1.63163e+06 974433 737848 766296 694315 662943 1.97794e+06 1.4009e+06 945980 3.46199e+06 961896 603758 1.86037e+06
threshold=0 1 1264.7692307692312 216.1722196911071 30.500000000000004 2 0.8542199457734333 670.26566686205172 34.500000000000007 -0.99635443704902682 510.50000000000006 0.95297903005573359 0.98182534576205316 548.50000000000011 20.500000000000004 557.4038461538463 446.94230769230774 33.500000000000007 22.500000000000004 0.91023613416931248 3 14.500000000000002 0.99635443704902704 409.07692307692315 0.13461538461538466 47.500000000000007 29.500000000000004 21.500000000000004 15.500000000000002 374.6634615384616
decision_type=1 1 2 2 2 1 2 2 2 2 2 2 2 2 2 2 2 2 2 2 1 2 2 2 2 2 2 2 2 2
left_child=1 2 3 4 -1 -2 -4 22 9 -5 11 -11 -13 14 -12 18 -17 -18 -15 20 -7 -8 24 -24 25 26 27 -3 -21 -30
right_child=5 7 6 8 -6 19 21 -9 -10 10 13 12 -14 15 -16 16 17 -19 -20 28 -22 -23 23 -25 -26 -27 -28 -29 29 -31
leaf_value=2.4235524177551264 -5.1903711848454792 7.2244858060564301 5.1425793051719673 -3.8686839550733567 42.027914314270021 -0.58663023624379762 19.143440310160312 -4.4916482722058015 -1.9169911978766323 -2.7708966721748487 2.8202211558818813 17.82254176420324 1.3182376084504304 4.7832067762102399 29.819052248734693 -11.951648750305177 5.4281922146101689 21.277893560072954 22.371376323699952 -0.49105220644424358 -3.6899081736349788 36.152200412750247 21.217431879043573 -4.5169483082635065 -5.7135156822204598 1.8224251862142542 30.801933464637173 -13.079240760803224 -1.3382031440734865 21.683981880774866
leaf_weight=10.000000000000002 684 14.000000000000002 15.999999999999998 24 9.9999999999999982 344 12.000000000000002 68 48 58 16.000000000000004 17 27 13.999999999999998 12.999999999999998 9.9999999999999982 362 17 18 240 516 11.999999999999998 16.000000000000004 13.999999999999998 60 717 12.999999999999998 9.9999999999999982 27 12.999999999999998
leaf_count=10 684 14 16 24 10 344 12 68 48 58 16 17 27 14 13 10 362 17 18 240 516 12 16 14 60 717 13 10 27 13
internal_value=-0.00711644 3.48595 6.18585 5.50799 22.2257 -3.06585 18.6457 1.41589 4.97217 5.54627 5.95561 1.74376 7.6949 6.9103 14.9231 6.35834 5.67407 6.13913 14.6766 -1.75709 -2.49832 27.6478 1.90863 9.20805 1.63961 2.22474 10.021 -1.2354 0.456813 6.14401
internal_weight=3420 1596 684 644 20 1824 40 912 624 576 552 102 44 450 29 421 389 379 32 1140 860 24 844 30 814 754 37 24 280 40
internal_count=3420 1596 684 644 20 1824 40 912 624 576 552 102 44 450 29 421 389 379 32 1140 860 24 844 30 814 754 37 24 280 40
cat_boundaries=0 1 2 3 4
cat_threshold=75960703 65651 839409664 6326272
is_linear=0
shrinkage=0.05


Tree=22
num_leaves=31
num_cat=3
split_feature=30 30 15 23 23 30 20 28 28 13 18 13 17 28 23 28 23 7 29 9 1 23 23 8 18 23 28 27 28 28
split_gain=1.33247e+07 3.19326e+06 2.3754e+06 2.03927e+06 2.16509e+06 1.2357e+06 1.89631e+06 1.76386e+06 8.17537e+06 1.26672e+06 1.0833e+06 999629 1.04782e+06 6.62608e+06 2.67556e+06 895564 816055 811086 799587 754392 659592 648352 618512 610910 598431 709832 705462 634333 588155 1.53347e+06
threshold=0 1 1214.2500000000002 12.500000000000002 17.500000000000004 2 1.0887700618753631 -0.85421994577343296 -0.78574730703237872 189.1685591448128 785.72115384615392 244.61620228162445 0.057692307692307702 -0.85421994577343296 13.500000000000002 -0.99635443704902682 34.500000000000007 526.00000000000011 2.5000000000000004 658.37500000000011 13.500000000000002 10.500000000000002 33.500000000000007 35.500000000000007 301.7403846153847 10.500000000000002 -0.85421994577343296 0.98182534576205316 -0.40966402954315212 -0.51639395938746235
decision_type=1 1 2 2 2 1 2 2 2 2 2 2 2 2 2 2 2 2 2 2 2 2 2 2 2 2 2 2 2 2
left_child=2 11 5 -4 17 6 7 19 -9 18 -10 12 24 -14 -15 -11 23 -5 -7 -1 -3 -12 -13 -17 -2 -26 -27 28 29 -28
right_child=1 20 3 4 -6 9 -8 8 10 15 21 22 13 14 -16 16 -18 -19 -20 -21 -22 -23 -24 -25 25 26 27 -29 -30 -31
leaf_value=-3.3512698049130649 -4.3502692482688214 -5.8628852448746809 4.0641374299020478 22.49021489403464 8.2276639408535441 19.487501870261298 1.6474933240901342 50.219274329287664 0.40370666063748878 -5.7472729414701469 1.3965713024139406 -3.2306102940419907 43.184091033935545 13.198632202148435 -21.819912703831992 -5.3366768562793734 -2.618005539290607 42.165310287475592 4.5842325627803806 9.3208127280076347 -3.286865416005524 15.531032253975093 8.350239562988282 3.5280629896325992 -3.9561781067597241 -1.2379935716565753 3.8798385531474384 -1.4862367100185818 6.2136378003018251 -5.7837175295903132
leaf_weight=23 66 366 33 11.000000000000002 18 18 88 13.999999999999998 26 32 9.9999999999999982 294 9.9999999999999982 10.000000000000002 11.999999999999998 20 64 9.9999999999999982 18 24 774 43 11.999999999999998 688 76 211 195 90 112 52
leaf_count=23 66 366 33 11 18 18 88 14 26 32 10 294 10 10 12 20 64 10 18 24 774 43 12 688 76 211 195 90 112 52
internal_value=-0.00814468 -2.21331 4.38315 13.2119 20.9524 3.82899 7.08809 11.0142 15.0039 2.82635 8.76325 -0.329244 0.564707 9.43713 -5.90239 2.44914 2.78889 31.8593 12.0359 3.11958 -4.07813 12.8642 -2.77646 3.27765 0.210695 0.619695 1.14661 2.26722 3.2082 1.84541
internal_weight=3420 2280 1140 72 39 1068 228 140 93 840 79 1140 834 32 22 804 772 21 36 47 1140 53 306 708 802 736 660 449 359 247
internal_count=3420 2280 1140 72 39 1068 228 140 93 840 79 1140 834 32 22 804 772 21 36 47 1140 53 306 708 802 736 660 449 359 247
cat_boundaries=0 1 2 3
cat_threshold=8454527 90609792 80
is_linear=0
shrinkage=0.05


Tree=23
num_leaves=31
num_cat=4
split_feature=30 30 27 30 27 16 16 27 9 20 28 28 27 17 17 16 23 23 23 19 28 13 23 15 28 16 23 15 30 12
split_gain=1.2066e+07 2.89395e+06 2.12962e+06 1.64674e+06 1.51762e+06 1.71273e+06 1.50525e+06 1.96708e+06 1.73495e+06 1.63735e+06 2.29559e+06 2.71512e+06 1.15772e+06 3.32052e+06 1.6119e+06 897315 833437 1.68699e+06 2.32247e+06 1.94858e+06 1.16524e+06 1.5672e+06 1.76351e+06 1.40965e+06 4.58775e+06 1.70187e+06 1.32653e+06 996379 1.47931e+06 1.6379e+06
threshold=0 1 0.99635443704902704 2 0.98182534576205316 740.80007756006705 1681.1010157172266 0.8542199457734333 454.00000000000006 0.54826857069812962 -0.70581670320594803 -0.40966402954315212 0.99635443704902704 1.0000000180025095e-35 0.13461538461538466 451.11432018460795 9.5000000000000018 11.500000000000002 10.500000000000002 -46.749999999999993 -0.46472317204376873 267.84257911127213 16.500000000000004 265.90384615384625 -0.88545602565320969 192.67865666048831 15.500000000000002 587.63461538461547 3 473.00000000000006
decision_type=1 1 2 1 2 2 2 2 2 2 2 2 2 2 2 2 2 2 2 2 2 2 2 2 2 2 2 2 1 2
left_child=1 2 4 -2 6 -6 8 -8 9 -1 -11 -12 14 -14 16 -10 -3 18 -18 -20 23 22 26 24 -19 -26 -22 28 29 -25
right_child=3 12 -4 -5 5 -7 7 -9 15 10 11 -13 13 -15 -16 -17 17 20 19 -21 21 -23 -24 27 25 -27 -28 -29 -30 -31
leaf_value=6.756717048124834 -5.0104459959679639 -4.0406630092196991 24.567948806285859 -1.7327227484977135 10.445999547590812 -13.447717275619508 3.1347378001493569 25.56437464175017 10.294784599283467 38.270310719807945 -7.8144072341918944 29.030669689178456 0.7122636760984149 32.148686552047728 -5.542046750219245 2.6584883885687969 0.72550353076722895 41.024886550903311 37.442649917602544 11.471362390884988 3.2071285279660389 -5.7082219578601698 -6.5726347752979821 22.272357248005115 14.132509918212888 -15.038318977355956 18.42953688470941 -2.473194057129799 1.6915687340238819 6.0339271532787997
leaf_weight=55 570 54 15.999999999999998 1254 11.999999999999998 20 17 23 46 11.999999999999998 9.9999999999999982 10.000000000000002 28 11.999999999999998 76 235 36 10.000000000000002 9.9999999999999982 26 58 108 35 19 10.000000000000002 9.9999999999999982 19 94 450 85
leaf_count=55 570 54 16 1254 12 20 17 23 46 12 10 10 28 12 76 235 36 10 10 26 58 108 35 19 10 10 19 94 450 85
internal_value=-0.00773744 3.15676 6.50662 -2.77875 5.99773 -4.48757 6.8201 16.0318 5.81883 11.9888 20.9814 10.6081 1.77189 10.1432 1.48359 3.90856 2.00502 2.34158 9.70556 18.6856 1.75115 -1.41071 2.73333 2.77712 13.373 -0.452905 6.96331 2.28657 3.09419 8.21104
internal_weight=3420 1596 456 1824 440 32 408 40 368 87 32 20 1140 40 1100 281 1024 970 72 36 898 220 112 678 30 20 77 648 554 104
internal_count=3420 1596 456 1824 440 32 408 40 368 87 32 20 1140 40 1100 281 1024 970 72 36 898 220 112 678 30 20 77 648 554 104
cat_boundaries=0 1 2 3 4
cat_threshold=75960703 83 805855232 196640
is_linear=0
shrinkage=0.05


Tree=24
num_leaves=31
num_cat=4
split_feature=30 30 15 23 23 28 28 27 28 10 30 28 18 30 18 12 28 15 23 18 27 18 18 13 20 13 16 17 13 13
split_gain=1.09364e+07 2.65785e+06 1.98742e+06 1.8127e+06 1.82369e+06 1.06642e+06 1.00497e+06 2.18735e+06 2.12769e+06 4.19108e+06 2.50332e+06 6.58487e+06 1.18538e+07 2.24064e+06 1.68539e+06 1.33658e+06 1.25718e+06 1.70852e+06 1.40963e+06 1.32338e+06 1.03511e+06 1.60164e+06 2.48402e+06 1.02058e+06 1.01174e+06 935165 876936 860978 858744 829501
threshold=0 1 1214.2500000000002 12.500000000000002 17.500000000000004 -0.99635443704902682 -0.51639395938746235 0.91023613416931248 -0.85421994577343296 91.966924588784693 2 -0.78574730703237872 776.44230769230774 3 776.44230769230774 682.07692307692321 -0.91023613416931226 939.7307692307694 27.500000000000004 956.64423076923083 0.98182534576205316 958.05769230769238 883.17307692307702 554.13874237389416 0.43921297576951918 766.57150416496654 525.73327618887799 1.0000000180025095e-35 239.18281788807749 259.95117145728858
decision_type=1 1 2 2 2 2 2 2 2 2 1 2 2 1 2 2 2 2 2 2 2 2 2 2 2 2 2 2 2 2
left_child=2 28 5 -4 -5 -1 8 -8 13 -10 11 12 -11 16 25 26 17 18 19 -7 21 22 -9 -18 -15 -13 29 -20 -2 -12
right_child=1 -3 3 4 -6 6 7 20 9 10 15 14 -14 24 -16 -17 23 -19 27 -21 -22 -23 -24 -25 -26 -27 -28 -29 -30 -31
leaf_value=-4.5466593754291535 0.58620197402474328 -3.7071104719518972 3.4209008765943127 29.353480438959032 7.664835410647922 23.109486451020114 -2.6184381506973651 7.4732226330137586 35.797152695289029 71.817790349324525 6.2383219625638882 -6.8664596383388234 6.0781690239906316 12.669863200187685 12.156898823490849 -9.0418362790888018 -9.3553962146534619 -7.1845744450887041 -3.5076953887939446 5.5031838226318364 1.1256139109248207 -6.6397712931913491 32.40357849814675 9.2550866347092846 -2.3245172017150457 10.524834858287464 9.330896298390515 13.166364771525066 -2.4396997689117086 -2.9791290714190559
leaf_weight=40 810 1140 33 21 18 37 164 109 12.999999999999998 12.000000000000002 46 26 15.999999999999998 11.999999999999998 54 22 17.000000000000004 11.999999999999998 16.000000000000004 14.999999999999998 105 17 10.999999999999998 12.999999999999998 180 10.999999999999998 53 14.999999999999998 330 52
leaf_count=40 810 1140 33 21 18 37 164 109 13 12 46 26 16 12 54 22 17 12 16 15 105 17 11 13 180 11 53 15 330 52
internal_value=-0.00808911 -2.00588 3.97025 12.0456 19.3433 3.46302 3.77468 1.83968 5.03773 8.01905 6.78235 12.0371 34.2523 2.16926 6.52437 2.33697 7.06689 10.4501 12.9997 18.0307 4.86088 7.72368 9.75851 -1.29085 -1.31869 -1.69607 4.14957 4.5604 -0.287198 1.34743
internal_weight=3420 2280 1140 72 39 1068 1028 406 622 305 292 119 28 317 91 173 125 95 83 52 242 137 120 30 192 37 151 31 1140 98
internal_count=3420 2280 1140 72 39 1068 1028 406 622 305 292 119 28 317 91 173 125 95 83 52 242 137 120 30 192 37 151 31 1140 98
cat_boundaries=0 1 2 3 4
cat_threshold=8454527 90609792 368 65558
is_linear=0
shrinkage=0.05


Tree=25
num_leaves=31
num_cat=4
split_feature=30 27 17 30 28 28 18 6 18 9 30 17 27 13 23 23 15 27 27 8 27 27 27 19 28 15 23 16 15 30
split_gain=9.96518e+06 2.56035e+06 8.79961e+06 2.2119e+06 1.59353e+06 3.90398e+06 1.95381e+07 1.77859e+06 1.51718e+06 1.45485e+06 1.39822e+06 1.27574e+06 902835 2.22888e+06 1.20926e+06 875157 1.05355e+06 1.59532e+06 934295 1.94612e+06 1.48425e+06 841372 1.72273e+06 2.97212e+06 1.03402e+06 1.34917e+06 4.54977e+06 1.6797e+06 930619 923825
threshold=0 0.99635443704902704 1.0000000180025095e-35 1 -0.88545602565320969 -0.78574730703237872 776.44230769230774 481.00000000000006 776.44230769230774 738.37500000000011 2 0.13461538461538466 0.98182534576205316 775.11440233683436 34.500000000000007 33.500000000000007 1214.2500000000002 0.8542199457734333 0.91023613416931248 786.50000000000011 0.8542199457734333 0.98182534576205316 0.95297903005573359 -46.749999999999993 -0.46472317204376873 265.90384615384625 29.500000000000004 192.67865666048831 569.26923076923083 3
decision_type=1 2 2 1 2 2 2 2 2 2 1 2 2 2 2 2 2 2 2 2 2 2 2 2 2 2 2 2 2 1
left_child=1 3 -3 4 -1 6 -6 -8 -7 -9 -2 21 14 -14 15 16 18 -18 20 -20 -10 22 24 -24 25 26 27 -5 29 -27
right_child=10 2 -4 11 5 8 7 9 12 -11 -12 -13 13 -15 -16 -17 17 -19 19 -21 -22 -23 23 -25 -26 28 -28 -29 -30 -31
leaf_value=0.90486649893224236 -4.582083238548246 0.85214917555451386 44.726007390022282 13.396574020385735 82.362604217529295 -2.8833731183138762 24.663073158264162 -8.4481917810440077 6.2408575012534859 10.623078551292421 -1.5632471188448984 -5.1668480270787294 12.022820425033567 -14.805180299282075 -0.71435851633548741 19.012413295946626 2.4793060175577804 23.438608932495118 6.3117597766841449 31.245199527740478 -8.6949862616402775 -3.9533739963546397 33.531162123246631 4.9711095342096296 -1.9784291305806905 6.5858381317130155 40.212235107421876 -15.583615913391114 -3.6043663610730854 1.3308261308693081
leaf_weight=160 570 40 15.999999999999998 10.000000000000005 9.9999999999999982 55 9.9999999999999982 20 80 20 1254 76 15.000000000000002 15.999999999999998 40 19 14.999999999999998 23 36 9.9999999999999982 21 64 10.999999999999998 53 180 102 9.9999999999999982 9.9999999999999982 70 404
leaf_count=160 570 40 16 10 10 55 10 20 80 20 1254 76 15 16 40 19 15 23 36 10 21 64 11 53 180 102 10 10 70 404
internal_value=-0.00822662 2.86763 13.3875 2.50371 5.01553 6.83056 18.5626 5.80257 4.69746 1.08744 -2.52647 1.04702 6.21363 -1.82389 7.23479 8.79344 7.74393 15.1652 5.82551 11.7321 3.13539 1.57516 1.99143 9.87987 1.34912 2.3375 12.6751 -1.09352 1.79908 2.54659
internal_weight=3420 1596 56 1540 550 390 60 50 330 40 1824 990 275 31 244 204 185 38 147 46 101 914 850 64 786 606 30 20 576 506
internal_count=3420 1596 56 1540 550 390 60 50 330 40 1824 990 275 31 244 204 185 38 147 46 101 914 850 64 786 606 30 20 576 506
cat_boundaries=0 1 2 3 4
cat_threshold=75960703 115 805855232 196616
is_linear=0
shrinkage=0.05


Tree=26
num_leaves=31
num_cat=3
split_feature=30 30 15 23 9 28 28 12 8 30 9 10 23 18 20 23 18 27 23 18 23 23 23 4 27 13 12 13 12 28
split_gain=9.09839e+06 2.50172e+06 2.01322e+06 1.28164e+06 1.75745e+06 1.15691e+06 5.81936e+06 1.42201e+07 4.592e+06 1.58942e+06 1.44875e+06 983387 987860 956674 938632 824739 947258 1.26922e+06 2.54475e+06 858928 744324 3.059e+06 1.03204e+06 786303 730367 715149 685005 674639 673458 5.12212e+06
threshold=0 1 1214.2500000000002 12.500000000000002 1049.7500000000002 -0.85421994577343296 -0.78574730703237872 454.69230769230774 225.50000000000003 2 454.00000000000006 338.32457935920468 34.500000000000007 675.63461538461559 0.43921297576951918 10.500000000000002 465.1153846153847 0.98182534576205316 16.500000000000004 399.38461538461542 26.500000000000004 27.500000000000004 24.500000000000004 1273.0000000000002 0.99635443704902704 593.91070931195225 429.84615384615387 554.13874237389416 174.88461538461542 -0.85421994577343296
decision_type=1 1 2 2 2 2 2 2 2 1 2 2 2 2 2 2 2 2 2 2 2 2 2 2 2 2 2 2 2 2
left_child=2 11 5 -4 -5 9 7 -7 -9 20 -10 15 -13 24 -11 -2 19 18 -18 28 22 -22 23 -1 25 27 -16 -8 29 -17
right_child=1 -3 3 4 -6 6 13 8 10 14 -12 12 -14 -15 26 16 17 -19 -20 -21 21 -23 -24 -25 -26 -27 -28 -29 -30 -31
leaf_value=13.206124496459962 -3.8986978577029321 -3.2308927288709235 2.175168906317817 36.364377593994142 11.945606109074184 67.827066040039071 -0.17363745631142097 38.708893728256228 17.27675476074219 11.98225194613139 -3.45652944776747 -5.0211073429688167 8.9180281775338326 4.8658730946433773 -15.168551597595215 38.607593994140629 27.489308624267579 -5.5593216366238067 3.9529764068369966 -5.4434262207576207 32.692511908213298 3.5425146473778621 -5.509756689270338 -3.5880237960815431 11.146989488601685 5.4102591495887911 -1.7492127927922709 -9.279312117203423 0.57303586357376057 -1.3029991876788256
leaf_weight=23 93 1254 18 9.9999999999999982 28 11.999999999999998 176 9.9999999999999982 10.999999999999998 11.999999999999998 36 138 13.999999999999998 314 9.9999999999999982 9.9999999999999982 14.999999999999998 18 49 56 11.999999999999998 36 24 9.9999999999999982 15.999999999999998 51 194 23 706 41
leaf_count=23 93 1254 18 10 28 12 176 10 11 12 36 138 14 314 10 10 15 18 49 56 12 36 24 10 16 51 194 23 706 41
internal_value=-0.00755634 -1.69556 3.90955 13.1656 18.3716 3.41548 4.62989 18.3569 7.94207 0.960191 1.39594 0.00670677 -3.73724 2.99685 -1.53649 0.582766 1.04844 6.17034 9.4693 0.531838 5.69971 10.83 2.37941 8.11699 0.790566 0.127755 -2.40702 -1.22605 0.973866 6.52261
internal_weight=3420 2394 1026 56 38 970 649 69 57 321 47 1140 152 580 216 988 895 82 64 813 105 48 57 33 266 250 204 199 757 51
internal_count=3420 2394 1026 56 38 970 649 69 57 321 47 1140 152 580 216 988 895 82 64 813 105 48 57 33 266 250 204 199 757 51
cat_boundaries=0 1 2 3
cat_threshold=8454523 73832580 65554
is_linear=0
shrinkage=0.05


Tree=27
num_leaves=31
num_cat=3
split_feature=30 30 27 30 27 16 28 28 18 15 27 3 12 13 7 27 10 13 12 23 23 23 10 10 8 27 28 9 23 18
split_gain=8.21424e+06 1.85798e+06 2.32464e+06 1.37618e+06 1.08622e+06 1.8155e+06 982582 1.9388e+06 5.71495e+06 1.62015e+06 1.73641e+06 1.0747e+06 963777 729429 713674 671209 959968 617833 548078 522587 1.07551e+06 1.39579e+06 1.58078e+06 1.06685e+06 669508 545327 585012 514273 1.94736e+06 528988
threshold=0 1 0.99635443704902704 2 0.98182534576205316 914.42243448379065 -0.88545602565320969 -0.70581670320594803 844.1538461538463 970.11538461538476 0.8542199457734333 774.50000000000011 541.30769230769249 912.98358810492607 828.50000000000011 0.99635443704902704 149.29361440522626 333.63960634487205 106.92307692307693 9.5000000000000018 11.500000000000002 10.500000000000002 119.78029052194229 147.23638323776825 336.50000000000006 0.99635443704902704 -0.51639395938746235 89.750000000000014 26.500000000000004 288.96153846153851
decision_type=1 1 2 1 2 2 2 2 2 2 2 2 2 2 2 2 2 2 2 2 2 2 2 2 2 2 2 2 2 2
left_child=1 2 4 -2 6 -6 13 8 17 12 -11 -10 -9 -1 19 18 -17 -8 -5 -3 21 -21 -23 -24 25 26 -22 28 -20 -29
right_child=3 14 -4 15 5 -7 7 9 11 10 -12 -13 -14 -15 -16 16 -18 -19 27 20 24 22 23 -25 -26 -27 -28 29 -30 -31
leaf_value=6.6388258914152791 -3.7373648891502089 -3.5823428282031311 27.789492754141492 -11.876440302530925 10.093001200936055 -17.506774939023533 46.312423782348617 -7.9515692710876467 -2.2561968015587848 -1.0870474301851714 21.293441542753808 14.322665281856761 4.1707027838780331 -2.095025043861539 4.3945706967299234 -0.98005897402763376 14.831062215566636 28.736406837999823 -5.0705581231550738 0.46767078814761986 0.44036797301870001 -2.0101741123199464 34.12445970535277 12.741713591984341 2.2471362539379136 7.576410263463071 -3.9247315647204717 -3.9012083369599289 17.854662752151491 -0.84729921392901941
leaf_weight=45 798 54 11.999999999999998 11.999999999999998 11.000000000000002 12.999999999999998 10.000000000000002 20 23 12.999999999999998 26 17 91 51 214 24 15.999999999999998 9.9999999999999982 22 35 213 9.9999999999999982 10.000000000000002 13.999999999999998 451 19 120 169 15.999999999999998 881
leaf_count=45 798 54 12 12 11 13 10 20 23 13 26 17 91 51 214 24 16 10 22 35 213 10 10 14 451 19 120 169 16 881
internal_value=-0.00765087 2.7842 5.99685 -2.14589 5.38611 -4.85688 6.18948 8.10515 15.7014 5.06667 13.8333 4.78982 1.98651 1.99897 1.77663 -1.00904 5.34439 37.5244 -1.24925 1.19081 1.48639 7.47674 14.692 21.6512 0.971657 -0.66255 -1.13264 -1.13203 4.58217 -1.33883
internal_weight=3420 1482 342 1938 330 24 306 210 60 150 39 40 111 96 1140 1140 40 20 1100 926 872 69 34 24 803 352 333 1088 38 1050
internal_count=3420 1482 342 1938 330 24 306 210 60 150 39 40 111 96 1140 1140 40 20 1100 926 872 69 34 24 803 352 333 1088 38 1050
cat_boundaries=0 1 2 3
cat_threshold=75829631 82 839410688
is_linear=0
shrinkage=0.05


Tree=28
num_leaves=31
num_cat=2
split_feature=30 30 15 23 23 28 28 12 8 23 23 13 13 18 23 9 20 16 23 23 12 10 12 29 18 15 27 16 27 27
split_gain=7.50833e+06 2.05953e+06 1.68684e+06 1.14842e+06 1.57657e+06 1.03795e+06 5.1048e+06 1.29395e+07 4.04798e+06 1.4737e+06 1.31184e+06 4.08696e+06 2.30111e+06 2.02493e+06 1.54631e+06 1.22537e+06 926519 827523 788145 2.18346e+06 2.57745e+06 1.77333e+06 820417 1.15155e+06 745789 888535 792670 792249 779736 754614
threshold=0 1 1214.2500000000002 12.500000000000002 17.500000000000004 -0.85421994577343296 -0.78574730703237872 454.69230769230774 225.50000000000003 26.500000000000004 27.500000000000004 564.20949411854815 285.73571463767274 871.31730769230774 28.500000000000004 454.00000000000006 0.5432963754820318 245.79064824765393 10.500000000000002 11.500000000000002 229.65384615384616 119.78029052194229 159.50000000000003 2.5000000000000004 675.63461538461559 587.63461538461547 0.99635443704902704 345.27968176326323 0.98182534576205316 0.91023613416931248
decision_type=1 1 2 2 2 2 2 2 2 2 2 2 2 2 2 2 2 2 2 2 2 2 2 2 2 2 2 2 2 2
left_child=2 -2 5 -4 -5 9 7 -7 -9 -1 11 12 -11 14 -12 -10 -16 -8 -3 20 -20 -22 23 -21 25 26 28 -26 -19 -29
right_child=1 18 3 4 -6 6 17 8 15 10 13 -13 -14 -15 16 -17 -18 24 19 22 21 -23 -24 -25 27 -27 -28 29 -30 -31
leaf_value=-2.2833064789152417 -3.2269479201164488 -4.1349528463681535 1.6193558586968315 26.612652626037598 6.2156278292338056 64.29509525299072 -4.8495248471989356 36.05706267356873 15.629349587180398 10.90269871473312 -11.480283607755389 -6.0410253047943119 44.822547607421882 14.581624627113342 15.225664250055949 -3.4386784633000698 -0.44813438653945925 3.5711571956202932 -4.3933608478970001 -3.0566698221059938 7.3828051630655906 31.695563074747721 -0.51650648623526763 16.977828129567207 12.394818600147001 -3.6448978366170617 16.711805839538574 1.8161128765164003 -6.7755584926832286 7.1337812718536178
leaf_weight=177 1026 120 18 20 18 11.999999999999998 34 9.9999999999999982 10.999999999999998 10.000000000000002 28 15.999999999999998 9.9999999999999982 24 11.999999999999998 36 44 137 18 13.000000000000002 15.000000000000002 14.999999999999998 1171 15.999999999999998 31 70 9.9999999999999982 165 21 112
leaf_count=177 1026 120 18 20 18 12 34 10 11 10 28 16 10 24 12 36 44 137 18 13 15 15 1171 16 31 70 10 165 21 112
internal_value=-0.00781473 -1.54124 3.55059 12.0229 16.9509 3.09807 4.24835 17.105 7.17019 0.772436 4.52845 12.7943 27.8626 1.77316 -1.8864 1.02405 2.91054 2.71885 -0.262714 0.107512 10.5645 19.5392 -0.310767 7.99685 3.19014 1.08797 3.06 4.81455 2.19596 3.96622
internal_weight=3420 2394 1026 56 38 970 649 69 57 321 144 36 20 108 84 47 56 580 1368 1248 48 30 1200 29 546 238 168 308 158 277
internal_count=3420 2394 1026 56 38 970 649 69 57 321 144 36 20 108 84 47 56 580 1368 1248 48 30 1200 29 546 238 168 308 158 277
cat_boundaries=0 1 2
cat_threshold=8454523 840459776
is_linear=0
shrinkage=0.05


Tree=29
num_leaves=31
num_cat=3
split_feature=30 30 15 23 9 28 28 12 8 30 16 10 23 20 16 28 27 23 10 13 18 15 16 16 23 18 27 23 18 18
split_gain=6.77815e+06 1.89026e+06 1.52237e+06 1.03645e+06 1.47785e+06 936747 4.60708e+06 1.16779e+07 3.6533e+06 1.38156e+06 1.18949e+06 868159 890202 779140 746839 681096 1.93921e+06 1.24777e+06 7.86702e+06 721224 653943 1.13475e+06 1.32022e+06 868648 649725 805564 1.12069e+06 2.16294e+06 764585 616612
threshold=0 1 1214.2500000000002 12.500000000000002 1049.7500000000002 -0.85421994577343296 -0.78574730703237872 454.69230769230774 225.50000000000003 2 819.08214799331097 338.32457935920468 34.500000000000007 0.43921297576951918 245.79064824765393 -0.51639395938746235 0.91023613416931248 15.500000000000002 196.5162957227663 250.17760357302416 675.63461538461559 587.63461538461547 357.11332949181241 451.11432018460795 10.500000000000002 465.1153846153847 0.98182534576205316 16.500000000000004 403.25000000000006 310.04807692307696
decision_type=1 1 2 2 2 2 2 2 2 1 2 2 2 2 2 2 2 2 2 2 2 2 2 2 2 2 2 2 2 2
left_child=2 11 5 -4 -5 9 7 -7 -9 -1 -10 24 -13 -11 -8 20 19 -18 -19 -17 21 22 -16 -22 -2 28 27 -27 29 -26
right_child=1 -3 3 4 -6 6 14 8 10 13 -12 12 -14 -15 15 16 17 18 -20 -21 23 -23 -24 -25 25 26 -28 -29 -30 -31
leaf_value=5.1588375543511438 -3.4215974702269478 -2.7993827673653731 1.5383880615234375 32.602935657501227 10.210652964455742 61.080339558919277 -4.6070485507740697 34.254208526611329 -4.7416862564702189 10.725486898422242 12.044760727882386 -4.7217317791952604 8.510483986990792 -2.3844011648028505 -7.4959606610811678 -13.515968486240931 3.172778627632753 45.875714143117271 -5.3330635309219367 -1.5719494053262932 16.542168924082883 -7.1085582653681447 11.093590301937528 5.6542197786437143 -4.2738431135813393 25.40587122599284 -5.3292785432603624 3.7069176537649975 -5.6283861915270492 1.2682646257464896
leaf_weight=105 93 1254 18 9.9999999999999982 28 11.999999999999998 34 9.9999999999999982 31 11.999999999999998 15.999999999999998 138 13.999999999999998 204 12.999999999999998 13.999999999999998 184 11.999999999999998 20 130 23 24 36 90 54 14.999999999999998 18 49 48 711
leaf_count=105 93 1254 18 10 28 12 34 10 31 12 16 138 14 204 13 14 184 12 20 130 23 24 36 90 54 15 18 49 48 711
internal_value=-0.00789577 -1.46485 3.37306 11.4218 16.1034 2.94317 4.03593 16.2497 6.81168 0.733814 0.972849 0.0147177 -3.50298 -1.5828 2.58291 3.03064 1.76128 4.75759 13.8702 -2.73317 5.48745 1.79885 6.16167 7.87035 0.55605 0.96937 5.69268 8.79261 0.492972 0.877057
internal_weight=3420 2394 1026 56 38 970 649 69 57 321 47 1140 152 216 580 546 360 216 32 144 186 73 49 113 988 895 82 64 813 765
internal_count=3420 2394 1026 56 38 970 649 69 57 321 47 1140 152 216 580 546 360 216 32 144 186 73 49 113 988 895 82 64 813 765
cat_boundaries=0 1 2 3
cat_threshold=8454523 73832580 65554
is_linear=0
shrinkage=0.05


Tree=30
num_leaves=31
num_cat=3
split_feature=30 30 27 3 27 10 28 28 18 15 27 28 12 18 18 23 16 27 23 7 23 23 23 10 19 7 15 28 20 30
split_gain=6.16123e+06 1.50776e+06 1.94869e+06 1.15025e+06 1.03287e+06 1.72227e+06 836269 2.2379e+06 8.61141e+06 1.27429e+06 1.4964e+06 853339 774071 587890 578414 631633 2.91236e+06 3.09887e+06 821803 744007 569290 866094 1.34285e+06 1.50243e+06 987407 650816 708303 533348 505614 502378
threshold=0 1 0.99635443704902704 12.500000000000002 0.98182534576205316 469.66330980240349 -0.85421994577343296 -0.70581670320594803 844.1538461538463 970.11538461538476 0.8542199457734333 -0.78574730703237872 541.30769230769249 786.91346153846166 288.96153846153851 29.500000000000004 243.00243903819373 -0.70581670320594792 35.500000000000007 19.500000000000004 9.5000000000000018 11.500000000000002 10.500000000000002 119.78029052194229 26.250000000000004 336.50000000000006 557.4038461538463 -0.99635443704902682 1.6852837572728652 2
decision_type=1 1 2 2 2 2 2 2 2 2 2 2 2 2 2 2 2 2 2 2 2 2 2 2 2 2 2 2 2 1
left_child=1 2 4 -2 6 -6 13 8 -8 12 -11 -10 -9 -1 -5 19 18 -18 -17 -16 -3 22 -22 -24 -25 26 28 -27 -23 -29
right_child=3 20 -4 14 5 -7 7 9 11 10 -12 -13 -14 -15 15 16 17 -19 -20 -21 21 25 23 24 -26 27 -28 29 -30 -31
leaf_value=-6.2673725949393386 -4.2685034399969455 -3.2223996277650198 25.249183456103008 -2.6948948029693702 6.069051413876668 -21.099235153198244 46.798274827003482 -7.1940430450439452 -6.2922112703323378 -1.6320187568664553 19.144283762344948 10.037771618366239 3.6698684461824187 3.6311928102705218 -6.7206189004998471 -1.5550188676540897 3.5043032328287751 39.437509307861333 8.7477762439034219 -0.80769010483471682 0.30950587540864949 1.1793061104938143 -1.5367349465688072 28.998659498350953 10.219808878217426 -5.2638371229171756 -5.3847904272246785 1.0865183446184998 -6.8434063480013894 4.0919818161359798
leaf_weight=18 397 60 11.999999999999998 478 14.000000000000002 9.9999999999999982 15.999999999999998 20 15.999999999999995 12.999999999999998 26 16.000000000000004 91 90 57 161 15.000000000000002 9.9999999999999982 22 798 40 303 11.999999999999998 14.000000000000002 13.999999999999998 22 57 301 21 296
leaf_count=18 397 60 12 478 14 10 16 20 16 13 26 16 91 90 57 161 15 10 22 798 40 303 12 14 14 22 57 301 21 296
internal_value=-0.00715603 2.41076 5.30191 -1.859 4.73722 -5.25107 5.52062 7.45108 16.8479 4.44408 12.2188 1.87278 1.71241 1.98143 -1.25032 -0.600733 1.87035 17.8776 -0.316431 -1.20189 1.50486 1.78142 6.78747 13.2654 19.6092 1.38093 -0.244921 2.38166 0.659315 2.66341
internal_weight=3420 1482 342 1938 330 24 306 198 48 150 39 32 111 108 1541 1063 208 25 183 855 1140 1080 80 40 28 1000 381 619 324 597
internal_count=3420 1482 342 1938 330 24 306 198 48 150 39 32 111 108 1541 1063 208 25 183 855 1140 1080 80 40 28 1000 381 619 324 597
cat_boundaries=0 1 2 3
cat_threshold=75829631 82 67375116
is_linear=0
shrinkage=0.05


Tree=31
num_leaves=31
num_cat=2
split_feature=30 30 27 3 27 16 28 15 28 16 27 27 23 18 7 18 23 16 27 23 7 28 4 15 10 23 5 19 23 13
split_gain=5.56527e+06 1.35894e+06 1.7587e+06 1.0381e+06 932166 1.59863e+06 754733 2.06105e+06 3.86991e+06 974310 1.22452e+06 544004 712157 542869 536713 522019 570049 2.6284e+06 2.79673e+06 741677 671466 520205 478454 446615 444574 1.04153e+06 656883 438354 410738 458602
threshold=0 1 0.99635443704902704 12.500000000000002 0.98182534576205316 914.42243448379065 -0.85421994577343296 818.21153846153857 -0.78574730703237872 910.02000136918844 0.95297903005573359 0.78574730703237894 20.500000000000004 854.36538461538464 828.50000000000011 288.96153846153851 29.500000000000004 243.00243903819373 -0.70581670320594792 35.500000000000007 19.500000000000004 -0.70581670320594803 287.50000000000006 276.07692307692315 103.2688344796605 15.500000000000002 396.50000000000006 -564.87499999999989 33.500000000000007 121.40506738152099
decision_type=1 1 2 2 2 2 2 2 2 2 2 2 2 2 2 2 2 2 2 2 2 2 2 2 2 2 2 2 2 2
left_child=1 2 4 -2 6 -6 13 8 -8 10 11 12 -9 -1 -3 -5 20 19 -19 28 22 -10 -17 -21 25 -16 -27 -15 29 -18
right_child=3 14 -4 15 5 -7 7 9 21 -11 -12 -13 -14 27 24 16 17 18 -20 23 -22 -23 -24 -25 -26 26 -28 -29 -30 -31
leaf_value=-3.1309054063426127 -4.0550783171461573 0.92288537155313832 23.98672497024139 -2.5601500397945549 9.0400451486760893 -16.85883424465473 40.529749218622847 12.230432097117108 18.031510391235358 8.7223398579491516 16.884286298751832 -6.7962839157350601 -2.1817991479237877 -2.6283575282377356 -3.2586228211720787 -3.8945961778814144 -3.7875689661780072 3.3290885925292963 37.465634002685547 14.813699054718013 -0.76730561906047035 4.8633054510752354 -14.81225225008451 0.50641380786895762 2.6763105811028001 5.7897884195501135 22.391453904371996 6.5579924947565251 -5.1862157111074412 2.8286915549591409
leaf_weight=36 397 926 11.999999999999998 478 11.000000000000002 12.999999999999998 11.999999999999998 11.999999999999998 9.9999999999999947 63 9.9999999999999982 31 30 17 11.999999999999998 44 43 15.000000000000002 9.9999999999999982 12.000000000000002 798 30.000000000000004 12.999999999999998 9.9999999999999982 178 11.000000000000002 12.999999999999998 55 51 67
leaf_count=36 397 926 12 478 11 13 12 12 10 63 10 31 30 17 12 44 43 15 10 12 798 30 13 10 178 11 13 55 51 67
internal_value=-0.00604114 2.29196 5.03682 -1.76605 4.50036 -4.98851 5.24458 7.07852 15.6264 4.03409 0.475533 -1.77224 1.93598 1.88236 1.43187 -1.1878 -0.570696 1.77683 16.9837 -0.30061 -1.14179 8.15536 -6.38459 8.31039 3.7012 8.7687 14.7824 4.38899 -1.47727 0.242335
internal_weight=3420 1482 342 1938 330 24 306 198 52 146 83 73 42 108 1140 1541 1063 208 25 183 855 40 57 22 214 36 24 72 161 110
internal_count=3420 1482 342 1938 330 24 306 198 52 146 83 73 42 108 1140 1541 1063 208 25 183 855 40 57 22 214 36 24 72 161 110
cat_boundaries=0 1 2
cat_threshold=75829631 82
is_linear=0
shrinkage=0.05


Tree=32
num_leaves=31
num_cat=3
split_feature=30 30 15 27 23 28 23 15 23 13 18 28 27 23 10 23 23 18 13 23 30 23 23 12 20 0 10 23 18 27
split_gain=5.03866e+06 1.40368e+06 1.25075e+06 927217 1.21749e+06 788031 1.22775e+06 1.67142e+06 1.05435e+06 3.6772e+06 1.93208e+06 1.00684e+06 1.48936e+06 1.24217e+06 6.9544e+06 872014 2.90493e+06 7.88443e+06 1.08998e+06 876404 996027 1.36494e+06 2.04673e+06 1.0833e+06 964529 779847 688020 753063 635749 712219
threshold=0 1 1214.2500000000002 0.8542199457734333 12.500000000000002 -0.95297903005573326 26.500000000000004 467.01923076923083 27.500000000000004 564.20949411854815 860.93269230769249 -0.51639395938746235 0.91023613416931248 15.500000000000002 196.5162957227663 21.500000000000004 20.500000000000004 769.97115384615392 453.93360772170632 22.500000000000004 2 30.500000000000004 31.500000000000004 514.88461538461547 0.5432963754820318 476.00000000000006 338.32457935920468 34.500000000000007 465.1153846153847 0.98182534576205316
decision_type=1 1 2 2 2 2 2 2 2 2 2 2 2 2 2 2 2 2 2 2 1 2 2 2 2 2 2 2 2 2
left_child=2 -2 5 -4 -5 6 -1 -8 9 -9 -10 15 -13 -14 -15 16 18 -18 -7 25 21 24 -23 -24 -21 -17 28 -28 -3 -30
right_child=1 26 3 4 -6 11 7 8 10 -11 -12 12 13 14 -16 19 17 -19 -20 20 -22 22 23 -25 -26 -27 27 -29 29 -31
leaf_value=-3.8390995385194269 -2.7973779099559062 -0.22845901504977989 1.8972740820475988 4.4187803649902344 23.262903480529786 1.0062989136657199 -5.8553691329956052 35.594992036085856 -12.654356731068001 -2.7877832253774009 16.980370261452418 -2.4947109580432114 2.3975773539665779 43.129885149002078 -5.0171035337448124 -15.127530011263762 46.299752998352055 -2.6023751896970415 13.682487245039509 14.218073749542237 1.1214359664276943 28.582748234272003 -5.8429088765924631 12.028840424724528 -2.1503330588340761 1.0590087724768598 -4.3289141820235688 7.7830860682896201 6.1113732260543037 -4.9359495798746744
leaf_weight=108 912 1219 21 14.999999999999998 20 74 25 13.000000000000002 11.000000000000002 11.999999999999998 10.999999999999998 152 192 11.999999999999998 20 10.999999999999998 15.999999999999998 17 22 11.999999999999998 139 15.999999999999998 10.999999999999998 37 36 23 154 13.999999999999998 77 18
leaf_count=108 912 1219 21 15 20 74 25 13 11 12 11 152 192 12 20 11 16 17 22 12 139 16 11 37 36 23 154 14 77 18
internal_value=-0.00573905 -1.26191 2.90927 10.2033 15.1869 2.51817 -0.467441 4.59005 10.1461 17.1713 2.16301 3.19844 1.32541 3.91764 13.038 4.89954 8.31036 21.1077 3.91126 3.35569 4.37617 7.6338 13.0956 7.93323 1.94177 -4.17781 -0.304593 -3.31958 0.0785671 4.0182
internal_weight=3420 2394 1026 56 35 970 180 72 47 25 22 790 376 224 32 414 129 33 96 285 251 112 64 48 48 34 1482 168 1314 95
internal_count=3420 2394 1026 56 35 970 180 72 47 25 22 790 376 224 32 414 129 33 96 285 251 112 64 48 48 34 1482 168 1314 95
cat_boundaries=0 1 2 3
cat_threshold=8454523 839411200 368
is_linear=0
shrinkage=0.05


Tree=33
num_leaves=31
num_cat=3
split_feature=30 27 17 27 17 30 23 23 13 13 13 12 27 13 23 23 10 27 15 18 18 23 23 16 1 28 23 15 28 30
split_gain=4.59393e+06 1.60643e+06 7.64812e+06 1.48023e+06 2.35476e+06 1.58944e+06 1.24724e+06 3.90496e+06 1.06015e+07 1.0658e+06 1.03347e+06 952751 861262 996312 857353 828717 806046 789480 786721 775348 719539 701060 645206 635509 624431 747952 687461 1.4647e+06 617431 567318
threshold=0 0.99635443704902704 1.0000000180025095e-35 0.98182534576205316 1.0000000180025095e-35 1 21.500000000000004 20.500000000000004 364.1726456725367 216.1722196911071 440.67234784911705 622.11538461538476 0.91023613416931248 249.65866018605877 28.500000000000004 30.500000000000004 338.32457935920468 0.78574730703237894 894.07692307692321 776.44230769230774 446.94230769230774 10.500000000000002 32.500000000000007 1106.9530268025019 13.500000000000002 -0.40966402954315212 15.500000000000002 341.90384615384625 -0.51639395938746235 2
decision_type=1 2 2 2 2 1 2 2 2 2 2 2 2 2 2 2 2 2 2 2 2 2 2 2 2 2 2 2 2 1
left_child=24 3 -3 5 -5 6 7 10 -9 -8 12 14 17 -14 -11 -16 18 19 -7 -2 -13 23 -17 -12 -1 -26 29 -28 -24 -27
right_child=1 2 -4 4 -6 16 9 8 -10 11 21 20 13 -15 15 22 -18 -19 -20 -21 -22 -23 28 -25 25 26 27 -29 -30 -31
leaf_value=-3.7707974911380462 -4.6777286641737996 -0.48435244311889014 39.432537460327154 0.16831276516119642 -15.493348506093026 0.87761726363546344 14.543265891075135 59.419738896687811 -2.750527634099126 -6.1621225907252395 0.20247192139528236 -8.8297687053680427 17.242131437574113 0.45834921002388002 13.744418716430665 -11.02073134581248 -3.09966373539319 -7.6147588812991192 14.992545738220215 10.423382583786461 3.6996400167974901 9.5302587677414223 8.673626403808596 13.501263219659979 -2.2945997482095364 -3.6158153738891872 1.8060629437609419 21.236487440629439 -2.7459035450014571 0.75513642990807872
leaf_weight=370 17 48 15.999999999999998 96 32 771 15.999999999999998 12.000000000000002 15.999999999999998 65 49 11.999999999999998 13.999999999999998 24 11.999999999999998 11.999999999999998 137 38 9.9999999999999982 17 254 96 19.999999999999993 10.999999999999998 821 104 82 10.999999999999998 29.000000000000007 208
leaf_count=370 17 48 16 96 32 771 16 12 16 65 49 12 14 24 12 12 137 38 10 17 254 96 20 11 821 104 82 11 29 208
internal_value=-0.00569713 1.70418 9.49487 1.43056 -3.7471 1.83665 3.58495 6.1329 23.8939 1.88674 4.26333 1.38549 0.551868 6.64185 -1.9856 1.73323 0.433097 -2.66229 1.05835 2.87283 3.1344 6.88038 -0.62963 2.64058 -1.95825 -1.4272 0.331149 4.10429 1.91513 -0.793536
internal_weight=3420 1824 64 1760 128 1632 714 294 28 420 266 404 110 38 138 73 918 72 781 34 266 156 61 60 1596 1226 405 93 49 312
internal_count=3420 1824 64 1760 128 1632 714 294 28 420 266 404 110 38 138 73 918 72 781 34 266 156 61 60 1596 1226 405 93 49 312
cat_boundaries=0 1 2 3
cat_threshold=993554048 65907 302516224
is_linear=0
shrinkage=0.05


Tree=34
num_leaves=31
num_cat=3
split_feature=30 30 15 27 23 30 27 23 13 23 18 7 28 19 23 18 28 28 16 8 6 12 28 23 23 10 7 23 23 28
split_gain=4.16345e+06 968971 907544 907019 1.05233e+06 665311 998853 2.60177e+06 2.21806e+06 1.12955e+06 764911 617102 537493 494639 426656 409553 474855 2.09337e+06 1.02948e+07 1.40458e+06 743546 1.3133e+06 456502 1.13575e+06 405846 444639 384964 370666 657872 483632
threshold=0 1 1214.2500000000002 0.8542199457734333 12.500000000000002 2 0.78574730703237894 21.500000000000004 333.63960634487205 15.500000000000002 785.72115384615392 526.00000000000011 -0.99635443704902682 25.000000000000004 19.500000000000004 288.96153846153851 -0.91023613416931226 -0.88545602565320969 237.70262924609113 43.500000000000007 33.000000000000007 244.07692307692312 -0.98182534576205283 26.500000000000004 10.500000000000002 349.64385327396661 19.500000000000004 30.500000000000004 32.500000000000007 -0.98182534576205283
decision_type=1 1 2 2 2 1 2 2 2 2 2 2 2 2 2 2 2 2 2 2 2 2 2 2 2 2 2 2 2 2
left_child=2 -2 5 14 13 6 7 8 -1 -8 -9 -6 -7 -5 -4 22 19 18 -18 -17 21 -19 23 -3 -22 -26 -14 29 -29 -12
right_child=1 15 3 4 11 12 9 10 -10 -11 27 -13 26 -15 -16 16 17 20 -20 -21 24 -23 -24 -25 25 -27 -28 28 -30 -31
leaf_value=39.833901444077483 -3.0899269744599689 -3.0793514966964723 -5.8260803767612988 -1.8392221890963036 11.935185102982951 -4.6467806941933105 3.9005942604665105 -5.5878187860051796 9.8157851830124869 -8.9970560073852539 9.4419703377617736 29.096948394775396 -5.1104840687343049 11.705191067286901 7.6962216949462885 -16.951570612589517 -3.7818181446620396 -21.688278753107245 55.318683071136483 -1.2274353780996488 -2.5870413950614393 -0.36172994886125842 -2.8797753579555216 13.235988372564316 0.9319223760408889 -2.8662657397916949 1.7380206695414142 17.067019778490067 4.6497446969384333 -0.59579094780815978
leaf_weight=10.000000000000002 570 32 14.000000000000002 13.000000000000002 11.000000000000002 36 58 18 15.999999999999998 24 18 9.9999999999999982 21 13.999999999999998 9.9999999999999982 14.999999999999998 28 10.999999999999998 9.9999999999999982 267 124 21 311 15.999999999999998 674 87 897 15.999999999999998 32 36
leaf_count=10 570 32 14 13 11 36 58 18 16 24 18 10 21 14 10 15 28 11 10 267 124 21 311 16 674 87 897 16 32 36
internal_value=-0.0058305 -1.33155 2.27651 7.74467 11.7129 1.96268 4.35079 7.02179 21.3612 0.125672 3.91492 20.1075 1.33237 5.18381 -0.191788 -0.688223 -0.261045 0.271294 11.7709 -2.06383 -0.205245 -7.69273 -2.17931 2.3591 0.0654886 0.497701 1.58136 5.59187 8.78884 2.75013
internal_weight=3420 2166 1254 72 48 1182 228 146 26 82 120 21 954 27 24 1596 1237 955 38 282 917 32 359 48 885 761 918 102 48 54
internal_count=3420 2166 1254 72 48 1182 228 146 26 82 120 21 954 27 24 1596 1237 955 38 282 917 32 359 48 885 761 918 102 48 54
cat_boundaries=0 1 2 3
cat_threshold=75563391 805855232 80
is_linear=0
shrinkage=0.05


Tree=35
num_leaves=31
num_cat=2
split_feature=30 27 17 27 17 30 23 23 18 13 13 12 27 13 23 23 10 15 13 23 27 18 23 23 23 23 13 23 28 18
split_gain=3.78956e+06 1.4158e+06 6.79794e+06 1.3502e+06 2.13421e+06 1.32363e+06 1.08056e+06 3.41391e+06 9.85975e+06 964120 920330 827235 807598 887126 763552 744846 724690 711995 649487 629498 620325 752383 619298 772709 643448 585614 576333 555984 554142 539783
threshold=0 0.99635443704902704 1.0000000180025095e-35 0.98182534576205316 1.0000000180025095e-35 1 21.500000000000004 20.500000000000004 776.44230769230774 216.1722196911071 440.67234784911705 622.11538461538476 0.91023613416931248 249.65866018605877 28.500000000000004 30.500000000000004 338.32457935920468 894.07692307692321 554.13874237389416 10.500000000000002 0.78574730703237894 776.44230769230774 27.500000000000004 25.500000000000004 31.500000000000004 32.500000000000007 1127.7020060734746 34.500000000000007 -0.51639395938746235 458.37500000000006
decision_type=1 2 2 2 2 1 2 2 2 2 2 2 2 2 2 2 2 2 2 2 2 2 2 2 2 2 2 2 2 2
left_child=-1 3 -3 5 -5 6 7 10 -9 -8 12 14 20 -14 -11 -16 17 -7 22 26 21 -2 23 -13 -24 -17 -12 -18 -27 -20
right_child=1 2 -4 4 -6 16 9 8 -10 11 19 18 13 -15 15 25 27 -19 29 -21 -22 -23 24 -25 -26 28 -28 -29 -30 -31
leaf_value=-1.7793782226212445 -5.2505398385664996 -0.54766587813695267 37.085264706611632 0.072366087387005493 -14.837814731150866 0.81758806400880424 13.729201637208462 56.51101557413736 -3.444804459810257 -5.8678148187123815 -0.86025493712652301 5.5478926296891835 16.293123912811279 0.45568705002466842 12.970296748479209 -10.556595857938131 -4.0699512176826351 14.245447845458983 -7.74060789346695 8.8763786117235828 -7.1090455256010365 9.6252474812900317 -3.5742984473705293 19.235428054258229 7.7789273665501533 8.1701651763916043 9.8332855966356068 6.1308872222900392 -2.6482783535431165 1.9054912317952803
leaf_weight=1596 17 48 15.999999999999998 96 32 771 15.999999999999998 12.000000000000002 15.999999999999998 65 42 29 13.999999999999998 24 11.999999999999998 11.999999999999998 122 9.9999999999999982 15.999999999999998 96 38 17 24 15.999999999999998 26 19.999999999999993 18 14.999999999999998 29.000000000000007 155
leaf_count=1596 17 48 16 96 32 771 16 12 16 65 42 29 14 24 12 12 122 10 16 96 38 17 24 16 26 20 18 15 29 155
internal_value=-0.00599074 1.547 8.86057 1.28984 -3.65518 1.67768 3.27312 5.64382 22.2505 1.69155 3.89574 1.21482 0.393332 6.29053 -1.92638 1.58312 0.396815 0.98952 2.84446 6.36539 -2.71908 2.18735 6.15921 10.4146 2.32938 -0.656982 2.34781 -2.95307 1.76741 1.00293
internal_weight=3420 1824 64 1760 128 1632 714 294 28 420 266 404 110 38 138 73 918 781 266 156 72 34 95 45 50 61 60 137 49 171
internal_count=3420 1824 64 1760 128 1632 714 294 28 420 266 404 110 38 138 73 918 781 266 156 72 34 95 45 50 61 60 137 49 171
cat_boundaries=0 1 2
cat_threshold=993554048 65907
is_linear=0
shrinkage=0.05


Tree=36
num_leaves=31
num_cat=2
split_feature=30 27 17 27 17 30 23 23 13 13 13 12 10 27 13 23 23 2 15 13 23 27 18 23 23 23 16 23 18 23
split_gain=3.4393e+06 1.39107e+06 5.96226e+06 1.28666e+06 1.91889e+06 978851 975208 3.08105e+06 9.01647e+06 870118 830598 746579 732725 728858 807968 689105 672224 649769 618714 586162 568122 559844 679025 558916 697370 580711 529484 528517 527191 515571
threshold=0 0.99635443704902704 1.0000000180025095e-35 0.98182534576205316 1.0000000180025095e-35 1 21.500000000000004 20.500000000000004 364.1726456725367 216.1722196911071 440.67234784911705 622.11538461538476 338.32457935920468 0.91023613416931248 267.84257911127213 28.500000000000004 30.500000000000004 24.500000000000004 810.09615384615392 554.13874237389416 10.500000000000002 0.78574730703237894 776.44230769230774 27.500000000000004 25.500000000000004 31.500000000000004 1106.9530268025019 32.500000000000007 409.07692307692315 32.500000000000007
decision_type=1 2 2 2 2 1 2 2 2 2 2 2 2 2 2 2 2 2 2 2 2 2 2 2 2 2 2 2 2 2
left_child=1 3 28 5 -5 6 7 10 -9 -8 13 15 18 21 -15 -11 -17 -2 -7 23 26 22 -1 24 -13 -25 -12 -18 -3 -14
right_child=17 2 -4 4 -6 12 9 8 -10 11 20 19 29 14 -16 16 27 -19 -20 -21 -22 -23 -24 25 -26 -27 -28 -29 -30 -31
leaf_value=-4.9880128190797919 -3.2030707290055052 7.8849221229553228 35.231001830101015 0.39126982934772969 -14.095923960208893 0.96008817557525894 13.042741298675537 53.900633239746085 -3.4339398287236693 -5.5744240375665521 0.0049598294861462654 5.2704979205953668 -4.4641709103196296 13.26680548567521 -1.3147943898251182 12.321781984965007 -10.028765972455343 -0.97256390505039991 10.135146086310087 0.95278569132263913 8.432559720675151 -6.7535932289926635 9.1439850638894473 -3.3955836236476902 18.273656083643438 7.3899811652990497 12.143816861239348 1.6790423182808625 -4.6411373019218445 2.8664487346526117
leaf_weight=17 426 11.999999999999998 15.999999999999998 80 32 558 15.999999999999998 12.000000000000002 15.999999999999998 65 49 29 106 19 19 11.999999999999998 11.999999999999998 1398 19 171 96 38 17 24 15.999999999999998 26 10.999999999999998 49 28 31
leaf_count=17 426 12 16 80 32 558 16 12 16 65 49 29 106 19 19 12 12 1398 19 171 96 38 17 24 16 26 11 49 28 31
internal_value=-0.00595133 1.68356 9.43506 1.41262 -3.74793 1.81737 3.10946 5.36163 21.138 1.60698 3.70095 1.15408 0.475076 0.373665 5.97601 -1.83006 1.50396 -1.48536 1.26221 2.70224 6.04712 -2.58313 2.07799 5.85125 9.89384 2.21291 2.23042 -0.624133 -0.883319 -2.80542
internal_weight=3420 1596 56 1540 112 1428 714 294 28 420 266 404 714 110 38 138 73 1824 577 266 156 72 34 95 45 50 60 61 40 137
internal_count=3420 1596 56 1540 112 1428 714 294 28 420 266 404 714 110 38 138 73 1824 577 266 156 72 34 95 45 50 60 61 40 137
cat_boundaries=0 1 2
cat_threshold=75960703 65907
is_linear=0
shrinkage=0.05


Tree=37
num_leaves=31
num_cat=2
split_feature=30 27 17 27 17 30 23 23 18 23 18 13 2 23 27 13 3 23 23 23 12 12 15 10 18 3 7 23 28 28
split_gain=3.11337e+06 1.1561e+06 5.5308e+06 1.10424e+06 1.7371e+06 1.06868e+06 880126 2.78065e+06 8.52912e+06 818975 886522 749615 674417 824062 657794 740381 649819 637675 839925 916461 1.75805e+06 737287 1.02667e+06 594612 645638 546747 548450 764457 533590 1.05257e+06
threshold=0 0.99635443704902704 1.0000000180025095e-35 0.98182534576205316 1.0000000180025095e-35 1 21.500000000000004 20.500000000000004 776.44230769230774 26.500000000000004 446.94230769230774 440.67234784911705 663.00000000000011 23.500000000000004 0.91023613416931248 249.65866018605877 792.50000000000011 34.500000000000007 33.500000000000007 32.500000000000007 473.00000000000006 622.11538461538476 587.63461538461547 338.32457935920468 813.83653846153857 752.00000000000011 786.50000000000011 15.500000000000002 -0.95297903005573326 -0.51639395938746235
decision_type=1 2 2 2 2 1 2 2 2 2 2 2 2 2 2 2 2 2 2 2 2 2 2 2 2 2 2 2 2 2
left_child=-1 3 -3 5 -5 6 7 11 -9 12 -11 14 -8 16 -2 -16 -14 18 19 20 -12 -22 -23 24 28 26 -13 -28 -7 -30
right_child=1 2 -4 4 -6 23 9 8 -10 10 17 25 13 -15 15 -17 -18 -19 -20 -21 21 22 -24 -25 -26 -27 27 -29 29 -31
leaf_value=-1.6130551833418609 -2.4539689410891796 -0.47537284294764204 33.469451308250427 0.060549523184696835 -13.391127809882164 -2.1061129036189628 -5.1667584389448171 51.946009190877263 -3.8175493836402894 -7.645859919653998 22.879858779907227 2.1342802578143862 -0.3131970882415771 -2.490410752459006 14.815127342087884 0.34675079186757407 15.078791308403016 -1.3831288415938616 13.807154192527136 -5.040952194213868 -2.2049689583289318 20.281095782193272 4.2032403997346464 -2.6651467065741548 5.3831932103797184 11.248524971008301 2.0386034697294235 17.494765093922616 2.939728716676107 -1.5455401194234228
leaf_weight=1596 72 48 15.999999999999998 96 32 159 68 12.000000000000002 15.999999999999998 18 12.999999999999998 89 12.000000000000002 44 13.999999999999998 24 15.999999999999998 48 24 25 39 10.999999999999998 102 137 73 35 15.999999999999998 15.999999999999998 334 215
leaf_count=1596 72 48 16 96 32 159 68 12 16 18 13 89 12 44 14 24 16 48 24 25 39 11 102 137 73 35 16 16 334 215
internal_value=-0.00565378 1.40198 8.01083 1.16962 -3.30237 1.52037 2.95399 5.09355 20.0811 1.52663 3.08785 3.51591 -1.59582 1.77673 0.354982 5.67721 8.48222 3.82528 4.99353 3.88023 5.23192 3.72256 5.76834 0.369132 0.90612 5.74476 4.15277 9.76668 0.4445 1.1832
internal_weight=3420 1824 64 1760 128 1632 714 294 28 420 280 266 140 72 110 38 28 262 214 190 165 152 113 918 781 156 121 32 708 549
internal_count=3420 1824 64 1760 128 1632 714 294 28 420 280 266 140 72 110 38 28 262 214 190 165 152 113 918 781 156 121 32 708 549
cat_boundaries=0 1 2
cat_threshold=993554048 65907
is_linear=0
shrinkage=0.05


Tree=38
num_leaves=31
num_cat=4
split_feature=30 30 27 27 15 23 23 8 15 19 10 23 23 15 13 15 23 18 15 27 16 12 28 30 28 15 23 30 23 16
split_gain=2.81538e+06 1.09109e+06 928726 782960 1.19851e+06 722548 1.39868e+06 3.25054e+06 827094 800612 841584 611520 1.41127e+06 1.62048e+06 958090 1.03841e+06 586750 631144 542911 795100 507515 473761 537458 657688 610855 575713 780472 553936 990903 1.02411e+06
threshold=0 1 0.99635443704902704 0.98182534576205316 1020.8461538461539 22.500000000000004 20.500000000000004 574.50000000000011 918.96153846153857 -68.124999999999986 308.96964024374307 10.500000000000002 11.500000000000002 814.1538461538463 143.73997039731421 409.09615384615387 35.500000000000007 274.45192307692315 975.36538461538476 0.8542199457734333 740.80007756006705 161.15384615384619 -0.46472317204376873 2 -0.40966402954315212 587.63461538461547 23.500000000000004 3 22.500000000000004 373.92268578053967
decision_type=1 1 2 2 2 2 2 2 2 2 2 2 2 2 2 2 2 2 2 2 2 2 2 1 2 2 2 1 2 2
left_child=16 2 3 5 20 6 9 -8 -7 -2 -11 -3 13 14 -13 -16 -1 -18 -12 -20 -5 -14 25 -24 -25 26 27 28 -23 -30
right_child=1 11 -4 4 -6 8 7 -9 -10 10 18 12 21 -15 15 -17 17 -19 19 -21 -22 22 23 24 -26 -27 -28 -29 29 -31
leaf_value=-1.8407998822817018 -1.7657651643861425 -2.6950151949662429 15.270705145597459 10.318972806930539 -18.876454925537111 2.9313467292425535 37.439006952805954 3.8871320463362196 -5.7511719614267349 16.447426380830652 0.75238028545768898 -8.8434531593322756 8.0213673818679094 27.061496543884278 17.894110429286957 -0.11986203789710999 -1.5337380613599505 9.5159849405288703 1.2840893930196762 15.058693903142757 -4.93262255092462 4.6714235804801767 -3.925682808708971 -5.9011609226465227 1.5605354741836588 -2.6291991696712822 0.48621733212265483 1.4265160734140421 5.7129768753051735 28.341663818359379
leaf_weight=1430 44 130 15.999999999999998 10.000000000000002 9.9999999999999982 192 10.999999999999998 21 32 17 49 9.9999999999999982 21 9.9999999999999982 15.999999999999998 15.999999999999998 28 24 20 22 11.999999999999998 86 127 32 192 94 580 148 10.000000000000002 9.9999999999999982
leaf_count=1430 44 130 16 10 10 192 11 21 32 17 49 10 21 10 16 16 28 24 20 22 12 86 127 32 192 94 580 148 10 10
internal_value=-0.00560693 1.24627 3.36386 3.00733 -4.52395 3.59802 5.91963 15.4206 1.69099 3.91942 6.23561 0.576523 0.895358 8.97247 4.66556 8.88712 -1.64002 3.56613 4.32791 8.49936 1.99992 0.572273 0.449966 -1.21662 0.473443 1.08032 1.49842 3.80976 6.39904 17.0273
internal_weight=3420 1938 456 440 32 408 184 32 224 152 108 1482 1352 52 42 32 1482 52 91 42 22 1300 1279 351 224 928 834 254 106 20
internal_count=3420 1938 456 440 32 408 184 32 224 152 108 1482 1352 52 42 32 1482 52 91 42 22 1300 1279 351 224 928 834 254 106 20
cat_boundaries=0 1 2 3 4
cat_threshold=991456896 83 430084 8491012
is_linear=0
shrinkage=0.05


Tree=39
num_leaves=31
num_cat=2
split_feature=18 30 28 30 27 27 16 27 23 10 28 28 10 28 10 28 12 18 28 27 16 23 12 12 12 29 28 28 15 28
split_gain=2.56333e+06 1.02529e+06 739451 646173 1.06142e+06 639043 1.19495e+06 630150 4.51313e+06 3.51931e+06 1.09717e+06 680518 1.70551e+06 3.12019e+06 868603 1.00444e+06 711552 697796 632794 622561 1.42604e+06 596127 588329 489653 657782 973437 487012 1.14454e+06 473543 1.68951e+06
threshold=465.1153846153847 0 -0.99635443704902682 1 0.99635443704902704 0.98182534576205316 914.42243448379065 0.91023613416931248 15.500000000000002 189.89526596447749 -0.51639395938746235 -0.85421994577343296 147.23638323776825 -0.70581670320594803 480.29466310652543 -0.78574730703237872 501.00000000000006 871.31730769230774 -0.70581670320594803 0.99635443704902704 399.69493118684005 35.500000000000007 429.84615384615387 106.92307692307693 148.53846153846158 2.5000000000000004 -0.98182534576205283 -0.95297903005573326 830.9807692307694 -0.85421994577343296
decision_type=2 1 2 1 2 2 2 2 2 2 2 2 2 2 2 2 2 2 2 2 2 2 2 2 2 2 2 2 2 2
left_child=1 -1 -2 4 5 21 -7 10 -9 -10 11 17 13 -13 18 -16 -17 22 -14 23 -21 28 -5 -3 25 -25 -19 -28 29 -4
right_child=2 19 3 7 -6 6 -8 8 9 -11 -12 12 14 -15 15 16 -18 26 -20 20 -22 -23 -24 24 -26 -27 27 -29 -30 -31
leaf_value=-2.1712919367547734 -5.0429912814072209 -10.314456033706666 2.3883166325719731 -13.232683035043571 18.797404098510743 7.9305370807647684 -14.460936546325684 0.76204235886082516 38.876165110270172 0.58284279823303231 -3.9590483225882056 30.990668698946635 -5.5682354704538986 0.11363422340816923 21.054612731933595 -7.4827501383694743 7.5255096171583453 -4.1446529626846313 2.6848379362374546 1.2731849455230293 22.282531051635743 -6.657434542973836 -1.7741293371459586 -2.1994258117675773 -0.30187018698510176 19.862270812988285 16.847050607204437 0.46866333484649658 3.0216564138045259 14.295261671956704
leaf_weight=942 35 11.999999999999998 76 12.999999999999998 11.999999999999998 11.000000000000002 12.999999999999998 165 15.000000000000002 9.9999999999999982 112 14.999999999999998 45 18 9.9999999999999982 10.999999999999998 28 15.999999999999998 48 42 9.9999999999999982 11.999999999999998 81 10.000000000000002 1377 9.9999999999999982 15.999999999999998 32 174 49
leaf_count=942 35 12 76 13 12 11 13 165 15 10 112 15 45 18 10 11 28 16 48 42 10 12 81 10 1377 10 16 32 174 49
internal_value=-0.00569193 -0.896209 2.09845 2.35298 4.06911 3.66299 -4.19818 1.33017 3.76162 23.5588 0.32191 1.76175 3.90947 14.1486 1.52994 6.91735 3.29241 -0.617049 -1.30858 -0.0588179 5.31344 4.26964 -3.35882 -0.257502 -0.171114 8.83142 3.40993 5.92813 4.70819 7.05584
internal_weight=3420 2403 1017 982 347 335 24 635 190 25 445 333 175 33 142 49 39 158 93 1461 52 311 94 1409 1397 20 64 48 299 125
internal_count=3420 2403 1017 982 347 335 24 635 190 25 445 333 175 33 142 49 39 158 93 1461 52 311 94 1409 1397 20 64 48 299 125
cat_boundaries=0 1 2
cat_threshold=839411328 65618
is_linear=0
shrinkage=0.05


Tree=40
num_leaves=31
num_cat=3
split_feature=30 27 17 27 17 30 23 23 13 23 18 18 13 2 23 13 23 3 23 23 23 12 12 15 10 15 30 3 23 23
split_gain=2.34954e+06 1.11479e+06 4.50875e+06 939129 1.43025e+06 757814 751424 2.32083e+06 7.662e+06 707677 749264 696534 614000 581857 694207 574292 585603 566902 531388 728401 855770 1.50569e+06 628112 947146 513547 546172 491212 482470 478847 470669
threshold=0 0.99635443704902704 1.0000000180025095e-35 0.98182534576205316 1.0000000180025095e-35 1 21.500000000000004 20.500000000000004 364.1726456725367 26.500000000000004 446.94230769230774 409.07692307692315 440.67234784911705 663.00000000000011 23.500000000000004 279.84483751198718 16.500000000000004 866.00000000000011 34.500000000000007 33.500000000000007 32.500000000000007 473.00000000000006 622.11538461538476 587.63461538461547 338.32457935920468 894.07692307692321 2 752.00000000000011 34.500000000000007 35.500000000000007
decision_type=1 2 2 2 2 1 2 2 2 2 2 2 2 2 2 2 2 2 2 2 2 2 2 2 2 2 1 2 2 2
left_child=1 3 11 5 -5 6 7 12 -9 13 -11 -3 15 -8 17 16 -1 -15 19 20 21 -12 -23 -24 25 -7 -2 -14 -26 -28
right_child=26 2 -4 4 -6 24 9 8 -10 10 18 -13 27 14 -16 -17 -18 -19 -20 -21 -22 22 23 -25 28 -27 29 -29 -30 -31
leaf_value=10.965846486091614 -2.9950424586719073 8.0602680817246437 30.732836574316025 0.097507661310109239 -12.24633307158947 0.72980959641737442 -4.9663692646166862 48.442967351277659 -4.4100201636552816 -7.1635661231146912 21.050346719301665 -5.0173417866230015 3.6292322394769054 1.014356543223063 -2.4334608266299425 -2.7592184521601753 -0.51285638880729678 15.279815086951624 -1.3723373894890152 12.656343428293866 -5.2088008079528807 -2.1498331222778715 19.148875739357688 3.7062440680522544 -3.4892337802980773 12.501981329917909 -1.0563092175295408 10.294855538776943 5.9775642140706386 3.9840686003367107
leaf_weight=20 342 15.999999999999998 15.999999999999998 88 32 669 68 12.000000000000002 15.999999999999998 18 12.999999999999998 28 121 15.000000000000002 44 65 25 12.999999999999998 48 24 25 39 10.999999999999998 102 122 9.9999999999999982 1320 35 14.999999999999998 48
leaf_count=20 342 16 16 88 32 669 68 12 16 18 13 28 121 15 44 65 25 13 48 24 25 39 11 102 122 10 1320 35 15 48
internal_value=-0.00572478 1.30103 8.0034 1.06519 -3.19418 1.39926 2.57407 4.54884 18.2413 1.25302 2.70429 -0.261847 3.10753 -1.64952 1.48306 0.246785 4.58879 7.63761 3.38224 4.44868 3.41192 4.71809 3.32126 5.20951 0.335641 0.903185 -1.31241 5.12472 -2.45272 -0.873072
internal_weight=3420 1710 60 1650 120 1530 714 294 28 420 280 44 266 140 72 110 45 28 262 214 190 165 152 113 816 679 1710 156 137 1368
internal_count=3420 1710 60 1650 120 1530 714 294 28 420 280 44 266 140 72 110 45 28 262 214 190 165 152 113 816 679 1710 156 137 1368
cat_boundaries=0 1 2 3
cat_threshold=80155007 65907 268460032
is_linear=0
shrinkage=0.05


Tree=41
num_leaves=31
num_cat=2
split_feature=18 30 28 30 27 27 23 10 28 28 10 28 10 28 13 12 28 12 18 27 10 27 16 28 6 28 23 27 16 27
split_gain=2.14661e+06 857244 625290 557334 927461 568744 4.01816e+06 3.19736e+06 975714 572004 1.48004e+06 2.69409e+06 758984 850004 639095 615559 595173 588002 549868 1.12968e+06 725483 820365 616190 1.16749e+06 1.28383e+06 1.25636e+06 1.16714e+06 1.70437e+06 769157 476906
threshold=465.1153846153847 0 -0.99635443704902682 1 0.99635443704902704 0.91023613416931248 15.500000000000002 189.89526596447749 -0.51639395938746235 -0.85421994577343296 147.23638323776825 -0.70581670320594803 480.29466310652543 -0.78574730703237872 313.15827888046618 501.00000000000006 -0.70581670320594803 459.07692307692315 864.39423076923083 0.98182534576205316 517.56672740573924 0.8542199457734333 893.31603063187322 -0.85421994577343296 1263.5000000000002 -0.91023613416931226 27.500000000000004 -1.0000000180025095e-35 539.07683688548707 0.99635443704902704
decision_type=2 1 2 1 2 2 2 2 2 2 2 2 2 2 2 2 2 2 2 2 2 2 2 2 2 2 2 2 2 2
left_child=1 -1 -2 4 18 8 -7 -8 9 14 11 -11 16 -14 17 -15 -12 -5 22 20 -20 -22 23 25 -25 26 27 -4 -29 -3
right_child=2 29 3 5 -6 6 7 -9 -10 10 12 -13 13 15 -16 -17 -18 -19 19 -21 21 -23 -24 24 -26 -27 -28 28 -30 -31
leaf_value=-2.2592086469517887 -4.6474252796173099 -0.36060394583998323 27.34307167746805 -12.731516456604005 17.512564118703207 0.68396777341763182 36.794280548095699 0.29451023101806645 -3.7905897662043575 28.761533228556317 -5.427807864281867 0.070174627833896205 19.397778778076173 -6.964015093716708 2.047274185241537 6.9952240154147152 2.5761731669306758 -1.6635230705142021 -1.0869118260012733 -15.260703964233398 1.2713900718958149 13.734477200715439 0.70195826949744389 8.5019044475308778 27.133006928183818 -9.9859290480613723 -5.0321886623606966 11.830024515787755 -4.7864627526356625 4.1784463245173296
leaf_weight=714 35 1629 10.999999999999995 15.999999999999998 11.999999999999998 165 15.000000000000002 9.9999999999999982 112 14.999999999999998 45 18 9.9999999999999982 10.999999999999998 94 28 48 48 72 9.9999999999999982 31 23 58 58 10.999999999999998 15.999999999999998 17 15.000000000000005 12.999999999999998 60
leaf_count=714 35 1629 11 16 12 165 15 10 112 15 45 18 10 11 94 28 48 48 72 10 31 23 58 58 11 16 17 15 13 60
internal_value=-0.00587641 -0.820801 1.91965 2.15371 3.74666 1.20525 3.51428 22.1944 0.246461 1.60427 3.57332 13.1117 1.35665 6.39265 -0.576643 3.058 -1.29672 -4.43052 3.36539 0.91501 2.1988 6.57974 5.04003 6.82448 11.4721 2.37053 5.90095 10.6667 4.11523 -0.198185
internal_weight=3420 2403 1017 982 347 635 190 25 445 333 175 33 142 49 158 39 93 64 335 136 126 54 199 141 69 72 56 39 28 1689
internal_count=3420 2403 1017 982 347 635 190 25 445 333 175 33 142 49 158 39 93 64 335 136 126 54 199 141 69 72 56 39 28 1689
cat_boundaries=0 1 2
cat_threshold=805856384 65618
is_linear=0
shrinkage=0.05


Tree=42
num_leaves=31
num_cat=5
split_feature=30 30 27 23 23 16 12 15 23 18 23 30 23 23 15 10 23 30 27 12 9 23 28 23 18 18 17 17 10 30
split_gain=1.96027e+06 755768 893419 566437 978187 1.28598e+06 751509 803614 496048 563895 437415 1.05757e+06 885722 851079 6.54413e+06 1.2642e+06 2.71231e+06 1.1229e+06 875209 1.6396e+06 861778 849441 669868 723805 2.37172e+06 925297 665512 637350 614758 701052
threshold=0 1 0.99635443704902704 10.500000000000002 11.500000000000002 733.24045091850257 220.69230769230771 411.00000000000006 35.500000000000007 274.45192307692315 31.500000000000004 2 33.500000000000007 29.500000000000004 272.21153846153851 104.53149335919407 30.500000000000004 3 0.99635443704902704 185.19230769230771 238.87500000000003 14.500000000000002 -0.98182534576205283 26.500000000000004 485.22115384615387 387.13461538461542 1.0000000180025095e-35 1.0000000180025095e-35 580.79451562175484 4
decision_type=1 1 2 2 2 2 2 2 2 2 2 1 2 2 2 2 2 1 2 2 2 2 2 2 2 2 2 2 2 1
left_child=8 2 -2 -3 5 6 -5 -8 -1 -10 13 -12 27 17 -15 16 -16 18 19 -6 -20 -19 23 -23 25 -25 -14 -13 29 -24
right_child=1 3 -4 4 10 -7 7 -9 9 -11 11 12 26 14 15 -17 -18 21 20 -21 -22 22 28 24 -26 -27 -28 -29 -30 -31
leaf_value=-1.5533842056624956 2.7481910694458271 -2.4632522910833359 16.636935710906982 -6.9436900138854982 -18.127311604817709 23.597195949554447 15.763676780462266 0.36310182213783265 -1.402418351173401 9.0420444647471125 2.8372073173522949 -5.3197816082409455 -2.603271634140234 41.80693182511763 -7.0576704111966215 -1.9274997593520524 26.677075393383316 -2.2432498017325999 19.132247676849357 -1.2840291390892205 -0.08579651181186948 -3.8967241391539575 1.5541512962285575 5.1023988723754865 -12.260112190246582 26.61166919708252 7.3139612470354356 -16.635217046737672 -1.2691651063806872 6.5379349786432543
leaf_weight=1430 330 140 11.999999999999998 11.999999999999998 14.999999999999998 9.9999999999999982 15.999999999999998 18 28 24 100 56 87 10.999999999999998 11 77 13 96 10.000000000000002 393 13.999999999999998 64 144 10.000000000000002 11.999999999999998 9.9999999999999982 21 15.999999999999998 51 189
leaf_count=1430 330 140 12 12 15 10 16 18 28 24 100 56 87 11 11 77 13 96 10 393 14 64 144 10 12 10 21 16 51 189
internal_value=-0.0059129 1.03869 3.1436 0.570878 0.866542 7.34647 3.8137 7.61043 -1.3697 3.4181 0.607345 -1.16025 -3.35244 1.04924 5.18416 1.19555 11.2153 0.589808 -1.32672 -1.90327 7.92172 2.01525 2.90894 -0.826781 5.3131 15.857 -0.674921 -7.83432 3.84287 4.62579
internal_weight=3420 1938 342 1596 1456 56 46 34 1482 52 1400 280 180 1120 112 101 24 1008 432 408 24 576 480 96 32 20 108 72 384 333
internal_count=3420 1938 342 1596 1456 56 46 34 1482 52 1400 280 180 1120 112 101 24 1008 432 408 24 576 480 96 32 20 108 72 384 333
cat_boundaries=0 1 2 3 4 5
cat_threshold=991456896 82 71565576 71696424 10518528
is_linear=0
shrinkage=0.05


Tree=43
num_leaves=31
num_cat=2
split_feature=18 30 28 27 16 12 30 27 27 23 10 23 18 27 10 27 16 28 6 28 23 27 16 23 28 16 9 12 28 28
split_gain=1.80549e+06 735028 544096 465803 1.05362e+06 474514 437611 753865 505922 3.60612e+06 2.87989e+06 875652 492311 1.01954e+06 654749 740379 551907 1.06157e+06 1.15952e+06 1.13112e+06 1.03771e+06 1.49008e+06 686944 456228 434553 1.416e+06 421783 405036 1.01056e+06 6.20989e+06
threshold=465.1153846153847 0 -0.99635443704902682 0.99635443704902704 399.69493118684005 180.46153846153848 1 0.99635443704902704 0.91023613416931248 15.500000000000002 189.89526596447749 17.500000000000004 864.39423076923083 0.98182534576205316 517.56672740573924 0.8542199457734333 893.31603063187322 -0.85421994577343296 1263.5000000000002 -0.91023613416931226 27.500000000000004 -1.0000000180025095e-35 539.07683688548707 19.500000000000004 -0.70581670320594803 828.53953717921524 206.12500000000003 451.30769230769232 -0.78574730703237872 -0.85421994577343296
decision_type=2 1 2 2 2 2 1 2 2 2 2 2 2 2 2 2 2 2 2 2 2 2 2 2 2 2 2 2 2 2
left_child=1 -1 -2 -3 5 -5 7 12 11 26 -11 -8 16 14 -14 -16 17 19 24 20 21 -4 -23 -18 25 -19 -10 28 29 -13
right_child=2 3 6 4 -6 -7 8 -9 9 10 -12 27 13 -15 15 -17 23 18 -20 -21 -22 22 -24 -25 -26 -27 -28 -29 -30 -31
leaf_value=-1.6417098972049811 -4.3639900439126151 -0.080202804632403452 25.513097797740599 -8.1882982635498056 19.425384750366213 4.7753866245349252 -5.082813542178183 15.80508966445923 6.1074646472930914 34.866817728678377 0.2264338493347168 -3.5534042303902766 -1.1699758198526171 -14.635078353881836 1.0704111506862026 12.910343568221382 -2.3260312557220462 1.8893502950668328 25.638947105407716 -9.6477280855178833 -4.8825414994183713 11.08536613464355 -4.6179831908299374 7.4162020655239331 4.5495906750361126 27.364873714447022 -0.53437240250846918 0.038370232434235804 -0.48950888637234186 32.585895156860353
leaf_weight=1170 35 1189 10.999999999999995 9.9999999999999982 9.9999999999999982 24 66 11.999999999999998 29 15.000000000000002 9.9999999999999982 35 72 9.9999999999999982 31 23 41 12.000000000000002 10.999999999999998 15.999999999999998 17 15.000000000000005 12.999999999999998 17 36 9.9999999999999982 136 258 68 18
leaf_count=1170 35 1189 11 10 10 24 66 12 29 15 10 35 72 10 31 23 41 12 11 16 17 15 13 17 36 10 136 258 68 18
internal_value=-0.00401939 -0.751394 1.7619 0.105888 5.15864 0.962538 1.98024 3.39372 1.13648 3.31425 21.0107 0.232189 3.05044 0.73185 1.95145 6.11335 4.63501 6.32382 10.7556 2.07672 5.42656 9.92028 3.79453 0.529451 7.93287 13.4691 0.632981 1.15776 3.54455 8.72032
internal_weight=3420 2403 1017 1233 44 34 982 347 635 190 25 445 335 136 126 54 199 141 69 72 56 39 28 58 58 22 165 379 121 53
internal_count=3420 2403 1017 1233 44 34 982 347 635 190 25 445 335 136 126 54 199 141 69 72 56 39 28 58 58 22 165 379 121 53
cat_boundaries=0 1 2
cat_threshold=857237120 65618
is_linear=0
shrinkage=0.05


Tree=44
num_leaves=31
num_cat=2
split_feature=30 27 17 27 17 27 15 13 30 23 23 12 27 18 18 10 12 9 13 12 28 12 12 13 23 23 28 12 23 18
split_gain=1.64614e+06 688575 4.00304e+06 742922 1.1902e+06 710034 1.48115e+06 1.16526e+06 678635 1.33035e+06 5.43347e+06 6.99984e+06 1.00958e+06 815530 921385 649615 581646 885503 604950 540897 711490 3.13521e+06 1.61473e+06 609703 580244 1.11194e+06 519197 1.11058e+06 980684 475812
threshold=0 0.99635443704902704 1.0000000180025095e-35 0.98182534576205316 1.0000000180025095e-35 0.95297903005573359 1245.7307692307695 669.22622067427608 1 21.500000000000004 20.500000000000004 574.1538461538463 0.78574730703237894 902.20192307692321 940.87500000000011 220.42458381666194 220.69230769230771 288.12500000000006 524.4756064853334 492.69230769230774 -0.91023613416931226 211.50000000000003 244.57692307692309 590.35813201828921 20.500000000000004 21.500000000000004 -0.88545602565320969 600.26923076923083 27.500000000000004 409.07692307692315
decision_type=1 2 2 2 2 2 2 2 1 2 2 2 2 2 2 2 2 2 2 2 2 2 2 2 2 2 2 2 2 2
left_child=1 3 29 5 -5 8 7 16 9 10 13 -12 19 15 -15 -1 -7 -18 -19 20 22 -22 -10 -24 -21 -26 27 -27 -29 -3
right_child=-2 2 -4 4 -6 6 -8 -9 12 -11 11 -13 -14 14 -16 -17 17 18 -20 24 21 -23 23 -25 25 26 -28 28 -30 -31
leaf_value=4.7384120393306652 -1.0275577114535457 6.4935874104499822 27.755212664604187 0.31256714388728146 -11.096995405666531 -3.9110612954412192 23.467104949951175 -10.095561844961985 -20.10581714630127 0.4591430485248566 54.863055960337306 0.85752059221267707 -3.4574831295581094 21.147781603336337 4.5220313861370087 -2.7982384028500076 20.29219762628729 1.9386798236681066 12.976836215748506 5.892002470676716 31.15217010498047 2.5403373356925116 -0.24399960632125539 12.606215133666993 -16.184568918668308 -2.5060232724173597 -3.9783077022697357 15.842223243713381 -2.2380085229873656 -5.4064487916284376
leaf_weight=47 1824 11.999999999999998 15.999999999999998 80 32 13.999999999999998 9.9999999999999982 13.999999999999998 9.9999999999999982 360 12.000000000000002 11.999999999999998 168 9.9999999999999982 50 73 10.999999999999998 46 17 26 9.9999999999999982 225 120 9.9999999999999982 12.999999999999998 59 79 20 11.999999999999998 28
leaf_count=47 1824 12 16 80 32 14 10 14 10 360 12 12 168 10 50 73 11 46 17 26 10 225 120 10 13 59 79 20 12 28
internal_value=-0.00405844 1.1648 6.61832 0.974049 -2.94731 1.28161 5.10337 3.30301 0.956349 2.2473 5.51304 27.8603 -0.0412023 2.53341 7.29299 0.153616 5.4346 7.2027 4.91723 0.940858 2.07686 3.75786 -0.744828 0.744478 -1.09742 -2.09045 -1.01267 1.5619 9.06214 -1.83644
internal_weight=3420 1596 56 1540 112 1428 112 102 1316 564 204 24 752 180 60 120 88 74 63 584 375 235 140 130 209 183 170 91 32 40
internal_count=3420 1596 56 1540 112 1428 112 102 1316 564 204 24 752 180 60 120 88 74 63 584 375 235 140 130 209 183 170 91 32 40
cat_boundaries=0 1 2
cat_threshold=75960703 4435
is_linear=0
shrinkage=0.05


Tree=45
num_leaves=31
num_cat=4
split_feature=18 30 28 9 23 23 18 23 15 27 27 23 10 23 23 19 30 27 23 20 16 30 27 27 9 23 23 30 23 19
split_gain=1.52682e+06 654983 495300 395211 371388 818497 1.13797e+06 363755 363656 702067 974582 755885 492708 1.03326e+06 3.46212e+06 958228 597009 561920 4.43664e+06 621223 452116 437717 389445 371975 426370 691749 362893 705202 565399 795966
threshold=465.1153846153847 0 -0.99635443704902682 58.375000000000007 34.500000000000007 33.500000000000007 830.3557692307694 35.500000000000007 1214.2500000000002 0.8542199457734333 0.91023613416931248 13.500000000000002 338.32457935920468 30.500000000000004 31.500000000000004 86.375000000000014 1 0.91023613416931248 15.500000000000002 0.63155228134793395 1709.1074583487123 2 0.8542199457734333 -0.70581670320594792 540.12500000000011 30.500000000000004 31.500000000000004 3 34.500000000000007 31.875000000000004
decision_type=2 1 2 2 2 2 2 2 2 2 2 2 2 2 2 2 1 2 2 2 2 1 2 2 2 2 2 1 2 2
left_child=1 7 -2 -3 5 8 -7 -1 12 -10 -11 20 13 16 -15 -16 17 19 -19 -4 -12 -14 -21 -23 25 -25 -5 28 -28 -30
right_child=2 3 4 26 -6 6 -8 -9 9 10 11 -13 21 14 15 -17 -18 18 -20 22 -22 23 -24 24 -26 -27 27 -29 29 -31
leaf_value=-2.2038341329066471 -4.2248214381081715 7.2209563361273865 3.075519403944845 0.11000867017061274 -1.6815117812156679 -1.2237551893506733 17.362701492309572 3.6102700378213615 -1.7749627719322842 22.587059173583985 17.534124131636183 -5.3362283706665039 -2.5623473457530537 32.585028203328449 8.1363249914986735 -12.12864679336548 3.8308369562463853 -1.3284362079792245 28.140381622314454 -2.6013805660973777 4.1884738922119142 9.1825706141335637 -11.07429473400116 0.52886968959461567 2.0024486972184121 -12.735062844412667 -7.9785328823587172 0.18552008643746376 -4.6412249762436444 11.717538566589356
leaf_weight=686 35 18 46 1381 70 13.999999999999998 20 28 24 9.9999999999999982 11.000000000000002 11.999999999999998 103 11.999999999999998 14.000000000000002 9.9999999999999982 196 86 14.999999999999998 89 14.999999999999998 13.999999999999998 15.999999999999998 33 158 13.999999999999998 69 182 29 9.9999999999999982
leaf_count=686 35 18 46 1381 70 14 20 28 24 10 11 12 103 12 14 10 196 86 15 89 15 14 16 33 158 14 69 182 29 10
internal_value=-0.00400574 -0.691287 1.61992 -0.147393 1.82824 2.09763 9.70945 -1.94854 1.80287 5.20749 8.69872 5.04389 1.49873 2.50706 10.6567 -0.307413 1.85218 0.155048 3.04812 -1.76979 9.83471 -0.0168961 -3.89249 1.24063 0.758774 -3.42209 -0.227646 -1.83558 -4.81304 -0.44667
internal_weight=3420 2403 1017 1689 982 912 34 714 878 72 48 38 806 484 36 24 448 252 101 151 26 322 105 219 205 47 1671 290 108 39
internal_count=3420 2403 1017 1689 982 912 34 714 878 72 48 38 806 484 36 24 448 252 101 151 26 322 105 219 205 47 1671 290 108 39
cat_boundaries=0 1 2 3 4
cat_threshold=805856384 297 1158 145948672
is_linear=0
shrinkage=0.05


Tree=46
num_leaves=31
num_cat=3
split_feature=30 15 27 30 28 23 23 13 13 18 28 28 13 10 30 28 28 12 18 16 12 16 23 15 4 19 23 23 6 18
split_gain=1.42027e+06 545400 611463 489520 353066 625612 1.15779e+06 2.58522e+06 1.96126e+06 1.95355e+06 507699 646376 686008 459799 394353 613930 2.85464e+06 8.96825e+06 2.65144e+06 1.45357e+06 1.1929e+06 1.0427e+06 795012 549363 533273 379150 345406 863490 1.62275e+06 761128
threshold=0 1264.7692307692312 0.8542199457734333 1 -0.95297903005573326 26.500000000000004 27.500000000000004 564.20949411854815 285.73571463767274 860.93269230769249 -0.51639395938746235 -0.40966402954315212 163.59504178442981 558.79246718354727 2 -0.85421994577343296 -0.78574730703237872 459.07692307692315 776.44230769230774 312.88814607815789 454.69230769230774 848.35287534770248 33.500000000000007 447.71153846153851 130.50000000000003 133.62500000000003 10.500000000000002 11.500000000000002 529.50000000000011 307.75000000000006
decision_type=1 2 2 1 2 2 2 2 2 2 2 2 2 2 1 2 2 2 2 2 2 2 2 2 2 2 2 2 2 2
left_child=1 4 -3 -2 5 25 7 8 -7 -8 14 13 -13 -12 24 20 17 -17 -19 -18 -16 -20 -21 -22 -6 -1 -5 28 29 -28
right_child=3 2 -4 26 10 6 9 -9 -10 -11 11 12 -14 -15 15 16 19 18 21 22 23 -23 -24 -25 -26 -27 27 -29 -30 -31
leaf_value=-5.2842715036911025 -2.4436995613859671 -0.39356653690338139 12.225277360280355 -2.5637530812796427 8.7889748068416829 7.072514179774692 -10.061607660918401 -6.7941997051239014 36.064567413330074 14.685085157914594 -5.6102116957787551 13.067645724614463 0.90725683989810801 4.4221023559570316 -14.794145306673919 55.631345887617641 -7.8816080888112383 23.899418827203604 3.4565968573093411 2.4950192299599832 13.671242933273318 -16.317424468994144 12.767564926976744 1.3180719228585562 -0.64076516112004678 0.43365844025903821 12.55728381230281 -0.4251074705404394 22.903404409235176 -1.212858044017445
leaf_weight=71 342 15.999999999999998 24 170 17 14.000000000000002 29 15.999999999999998 9.9999999999999982 10.999999999999998 62 11.999999999999998 346 13.999999999999998 10.999999999999998 10.999999999999998 30 12.999999999999998 20.000000000000004 104 9.9999999999999982 9.9999999999999982 23 90 127 49 12.999999999999998 1700 10.999999999999998 44
leaf_count=71 342 16 24 170 17 14 29 16 10 11 62 12 346 14 11 11 30 13 20 104 10 10 23 90 127 49 13 1700 11 44
internal_value=-0.00359289 1.43009 7.17774 -0.723531 1.23408 -0.666155 2.75879 8.77384 19.1525 -3.25627 1.65636 0.425804 1.31487 -3.76215 2.80241 3.72857 5.42788 15.3444 5.03838 2.01712 0.834264 -3.13474 4.3554 2.55339 0.441788 -2.94945 -0.408986 -0.20411 5.32083 1.9277
internal_weight=3420 1140 40 2280 1100 200 80 40 24 40 900 434 358 76 466 322 211 54 43 157 111 30 127 100 144 120 1938 1768 68 57
internal_count=3420 1140 40 2280 1100 200 80 40 24 40 900 434 358 76 466 322 211 54 43 157 111 30 127 100 144 120 1938 1768 68 57
cat_boundaries=0 1 2 3
cat_threshold=75563387 268460032 67174408
is_linear=0
shrinkage=0.05


Tree=47
num_leaves=31
num_cat=3
split_feature=30 27 13 15 30 27 17 23 23 6 18 15 18 19 0 30 28 28 12 26 16 16 8 23 0 10 28 9 23 23
split_gain=1.29177e+06 636440 1.99851e+06 523812 490905 433410 1.29941e+06 378718 978205 1.47098e+06 924183 479437 371793 360269 350001 455883 914177 1.69949e+06 4.25873e+06 1.27179e+06 2.16471e+06 443056 414567 403958 722267 543616 363598 674488 347282 523617
threshold=0 0.99635443704902704 590.35813201828921 918.96153846153857 1 0.98182534576205316 1.0000000180025095e-35 10.500000000000002 11.500000000000002 594.50000000000011 386.58653846153851 224.2692307692308 310.04807692307696 -206.24999999999997 1228.5000000000002 2 -0.95297903005573326 -0.88545602565320969 256.5384615384616 -0.91023613416931226 227.44801443744799 423.82498877353117 205.00000000000003 34.500000000000007 219.50000000000003 833.06533416911225 -0.85421994577343296 540.12500000000011 32.500000000000007 34.500000000000007
decision_type=1 2 2 2 1 2 2 2 2 2 2 2 2 2 2 1 2 2 2 2 2 2 2 2 2 2 2 2 2 2
left_child=1 5 3 -3 -2 13 -7 -6 9 10 11 -9 -10 -1 15 16 22 18 -18 20 -19 -20 -14 25 -25 26 -21 -28 -17 -30
right_child=4 2 -4 -5 7 6 -8 8 12 -11 -12 -13 14 -15 -16 28 17 19 21 23 -22 -23 -24 24 -26 -27 27 -29 29 -31
leaf_value=-0.30097938623693254 -2.3249857679517434 8.5687378275394419 27.075114822387697 -6.9257969856262207 -2.4402441495088372 1.5142405023177465 -14.939024257659913 -1.5874957864934749 -1.2689069936131419 20.772472799741308 -5.1667759552001957 10.796169648347078 -11.170044238750751 2.2327700078112525 -5.6624469203948982 -0.88091929164246574 40.404177074432376 2.9400699070521759 1.0603314107464206 -4.5811059951782225 -27.51862312316895 13.163819456100464 -1.5345013328745396 14.828361058235167 -1.8151346813548697 -9.8073367691040048 1.8682239382515125 12.203567224390367 6.0354099750518806 -1.3499417622884116
leaf_weight=180 342 10.000000000000002 9.9999999999999982 11.999999999999998 190 48 15.999999999999998 10.999999999999998 674 12.999999999999998 25 27 12.999999999999998 636 25 644 9.9999999999999982 14.000000000000002 31 19 9.9999999999999982 9.9999999999999982 79 16.000000000000004 10.999999999999998 9.9999999999999982 221 17 48 48
leaf_count=180 342 10 10 12 190 48 16 11 674 13 25 27 13 636 25 644 10 14 31 19 10 10 79 16 11 10 221 17 48 48
internal_value=-0.00377051 1.59746 8.54153 0.117173 -0.590051 1.3631 -2.59908 -0.306688 -0.103091 5.4593 2.29944 7.21142 -0.325586 1.67385 0.193009 0.314896 1.52994 2.67489 11.148 1.31599 -9.75105 4.0124 -2.89605 2.21943 8.04768 1.63005 2.07509 2.60646 -0.456546 2.34273
internal_weight=3420 912 32 22 2508 880 64 2166 1976 76 63 38 1900 816 1226 1201 461 369 51 318 24 41 92 294 27 267 257 238 740 96
internal_count=3420 912 32 22 2508 880 64 2166 1976 76 63 38 1900 816 1226 1201 461 369 51 318 24 41 92 294 27 267 257 238 740 96
cat_boundaries=0 1 2 3
cat_threshold=8454267 268460032 543298816
is_linear=0
shrinkage=0.05


Tree=48
num_leaves=31
num_cat=1
split_feature=18 30 28 9 27 16 15 23 23 23 18 10 14 18 28 28 17 16 7 12 8 15 13 23 15 28 23 27 12 23
split_gain=1.1819e+06 505851 405138 358983 327663 879645 419529 315626 315331 653337 1.00234e+06 306840 291343 314316 291774 732001 4.02841e+06 1.06826e+06 970596 580425 548651 437403 434985 356782 432327 1.02101e+06 656570 410431 642752 560829
threshold=465.1153846153847 0 -0.99635443704902682 58.375000000000007 0.99635443704902704 399.69493118684005 224.2692307692308 35.500000000000007 34.500000000000007 33.500000000000007 830.3557692307694 34.009759787443613 0.1153846153846154 301.7403846153847 -0.95297903005573326 -0.88545602565320969 0.057692307692307702 334.99610000619771 6.5000000000000009 622.11538461538476 6.5000000000000009 507.51923076923083 220.57096302765663 17.500000000000004 252.42307692307693 -0.70581670320594803 33.500000000000007 0.95297903005573359 183.2692307692308 13.500000000000002
decision_type=2 1 2 2 2 2 2 2 2 2 2 2 2 2 2 2 2 2 2 2 2 2 2 2 2 2 2 2 2 2
left_child=1 7 -2 -3 12 6 -6 -1 9 -4 -11 -9 13 -5 22 16 17 -16 -17 20 -20 -19 -15 27 25 -25 -27 28 -22 -29
right_child=2 3 8 4 5 -7 -8 11 -10 10 -12 -13 -14 14 15 18 -18 21 19 -21 23 -23 -24 24 -26 26 -28 29 -30 -31
leaf_value=-1.9498849214600407 -3.8612188311985562 6.8919572830200195 1.598132176714226 -1.4828693427164734 -7.4366810063521074 16.958296051025393 3.2872365250399245 -1.7682176572935917 -1.6207871237822944 -1.5988550526755196 15.844784412384033 8.7001002447945748 -4.9918232318126803 -3.3435826382270228 -0.80122138215500183 -13.073499066489084 31.60220270951589 19.220836181640621 -9.3957662309919083 -8.2089619512856 6.5443386936187755 4.4322752857208254 1.1074906212405156 -1.8872194232940676 0.9723205412576299 17.146272506713867 2.3524630228678389 3.9776280180100474 -2.8791048925801328 -1.5748212042819247
leaf_weight=686 35 18 878 387 11.999999999999998 9.9999999999999982 38 14.000000000000002 70 13.999999999999998 20 13.999999999999998 33 130 103 13.999999999999998 11.999999999999998 10.000000000000002 13.999999999999998 20 20 9.9999999999999982 95 25 334 20 11.999999999999998 93 190 89
leaf_count=686 35 18 878 387 12 10 38 14 70 14 20 14 33 130 103 14 12 10 14 20 20 10 95 25 334 20 12 93 190 89
internal_value=-0.0039219 -0.608609 1.42485 -0.130613 -0.207042 3.42096 0.713496 -1.7135 1.61326 1.86148 8.66211 3.46594 -0.342163 -0.244927 0.157326 0.53502 3.94986 1.25208 -0.0197379 0.20395 0.415064 11.8266 -1.46424 0.590481 1.65915 5.68376 11.5986 -0.475466 -1.98163 1.26242
internal_weight=3420 2403 1017 1689 1671 60 50 714 982 912 34 28 1611 1578 1191 966 135 123 831 817 797 20 225 783 391 57 32 392 210 182
internal_count=3420 2403 1017 1689 1671 60 50 714 982 912 34 28 1611 1578 1191 966 135 123 831 817 797 20 225 783 391 57 32 392 210 182
cat_boundaries=0 1
cat_threshold=805856384
is_linear=0
shrinkage=0.05


Tree=49
num_leaves=31
num_cat=4
split_feature=30 27 13 15 30 27 17 23 23 12 18 15 19 23 15 27 7 9 15 29 6 23 30 23 30 13 19 0 27 12
split_gain=1.09374e+06 550544 1.79403e+06 460781 412935 397732 1.17172e+06 329824 945709 1.44274e+06 1.21074e+06 774861 313723 330531 290355 466123 273820 263595 332327 547118 310834 262213 826575 890843 638836 466637 424269 372000 361938 547203
threshold=0 0.99635443704902704 590.35813201828921 918.96153846153857 1 0.98182534576205316 1.0000000180025095e-35 10.500000000000002 11.500000000000002 339.07692307692315 386.58653846153851 307.6153846153847 -192.99999999999997 35.500000000000007 1268.7884615384617 0.8542199457734333 776.50000000000011 376.62500000000006 622.96153846153857 2.5000000000000004 755.50000000000011 21.500000000000004 2 13.500000000000002 3 181.8648042939495 -249.49999999999997 931.50000000000011 0.99635443704902704 194.46153846153848
decision_type=1 2 2 2 1 2 2 2 2 2 2 2 2 2 2 2 2 2 2 2 2 2 1 2 1 2 2 2 2 2
left_child=1 5 3 -3 -2 12 16 -6 9 10 11 -9 17 14 -14 -16 -7 18 -1 -20 -19 22 23 -10 27 28 -25 -23 -24 -30
right_child=4 2 -4 -5 7 6 -8 8 21 -11 -12 -13 13 -15 15 -17 -18 20 19 -21 -22 24 25 26 -26 -27 -28 -29 29 -31
leaf_value=-0.72047908455133447 -1.8891153251152695 7.8730105948448159 25.487849464416506 -6.6594136873881027 -2.2818203957875571 3.6634752682277134 -14.262061214447023 2.7980879102434435 -3.1731836712608739 23.201645998954774 -5.2196078971580224 17.984051077706475 2.0838764456751413 -3.6770467251539234 1.8061995506286619 15.940093536376953 -4.8345456049992492 0.74094129507658923 13.371070245334076 -0.60746213368007118 -4.4424816651777794 0.83024161469453439 0.19219906251442614 12.516288453737895 -1.8284488089065083 -2.2018064823248045 3.7582070560778607 -8.4718180222944781 14.93918915661898 0.25706318457921346
leaf_weight=40 456 10.000000000000002 9.9999999999999982 11.999999999999998 180 35 15.999999999999998 21 48 9.9999999999999982 27 13.999999999999998 584 24 14.000000000000002 9.9999999999999982 12.999999999999998 61 14.000000000000002 13.999999999999998 55 469 197 14.999999999999998 600 257 177 10.999999999999998 11.000000000000002 14.999999999999998
leaf_count=40 456 10 10 12 180 35 16 21 48 10 27 14 584 24 14 10 13 61 14 14 55 469 197 15 600 257 177 11 11 15
internal_value=-0.00372579 1.46966 7.92799 -0.0537663 -0.543198 1.25152 -2.54407 -0.236394 -0.0409811 5.57811 2.7356 8.87247 1.54921 2.0782 2.30538 7.69532 1.36193 -0.267759 2.20399 6.3818 -1.71672 -0.265745 0.473361 2.80254 -0.758482 -0.734314 4.44243 0.604476 0.923992 6.46873
internal_weight=3420 912 32 22 2508 880 64 2052 1872 72 62 35 816 632 608 24 48 184 68 28 116 1800 720 240 1080 480 192 480 223 26
internal_count=3420 912 32 22 2508 880 64 2052 1872 72 62 35 816 632 608 24 48 184 68 28 116 1800 720 240 1080 480 192 480 223 26
cat_boundaries=0 1 2 3 4
cat_threshold=8454267 805330944 2626944 105285636
is_linear=0
shrinkage=0.05


Tree=50
num_leaves=31
num_cat=3
split_feature=30 15 27 30 23 23 6 18 15 18 28 18 23 23 23 15 30 28 28 12 26 16 0 23 16 13 8 19 9 28
split_gain=988903 434081 532187 352515 263561 536126 1.13674e+06 642212 341775 275201 346594 753821 1.76399e+06 317331 466173 539863 297589 480026 1.02719e+06 3.90541e+06 630503 1.93633e+06 444915 442970 592842 511779 331020 332946 298820 418971
threshold=0 1264.7692307692312 0.8542199457734333 1 10.500000000000002 11.500000000000002 661.50000000000011 386.58653846153851 224.2692307692308 310.04807692307696 -0.98182534576205283 263.55769230769238 26.500000000000004 20.500000000000004 19.500000000000004 245.19230769230771 2 -0.95297903005573326 -0.88545602565320969 239.07692307692312 -0.91023613416931226 342.53083170294548 1021.5000000000001 29.500000000000004 362.32293123154687 220.57096302765663 43.500000000000007 -305.99999999999994 540.12500000000011 -0.78574730703237872
decision_type=1 2 2 1 2 2 2 2 2 2 2 2 2 2 2 2 1 2 2 2 2 2 2 2 2 2 2 2 2 2
left_child=1 -1 -3 -2 -5 6 7 8 -6 10 11 -7 -13 14 -12 -16 -11 26 19 -19 21 -20 28 24 25 -21 -18 -28 -22 -30
right_child=3 2 -4 4 5 9 -8 -9 -10 16 13 12 -14 -15 15 -17 17 18 20 23 22 -23 -24 -25 -26 -27 27 -29 29 -31
leaf_value=1.0927260885857666 -2.0258517821742728 -0.657478852570057 11.11495704650879 -2.1366459851132502 -1.6398520556363192 -1.766578686490972 18.891881361874667 -4.7269924621582033 8.9362333908081055 -0.84851668314500284 -0.80749636205316289 -0.75719520780775285 25.434357852935783 -2.3086694991649295 13.583437050305875 -0.82626586327186002 -10.619634323120117 35.9735425901413 1.940859095255534 8.1283095415900739 1.0665116291721257 -22.198180516560875 -6.5576192326015903 -3.9858145738902842 14.658522085348764 -3.8132544467323708 -9.9107356262207045 -0.39559781049427234 13.454731130599976 2.0123297442992527
leaf_weight=986 342 15.999999999999998 24 180 10.999999999999998 47 10.999999999999998 25 25 430 171 18 10.000000000000002 402 13.000000000000002 12.999999999999998 9.9999999999999982 9.9999999999999982 27 17 392 11.999999999999998 18 19 11.999999999999998 19 9.9999999999999982 114 11.999999999999998 24
leaf_count=986 342 16 24 180 11 47 11 25 25 430 171 18 10 402 13 13 10 10 27 17 392 12 18 19 12 19 10 114 12 24
internal_value=-0.004083 1.28732 6.40598 -0.560579 -0.307726 -0.133512 4.09727 1.42939 5.70465 -0.302744 -1.10184 2.10246 8.59693 -1.50304 0.140921 6.37859 0.175578 0.80885 1.46165 6.82645 0.609924 -5.48654 1.14302 2.47614 5.03399 1.82582 -1.86867 -1.16295 1.46688 5.82646
internal_weight=3420 1026 40 2394 2052 1872 72 61 36 1800 674 75 28 599 197 26 1126 696 562 77 485 39 446 67 48 36 134 124 428 36
internal_count=3420 1026 40 2394 2052 1872 72 61 36 1800 674 75 28 599 197 26 1126 696 562 77 485 39 446 67 48 36 134 124 428 36
cat_boundaries=0 1 2 3
cat_threshold=75563131 268460032 17040004
is_linear=0
shrinkage=0.05


Tree=51
num_leaves=31
num_cat=4
split_feature=18 30 28 9 23 10 23 30 23 6 8 6 30 23 30 23 18 20 23 27 23 27 18 12 7 23 12 18 23 23
split_gain=918624 385888 356775 317034 289580 278028 275080 544162 329697 5.29225e+06 679368 1.18822e+06 354470 406018 690730 690433 548744 392196 389146 363274 879597 306018 474688 284887 280799 277369 484123 274868 265574 588212
threshold=465.1153846153847 0 -0.99635443704902682 58.375000000000007 35.500000000000007 44.380033070379362 31.500000000000004 1 29.500000000000004 33.000000000000007 23.000000000000004 63.000000000000007 2 13.500000000000002 3 10.500000000000002 386.58653846153851 1.4380388242571398 11.500000000000002 0.8542199457734333 20.500000000000004 0.95297903005573359 431.22115384615387 327.73076923076928 39.500000000000007 30.500000000000004 492.69230769230774 415.18269230769238 34.500000000000007 33.500000000000007
decision_type=2 1 2 2 2 2 2 1 2 2 2 2 1 2 1 2 2 2 2 2 2 2 2 2 2 2 2 2 2 2
left_child=1 4 -2 -3 -1 -6 8 -8 10 -10 11 -5 19 14 15 27 18 23 -17 20 -12 -21 -23 -15 -9 -11 -27 -14 29 -4
right_child=2 3 28 6 5 -7 7 24 9 25 12 -13 13 17 -16 16 -18 -19 -20 21 -22 22 -24 -25 -26 26 -28 -29 -30 -31
leaf_value=-1.7269158111890623 -3.7052038206372941 6.4796992831759983 1.4100520525051277 -21.393231811523439 -0.2529974437008301 10.145173625946045 1.3845781236886978 -10.984774242747914 35.667086081613199 -3.2103497678718784 8.2851873155073701 -1.7864619360250586 -1.6888845035764906 -0.87308971902410348 -1.5028431000808875 16.571823883056641 -0.49685433208942414 -4.1880964238068152 7.1157273601083197 -3.2428136876651217 0.69745697312355048 3.5021181352436543 -6.1266137719154363 3.7196231126785282 -2.7543623976534306 4.1464444520738395 -7.1564144134521488 7.4755899047851564 -1.5358129981585913 8.1127189552082744
leaf_weight=686 35 18 878 9.9999999999999982 18.000000000000004 9.9999999999999982 100 10.999999999999998 10.999999999999998 55 55 34 45 544 110 15.999999999999998 15.999999999999998 87 34 56 125 64 15.999999999999998 36 179 45 11.999999999999998 9.9999999999999982 70 34
leaf_count=686 35 18 878 10 18 10 100 11 11 55 55 34 45 544 110 16 16 87 34 56 125 64 16 36 179 45 12 10 70 34
internal_value=-0.00429908 -0.5374 1.25533 -0.119838 -1.50244 3.46064 -0.191646 -1.59159 0.102331 2.57302 -0.139238 -6.24255 0.0819687 -0.427169 1.37467 3.80069 7.56264 -1.0576 10.1417 1.49503 3.01593 -0.407999 1.57637 -0.588025 -3.06932 -0.677288 1.7669 -0.0226164 1.43213 1.65993
internal_weight=3420 2403 1017 1689 714 28 1671 290 1381 123 1258 44 1214 898 231 121 66 667 50 316 180 136 80 580 190 112 57 55 982 912
internal_count=3420 2403 1017 1689 714 28 1671 290 1381 123 1258 44 1214 898 231 121 66 667 50 316 180 136 80 580 190 112 57 55 982 912
cat_boundaries=0 1 2 3 4
cat_threshold=805856384 88344576 10555392 218497536
is_linear=0
shrinkage=0.05


Tree=52
num_leaves=31
num_cat=4
split_feature=18 18 23 23 30 12 23 27 16 12 27 16 23 23 13 10 6 30 23 30 23 23 14 6 23 30 10 16 16 23
split_gain=833191 501056 2.3593e+06 1.49586e+06 383439 363572 1.44059e+06 590413 425828 373124 307383 935627 292903 1.57322e+06 1.26714e+06 1.35267e+06 875822 843412 527736 604489 460454 458590 3.65334e+06 1.41152e+06 377617 455533 522871 365977 307708 450256
threshold=670.13461538461547 705.96153846153857 21.500000000000004 32.500000000000007 0 451.30769230769232 30.500000000000004 0.99635443704902704 527.19370314121477 574.1538461538463 0.98182534576205316 721.09656335407578 27.500000000000004 26.500000000000004 142.04869729328433 48.570725256631306 56.500000000000007 1 23.500000000000004 2 28.500000000000004 30.500000000000004 1.0000000180025095e-35 36.500000000000007 10.500000000000002 3 210.30258835944716 240.9254984497239 144.30127372551485 14.500000000000002
decision_type=2 2 2 2 1 2 2 2 2 2 2 2 2 2 2 2 2 1 2 1 2 2 2 2 2 1 2 2 2 2
left_child=4 2 -2 -4 -1 6 8 9 -3 -7 -11 -12 13 18 -15 -16 -17 21 24 -20 -19 22 -14 -23 -6 28 -27 -18 29 -26
right_child=1 5 3 -5 12 7 -8 -9 -10 10 11 -13 17 14 15 16 27 20 19 -21 -22 23 -24 -25 25 26 -28 -29 -30 -31
leaf_value=-1.6513447652107069 27.927881135940552 -7.7478410720825197 -10.472115087509152 12.361915243588962 -1.7245400871723697 -1.2920659137946187 22.092461795806884 9.4433507442474376 3.3966556215286254 1.7048717620484917 8.3231252765655483 -10.951181838091683 -0.12700391968091329 -2.838551014255394 27.043348693847658 20.357577667236328 7.18986104929989 -6.6239816665649416 0.5490790188312531 -4.5518619918823244 -1.6355395924682263 -13.507683894213509 30.094442240397139 1.8338411490748248 -8.0839322209358198 0.79162874503512848 -2.3714032027007499 -3.9799559853293682 2.7991541697428777 5.4407244682312017
leaf_weight=500 9.9999999999999982 9.9999999999999982 16.000000000000004 12.999999999999998 190 198 9.9999999999999982 19 60 388 10.000000000000002 17 60 22 10.999999999999998 9.9999999999999982 22 52 108 120 419 17 11.999999999999998 127 16.000000000000004 499 177 10.999999999999998 286 9.9999999999999982
leaf_count=500 10 10 16 13 190 198 10 19 60 388 10 17 60 22 11 10 22 52 108 120 419 17 12 127 16 499 177 11 286 10
internal_value=-0.00410143 1.46714 6.98538 -0.23617 -0.418077 1.16488 4.34057 0.762889 1.80458 0.493837 1.34591 -3.81255 -0.125591 0.26943 7.27634 11.3972 7.39473 -0.97956 -0.109322 -2.31119 -2.14083 1.57867 4.9099 0.0226889 0.316846 0.70942 -0.0360286 3.46659 2.25349 -2.88214
internal_weight=3420 751 39 29 2669 712 80 632 70 613 415 27 2169 1482 76 54 43 687 1406 228 471 216 72 144 1178 988 676 33 312 26
internal_count=3420 751 39 29 2669 712 80 632 70 613 415 27 2169 1482 76 54 43 687 1406 228 471 216 72 144 1178 988 676 33 312 26
cat_boundaries=0 1 2 3 4
cat_threshold=805331008 104990976 237279488 144774144
is_linear=0
shrinkage=0.05


Tree=53
num_leaves=31
num_cat=2
split_feature=18 30 28 27 17 15 8 28 30 27 28 23 27 16 27 23 10 23 9 16 23 16 12 28 28 28 12 28 12 16
split_gain=762901 322431 316244 266937 943681 299729 249175 424721 243846 567035 422559 1.07487e+06 487617 753482 393918 2.92005e+06 2.43016e+06 688245 347903 339378 631336 312116 305941 837471 1.12182e+06 2.74527e+06 3.87432e+06 886837 869037 730924
threshold=465.1153846153847 0 -0.99635443704902682 0.99635443704902704 1.0000000180025095e-35 224.2692307692308 12.500000000000002 -0.85421994577343296 1 0.99635443704902704 -0.40966402954315212 15.500000000000002 0.98182534576205316 914.42243448379065 0.91023613416931248 15.500000000000002 189.89526596447749 17.500000000000004 99.125000000000014 1073.6600919650334 11.500000000000002 893.31603063187322 486.50000000000006 -0.61559370248597534 -0.85421994577343296 -0.78574730703237872 411.80769230769238 -0.91023613416931226 397.07692307692315 520.39377750407095
decision_type=2 1 2 2 2 2 2 2 1 2 2 2 2 2 2 2 2 2 2 2 2 2 2 2 2 2 2 2 2 2
left_child=1 -1 -2 6 5 -5 7 -3 9 10 -4 12 -12 -14 17 18 -17 -10 -16 -20 -21 -13 23 24 27 26 -26 29 -27 -19
right_child=2 3 8 4 -6 -7 -8 -9 14 -11 11 21 13 -15 15 16 -18 22 19 20 -22 -23 -24 -25 25 28 -28 -29 -30 -31
leaf_value=-1.4837968643376085 -3.5270902272633147 2.8387599138113169 3.2208698491745751 -6.8277350902557377 15.658251762390137 2.1820719303190708 -0.18147160553723943 -8.4679814178010684 -4.8275307671816066 13.107761446634928 4.8446915873774783 -4.1892002463340745 5.9102628707885723 -11.870236083177421 7.7315050317772807 31.25675465901692 -0.56411893844604488 -1.6974495239257814 -2.0522240466666672 11.943034161840167 -0.84964942547582811 -15.593068440755211 -0.57613114856415248 -3.3146531251569593 2.4565622329711907 8.9717312494913752 46.469766349792479 -9.2765707919472149 -5.5914587962627413 11.740605702119716
leaf_weight=600 35 12.999999999999998 233 11.999999999999998 11.999999999999998 40 1703 23 66 11.999999999999998 54 12.000000000000002 11.000000000000002 12.999999999999998 13.999999999999998 15.000000000000002 9.9999999999999982 25 106 13.999999999999998 31 11.999999999999998 209 48 10.000000000000002 21 9.9999999999999982 19 20 17
leaf_count=600 35 13 233 12 12 40 1703 23 66 12 54 12 11 13 14 15 10 25 106 14 31 12 209 48 10 21 10 19 20 17
internal_value=-0.00472297 -0.490542 1.14319 -0.150941 3.01952 0.102886 -0.268491 -4.38499 1.30964 2.36045 2.04594 -0.637981 2.20914 -3.72084 0.687421 2.6041 18.5284 -0.115488 0.191325 -0.507764 3.1303 -9.89113 0.705079 2.28021 4.48147 9.27607 24.4632 -0.313128 1.86774 3.74176
internal_weight=3420 2403 1017 1803 64 52 1739 36 982 347 335 102 78 24 635 190 25 445 165 151 45 24 379 170 122 61 20 61 41 42
internal_count=3420 2403 1017 1803 64 52 1739 36 982 347 335 102 78 24 635 190 25 445 165 151 45 24 379 170 122 61 20 61 41 42
cat_boundaries=0 1 2
cat_threshold=805332096 65618
is_linear=0
shrinkage=0.05


Tree=54
num_leaves=31
num_cat=2
split_feature=30 27 13 23 23 23 13 13 16 27 17 19 30 28 23 13 9 27 27 18 23 28 7 7 23 23 27 20 3 23
split_gain=699084 498622 1.45306e+06 420846 827645 711480 3.11648e+06 1.1669e+06 435963 438580 992963 321316 299637 489672 1.40163e+06 466141 307700 307138 739188 605078 657240 1.87079e+06 458845 307590 306199 782744 584133 1.05716e+06 278973 273164
threshold=0 0.99635443704902704 590.35813201828921 32.500000000000007 33.500000000000007 30.500000000000004 227.77386825985164 775.11440233683436 240.1993015551927 0.98182534576205316 1.0000000180025095e-35 -564.87499999999989 1 -0.98182534576205283 26.500000000000004 453.93360772170632 471.12500000000006 0.95297903005573359 0.8542199457734333 776.44230769230774 21.500000000000004 -0.70581670320594803 608.50000000000011 176.00000000000003 16.500000000000004 18.500000000000004 0.95297903005573359 1.053363230983771 12.500000000000002 35.500000000000007
decision_type=1 2 2 2 2 2 2 2 2 2 2 2 1 2 2 2 2 2 2 2 2 2 2 2 2 2 2 2 2 2
left_child=1 3 -3 5 -5 8 -7 -8 -1 11 -11 -10 17 14 -14 -15 -17 18 19 20 21 -13 -19 -23 26 -26 27 -18 -2 -6
right_child=28 2 -4 4 29 6 7 -9 9 10 -12 12 13 15 -16 16 24 22 -20 -21 -22 23 -24 -25 25 -27 -28 -29 -30 -31
leaf_value=-4.2949307375484045 -1.5870919246258934 -0.63772705925835493 23.133645151853564 -9.2184239898409164 2.7239317327737811 32.230499229431153 -2.7643162038591171 16.542642822265627 -1.9658157184123994 1.3902562236785889 -13.347812986373903 23.007906344532973 -11.199442437115838 15.251621942520144 12.391461296081539 8.9246387107031691 8.1516262817382792 1.2499026393606549 -4.3997597138086952 -0.052678347536183279 -2.0813065290451052 6.4500685084949794 13.855742506547408 -5.3742036646062683 13.810537960654811 2.5210092073678974 7.8373451232910156 -12.336332040674547 -0.17684457422470382 -3.3245783039501742
leaf_weight=36 417 18.000000000000004 9.9999999999999982 28 56 9.9999999999999982 36 9.9999999999999982 50 40 15.999999999999998 15.999999999999995 17 9.9999999999999982 10.000000000000002 28 10.000000000000002 21 60 109 15.999999999999998 11.000000000000005 10.999999999999998 10.999999999999998 19 80 13.999999999999998 17 2205 28
leaf_count=36 417 18 10 28 56 10 36 10 50 40 16 16 17 10 10 28 10 21 60 109 16 11 11 11 19 80 14 17 2205 28
internal_value=-0.00470376 1.28177 7.85205 1.0595 -1.77378 1.54176 6.93243 1.43285 1.0403 1.37965 -2.82062 1.84085 2.25462 3.63504 -2.46207 4.76409 4.13984 0.964505 0.344989 2.09152 6.41963 9.99897 5.58316 0.537932 3.18287 4.68769 -0.450696 -4.7482 -0.399605 0.707762
internal_weight=3420 798 28 770 112 658 56 46 602 566 56 510 460 205 27 178 168 255 223 163 54 38 32 22 140 99 41 27 2622 84
internal_count=3420 798 28 770 112 658 56 46 602 566 56 510 460 205 27 178 168 255 223 163 54 38 32 22 140 99 41 27 2622 84
cat_boundaries=0 1 2
cat_threshold=8454259 8388720
is_linear=0
shrinkage=0.05


Tree=55
num_leaves=31
num_cat=2
split_feature=18 28 28 18 10 16 16 30 30 12 23 19 23 27 23 16 23 27 27 18 23 23 13 27 10 27 0 28 6 9
split_gain=635551 287204 1.34752e+06 6.40844e+06 6.03376e+06 689141 683600 638169 618633 573169 550167 624124 620546 497384 441204 439428 395158 393896 360461 513187 384039 842097 571752 474791 376780 761980 503080 512097 343402 335241
threshold=465.1153846153847 -0.85421994577343296 -0.78574730703237872 778.79807692307702 358.55180786165539 868.29259384067643 633.09311925413067 0 1 473.00000000000006 26.500000000000004 129.87500000000003 28.500000000000004 0.99635443704902704 22.500000000000004 223.35186587379721 28.500000000000004 0.17992617227144039 0.98182534576205316 871.31730769230774 34.500000000000007 32.500000000000007 311.57187236338001 0.8542199457734333 1032.2674855040616 0.91023613416931248 718.00000000000011 -0.2969602756650464 97.500000000000014 545.25000000000011
decision_type=2 2 2 2 2 2 2 1 1 2 2 2 2 2 2 2 2 2 2 2 2 2 2 2 2 2 2 2 2 2
left_child=-1 8 3 4 -3 6 -5 13 9 -2 11 -10 28 18 -13 -9 -11 -16 20 29 21 23 -23 -4 25 -25 27 -27 -12 -20
right_child=1 2 7 5 -6 -7 -8 15 10 16 12 14 -14 -15 17 -17 -18 -19 19 -21 -22 22 -24 24 -26 26 -28 -29 -30 -31
leaf_value=-0.44788901610885179 -13.798465474446616 58.671849365234358 -0.51295970612102093 -5.0721114108436982 7.8201229095458986 -13.506656678517661 10.590289930863815 -10.27199436534535 -3.5647847470399499 -3.6365462033372178 16.689632797241213 -5.0066965484619139 0.014476763911363556 11.401389968395234 0.86076951367514454 -0.13336976497493527 5.2436718177795418 12.186152222577263 -4.0106691360473619 -12.036940231323243 -2.9082177542770906 19.078192220415385 3.4245480728149418 -4.6969298919041957 11.628971234489891 19.083690166473396 -2.0430783051710861 6.0712950691100085 6.1834764317103801 8.3849834346771246
leaf_weight=2403 11.999999999999998 10.000000000000002 72 19.000000000000004 13.999999999999998 11.999999999999998 10.999999999999998 10.999999999999998 74 76 9.9999999999999982 9.9999999999999982 41 15.999999999999998 14.000000000000002 376 14.999999999999998 17 12.000000000000002 9.9999999999999982 24 14.000000000000002 9.9999999999999982 21 17 9.9999999999999947 12.999999999999998 31.000000000000004 35 9.9999999999999982
leaf_count=2403 12 10 72 19 14 12 11 11 74 76 10 10 41 16 14 376 15 17 12 10 24 14 10 21 17 10 13 31 35 10
internal_value=-0.00446857 1.04326 1.59191 8.39763 29.0083 -3.37992 0.670769 0.897665 -0.243547 -3.21508 1.37093 -0.823006 4.46409 2.75529 4.12557 -0.410929 -2.17277 7.07146 2.30126 -2.64524 3.0479 3.80825 12.5558 2.52812 4.90809 3.38469 6.52754 9.24505 8.51818 1.62372
internal_weight=3420 1017 713 66 24 42 30 647 304 103 201 115 86 260 41 387 91 31 244 32 212 188 24 164 92 75 54 41 45 22
internal_count=3420 1017 713 66 24 42 30 647 304 103 201 115 86 260 41 387 91 31 244 32 212 188 24 164 92 75 54 41 45 22
cat_boundaries=0 1 2
cat_threshold=154 352
is_linear=0
shrinkage=0.05


Tree=56
num_leaves=31
num_cat=1
split_feature=30 23 23 13 27 19 27 17 16 28 23 6 13 27 27 27 12 6 18 18 28 23 0 5 18 23 23 13 28 9
split_gain=604691 437159 764768 611318 341057 1.41946e+06 338169 867918 327522 291727 638082 634773 340440 613461 588613 1.10067e+06 559642 382857 363593 356730 558388 741494 582741 329821 310501 489423 266905 493252 429416 398878
threshold=0 32.500000000000007 33.500000000000007 189.1685591448128 0.99635443704902704 75.875000000000014 0.98182534576205316 1.0000000180025095e-35 721.09656335407578 -0.95297903005573326 26.500000000000004 129.50000000000003 780.64195041792539 0.95297903005573359 0.95297903005573359 0.8542199457734333 795.61538461538464 217.50000000000003 778.79807692307702 670.13461538461547 -0.91023613416931226 20.500000000000004 792.50000000000011 805.50000000000011 855.51923076923083 27.500000000000004 16.500000000000004 1127.7020060734746 -0.88545602565320969 1510.1250000000002
decision_type=1 2 2 2 2 2 2 2 2 2 2 2 2 2 2 2 2 2 2 2 2 2 2 2 2 2 2 2 2 2
left_child=1 3 -3 -1 6 -6 9 8 -8 10 -5 -12 14 16 15 18 -14 -16 19 20 -11 -22 -23 -21 25 -13 27 -18 -28 -30
right_child=-2 2 -4 4 5 -7 7 -9 -10 12 11 24 13 -15 17 -17 26 -19 -20 23 21 22 -24 -25 -26 -27 28 -29 29 -31
leaf_value=10.07932329631987 -0.37152006849873032 -8.845379682949611 0.69630867640177418 -3.2150096024785726 16.264354258775708 -7.7493165206909183 7.9610492779658388 -12.368301773071289 -1.8929765105247498 11.456245705485344 14.442309644005517 4.5993686502630053 13.81896334196392 -5.0509536198207314 13.767302264486041 -4.7996484998246318 -6.7414301145535234 3.5115460994151926 0.35246736944740653 4.4483675797780347 6.2925028414339641 -0.043791282971700041 -13.981045303344727 16.743401298522951 5.2900267167524859 -10.00185227394104 -0.97425715128580759 6.0399354298909511 17.722806852514083 5.3543528378009801
leaf_weight=21 2622 28 84 84 16.000000000000004 9.9999999999999982 12.999999999999998 15.999999999999998 24 15.999999999999998 10.999999999999998 11 19 13.999999999999998 13.999999999999998 71 13.000000000000002 26 117 12.000000000000002 37 30 9.9999999999999982 9.9999999999999982 22 12 11.999999999999995 18 11.000000000000005 15.999999999999998
leaf_count=21 2622 28 84 84 16 10 13 16 24 16 11 11 19 14 14 71 13 26 117 12 37 30 10 10 22 12 12 18 11 16
internal_value=-0.00424514 1.19223 -1.68911 1.68003 1.41479 7.02833 1.18639 -2.63831 1.56925 1.53231 -0.458886 3.6753 2.15734 4.67822 1.40035 0.647777 6.20865 7.10106 2.31488 4.31142 2.95697 1.19089 -3.5281 10.037 1.04336 -3.01866 4.143 0.680008 6.89563 10.3934
internal_weight=3420 798 112 686 665 26 639 53 37 586 140 56 446 103 343 303 89 40 232 115 93 77 40 22 45 23 70 31 39 27
internal_count=3420 798 112 686 665 26 639 53 37 586 140 56 446 103 343 303 89 40 232 115 93 77 40 22 45 23 70 31 39 27
cat_boundaries=0 1
cat_threshold=8454259
is_linear=0
shrinkage=0.05


Tree=57
num_leaves=31
num_cat=4
split_feature=30 27 17 18 27 17 28 30 28 12 30 28 12 15 12 28 15 30 12 16 18 28 23 23 19 15 19 19 23 23
split_gain=560742 393376 4.12139e+06 421158 376070 724588 408501 474192 422908 1.67863e+06 1.26614e+06 4.52229e+06 4.70627e+06 2.39981e+06 839069 821658 957679 563362 634067 520594 506335 422306 393800 1.62104e+06 1.26193e+06 1.42847e+06 875109 391448 359592 348671
threshold=0 0.99635443704902704 1.0000000180025095e-35 409.07692307692315 0.98182534576205316 1.0000000180025095e-35 -0.95297903005573326 1 -0.78574730703237872 241.19230769230771 2 -0.85421994577343296 459.07692307692315 677.38461538461547 454.69230769230774 -0.85421994577343296 354.05769230769238 3 211.50000000000003 506.91435738486075 492.94230769230774 -0.91023613416931226 27.500000000000004 26.500000000000004 -142.49999999999997 432.26923076923083 -139.99999999999997 133.62500000000003 34.500000000000007 33.500000000000007
decision_type=1 2 2 2 2 2 2 1 2 2 1 2 2 2 2 2 2 1 2 2 2 2 2 2 2 2 2 2 2 2
left_child=1 4 3 -3 6 -6 7 -1 9 -8 11 14 -13 -14 -11 19 -17 18 -10 -12 21 -16 23 27 -25 -26 -24 -9 -19 -20
right_child=-2 2 -4 -5 5 -7 8 22 17 10 15 12 13 -15 20 16 -18 28 29 -21 -22 -23 26 24 25 -27 -28 -29 -30 -31
leaf_value=-3.4823050273006615 -0.56274239663034675 5.1291900982459389 30.701888910929366 -6.0665460450308668 -0.03445238769054413 -9.9400746703147895 22.938149719238282 -3.6171129275540839 -12.196949983512361 -13.355854658647017 -0.32859633078520328 47.906549210981893 -1.7472886244455972 27.895876797762782 14.057553434371947 2.3834637165069581 -10.44097360662512 2.47423327262061 -1.341298819824376 6.967876916860833 -1.5151225726241651 0.49440675215287649 8.1127653789520267 -1.9232107595963912 5.3050444221496562 31.415748180042613 -9.7259995460510265 3.0164016136101317 -1.8410566137305329 2.5840611033969458
leaf_weight=100 1938 11.999999999999998 11.999999999999998 28 80 24 9.9999999999999982 61 11.999999999999998 10.999999999999998 87 10.999999999999998 18.000000000000004 10.999999999999998 12.000000000000002 24 37 350 264 34 46 10.999999999999998 9.9999999999999982 10.999999999999998 10.000000000000002 10.999999999999998 22 35 56 72
leaf_count=100 1938 12 12 28 80 24 10 61 12 11 87 11 18 11 12 24 37 350 264 34 46 11 10 11 10 11 22 35 56 72
internal_value=-0.00408719 0.725365 5.00211 -2.70783 0.574919 -2.32037 0.802 -0.974998 1.23541 2.7836 2.11623 5.84534 20.0594 9.49667 -0.531012 -0.62913 -5.39529 0.594786 -0.878251 1.72165 1.51353 7.57083 0.762083 2.04999 11.7959 18.9821 -4.15139 -1.19864 1.83385 -0.50015
internal_weight=3420 1482 52 40 1430 104 1326 260 1066 312 302 120 40 29 80 182 61 754 348 121 69 23 160 128 32 21 32 96 406 336
internal_count=3420 1482 52 40 1430 104 1326 260 1066 312 302 120 40 29 80 182 61 754 348 121 69 23 160 128 32 21 32 96 406 336
cat_boundaries=0 1 2 3 4
cat_threshold=75960699 8520002 8388961 75890784
is_linear=0
shrinkage=0.05


Tree=58
num_leaves=31
num_cat=2
split_feature=30 23 18 23 17 13 28 23 10 23 23 18 18 18 13 13 23 15 23 1 23 13 15 18 23 23 19 5 30 23
split_gain=514824 390787 454766 286873 478086 347020 933440 2.09469e+06 405282 372845 465137 1.12338e+06 312207 471862 359969 280242 266044 744425 507302 279091 270082 708418 458046 519751 311592 903175 689355 614516 526828 1.13507e+06
threshold=0 35.500000000000007 274.45192307692315 35.500000000000007 1.0000000180025095e-35 1163.7482289565448 -0.51639395938746235 11.500000000000002 2018.6083889664799 34.500000000000007 33.500000000000007 844.1538461538463 394.33653846153851 313.25000000000006 575.55275557140124 106.30076290970284 10.500000000000002 1264.7692307692312 15.500000000000002 974.50000000000011 11.500000000000002 143.73997039731421 409.09615384615387 776.44230769230774 18.500000000000004 21.500000000000004 -297.99999999999994 825.00000000000011 1 30.500000000000004
decision_type=1 2 2 2 2 2 2 2 2 2 2 2 2 2 2 2 2 2 2 2 2 2 2 2 2 2 2 2 1 2
left_child=1 -1 -3 5 -5 9 8 -8 -7 10 16 12 13 -12 -14 -4 -2 19 -19 20 21 -18 -23 -24 26 27 -22 -26 -27 -30
right_child=3 2 15 4 -6 6 7 -9 -10 -11 11 -13 14 -15 -16 -17 17 18 -20 -21 24 22 23 -25 25 28 -28 -29 29 -31
leaf_value=-0.86294672227094216 -1.4484183448820542 -0.77936089890343807 3.1972183227539053 -0.91566811375127277 -12.753266067504883 3.8220888471603383 0.27485980987548825 29.114324722290043 -10.413111305236818 -3.3028326487932049 -2.1065257263183588 16.34244704246521 -7.7066021855672178 13.253513298034669 4.5403150558471683 14.003115208943687 -8.1207406997680671 14.404064655303955 2.7030401489951394 -1.7385864126973036 -9.1702289798042997 13.433715692162515 -2.6538464387257896 9.731581693887712 3.414850881254885 2.0768664702882265 -0.066221926583463722 14.31556280510766 0.64423573402809386 -5.164798180116426
leaf_weight=1430 156 28 12.000000000000002 58 9.9999999999999982 10.000000000000002 17.000000000000004 9.9999999999999982 9.9999999999999982 61 10.000000000000002 15.999999999999998 15.000000000000002 9.9999999999999982 9.9999999999999982 11.999999999999998 9.9999999999999982 15.999999999999998 22 123 22 15.999999999999998 18 15.999999999999998 169 263 379 13.999999999999998 368 109
leaf_count=1430 156 28 12 58 10 10 17 10 10 61 10 16 15 10 10 12 10 16 22 123 22 16 18 16 169 263 379 14 368 109
internal_value=-0.00447423 -0.703373 3.54965 0.530868 -2.65649 0.64961 4.89161 10.9561 -3.29551 0.540245 0.673291 4.96317 0.9172 5.57349 -2.80784 8.60017 0.519451 0.718148 7.62979 0.543866 0.746715 4.0278 6.45751 3.17459 0.598025 1.10361 -0.565694 4.24879 0.325811 -0.669167
internal_weight=3420 1482 52 1938 68 1870 47 27 20 1823 1762 61 45 20 25 24 1701 1545 38 1507 1384 60 50 34 1324 923 401 183 740 477
internal_count=3420 1482 52 1938 68 1870 47 27 20 1823 1762 61 45 20 25 24 1701 1545 38 1507 1384 60 50 34 1324 923 401 183 740 477
cat_boundaries=0 1 2
cat_threshold=991456896 4292664
is_linear=0
shrinkage=0.05


Tree=59
num_leaves=31
num_cat=1
split_feature=18 4 28 13 23 30 27 28 12 12 28 28 5 15 10 28 23 28 10 13 16 27 5 23 19 28 15 23 23 16
split_gain=472133 239276 234104 198284 242263 233026 413758 348905 1.1424e+06 412991 325959 453404 388581 324989 246795 225022 554339 416698 692808 414784 235483 670980 528960 383958 182819 232806 420085 181581 406947 916388
threshold=454.38461538461542 3.5000000000000004 -0.99635443704902682 156.73836931081269 15.500000000000002 0 0.99635443704902704 -0.70581670320594803 589.03846153846166 541.30769230769249 -0.78574730703237872 -0.85421994577343296 755.50000000000011 546.7307692307694 205.39369522794797 -0.40966402954315212 15.500000000000002 -0.61559370248597534 402.79972093451096 352.60563460918041 914.42243448379065 0.98182534576205316 859.00000000000011 10.500000000000002 -564.87499999999989 -0.98182534576205283 904.2307692307694 10.500000000000002 11.500000000000002 733.24045091850257
decision_type=2 2 2 2 2 1 2 2 2 2 2 2 2 2 2 2 2 2 2 2 2 2 2 2 2 2 2 2 2 2
left_child=1 -1 -2 4 -4 6 7 8 -5 -9 11 13 -13 -10 -11 17 20 -16 19 -19 23 22 -22 -17 -15 -26 -27 -7 29 -29
right_child=2 -3 3 5 -6 27 -8 9 10 14 -12 12 -14 24 15 16 -18 18 -20 -21 21 -23 -24 -25 25 26 -28 28 -30 -31
leaf_value=-1.723183199853608 -3.0863272956675956 -0.20554523584547685 0.5148257936750138 16.887584768022812 9.816581671578545 -2.1064247184140341 11.063024139404298 -5.9146879653930666 9.2944916788736975 8.6151658630371095 7.533073817387872 0.094378159840901671 -12.629953966140747 -2.2068779285137472 -3.2037650660464636 -2.278081331253051 -8.6871573015263213 7.9236816787719704 13.816218516230585 -5.6211375309870801 11.521220051158556 -11.15357894897461 -2.5502614638384653 10.753701224693886 7.443487247667818 -1.745691747665405 7.6368761518422295 -0.48163433355443613 0.28951774532473745 18.593479285724463
leaf_weight=297 36 2069 14.000000000000002 13.999999999999998 13.999999999999998 70 11.999999999999998 25 14.999999999999998 9.9999999999999982 23 15.000000000000002 9.9999999999999982 26 19 10.000000000000002 19 10.000000000000002 15.999999999999998 12.999999999999998 11.000000000000002 11.999999999999998 17 12.999999999999998 18.999999999999993 40.000000000000007 17 17.000000000000004 527 9.9999999999999982
leaf_count=297 36 2069 14 14 14 70 12 25 15 10 23 15 10 26 19 10 19 10 16 13 11 12 17 13 19 40 17 17 527 10
internal_value=-0.00394688 -0.396052 0.876243 1.01637 5.1657 0.899018 1.88073 1.6226 3.17468 0.0350388 2.01116 1.11676 -4.99535 2.42277 1.02666 0.484624 -1.20125 2.8681 5.82619 0.267914 1.0564 -1.2616 2.97782 5.08771 1.41222 2.65034 1.05262 0.288443 0.596251 6.58322
internal_weight=3420 2366 1054 1018 28 990 366 354 179 175 165 142 25 117 150 140 82 58 39 23 63 40 28 23 102 76 57 624 554 27
internal_count=3420 2366 1054 1018 28 990 366 354 179 175 165 142 25 117 150 140 82 58 39 23 63 40 28 23 102 76 57 624 554 27
cat_boundaries=0 1
cat_threshold=65618
is_linear=0
shrinkage=0.05


Tree=60
num_leaves=31
num_cat=4
split_feature=30 15 27 28 28 23 30 23 18 6 13 30 23 16 13 13 30 23 23 18 27 8 23 23 9 18 21 19 23 23
split_gain=441446 306029 476063 261600 909609 531265 1.53428e+06 2.58854e+06 5.98558e+06 918423 536664 465177 619543 565454 507989 400478 340122 583608 2.75139e+06 3.10028e+06 1.65089e+06 1.42445e+06 771956 1.15633e+06 1.25751e+06 689614 659392 714339 377712 832016
threshold=0 1264.7692307692312 0.8542199457734333 -0.46472317204376873 -0.40966402954315212 21.500000000000004 1 20.500000000000004 468.26923076923083 239.50000000000003 1187.5402253294321 2 15.500000000000002 528.72187589308749 213.44160625748006 556.23983636990476 3 29.500000000000004 31.500000000000004 348.27884615384619 -0.51639395938746169 43.500000000000007 27.500000000000004 26.500000000000004 433.12500000000006 819.05769230769249 30.500000000000004 71.125000000000014 22.500000000000004 23.500000000000004
decision_type=1 2 2 2 2 2 1 2 2 2 2 1 2 2 2 2 1 2 2 2 2 2 2 2 2 2 2 2 2 2
left_child=1 3 -3 5 -5 6 7 9 -9 -1 16 12 -6 -14 -13 -11 17 21 19 -19 -21 -7 23 28 -25 26 27 -20 -23 -30
right_child=-2 2 -4 4 11 10 -8 8 -10 15 -12 14 13 -15 -16 -17 -18 18 25 20 -22 22 -24 24 -26 -27 -28 -29 29 -31
leaf_value=10.336811973308695 -0.57013584180280219 -1.7926974534988405 9.3417009671529136 -6.438722085952759 -0.16064190275139278 -14.158235465779024 -1.1505121286869049 0.67075861692428573 47.385221926371258 -3.2723166677355766 10.850801094373068 5.3389099962571089 -2.161168670654297 -13.258371794851204 0.46904060905651446 6.3076759656270349 -0.63110980065391653 38.388833732604979 -2.0955589413642879 17.520951848281062 -3.322371806596454 -5.0554502525112852 -4.8165098556252417 2.448995407422383 26.456424255371093 5.7897272220024698 0.66240306029448648 -17.560878528867448 10.690155071291057 -0.53762688167167438
leaf_weight=29 1710 15.999999999999998 24 56 180 17 115 16.000000000000004 11.999999999999998 40 11.999999999999998 68 29 19 252 14.999999999999998 494 9.9999999999999982 16.000000000000004 18.999999999999996 19.000000000000004 22 43 12.000000000000002 9.9999999999999982 26 37 13.999999999999998 22 66
leaf_count=29 1710 16 24 56 180 17 115 16 12 40 12 68 29 19 252 15 494 10 16 19 19 22 43 12 10 26 37 14 22 66
internal_value=-0.00374953 0.56268 4.88794 0.462451 -0.368912 0.933504 3.07943 6.90856 20.6912 3.13679 0.352902 0.251361 -1.44327 -6.55381 1.45832 -0.659591 0.200574 1.41095 3.8959 13.6179 7.09929 -0.340456 1.00184 2.89721 13.3615 -1.12193 -3.80406 -9.31271 0.804365 2.26932
internal_weight=3420 1710 40 1670 604 1066 227 112 28 84 839 548 228 48 320 55 827 333 141 48 38 192 175 132 22 93 67 30 110 88
internal_count=3420 1710 40 1670 604 1066 227 112 28 84 839 548 228 48 320 55 827 333 141 48 38 192 175 132 22 93 67 30 110 88
cat_boundaries=0 1 2 3 4
cat_threshold=78090619 2199873 2330688 491568
is_linear=0
shrinkage=0.05


Tree=61
num_leaves=31
num_cat=4
split_feature=30 28 28 30 23 12 28 12 10 21 10 27 23 28 16 30 27 30 23 23 12 23 16 13 9 19 16 13 26 19
split_gain=398948 296114 574823 1.45785e+06 3.61239e+06 4.84061e+06 1.65163e+06 3.0109e+06 1.1823e+06 629975 611383 1.44676e+06 580708 560844 968413 542277 616115 518827 469618 1.0676e+06 919279 519007 537065 459696 457590 450399 439009 436554 306500 625721
threshold=0 -0.95297903005573326 -0.78574730703237872 1 21.500000000000004 268.92307692307696 -0.88545602565320969 252.92307692307696 261.71361027830659 27.500000000000004 102.26049212424108 -0.51639395938746169 29.500000000000004 -0.85421994577343296 272.2382663181275 2 0.99635443704902704 3 27.500000000000004 26.500000000000004 495.00000000000006 24.500000000000004 489.4972710645913 440.67234784911705 759.62500000000011 -360.87499999999994 229.39819685023542 154.47071416906979 -0.85421994577343296 71.125000000000014
decision_type=1 2 2 1 2 2 2 2 2 2 2 2 2 2 2 1 2 1 2 2 2 2 2 2 2 2 2 2 2 2
left_child=-1 17 3 4 5 -3 7 -6 9 -8 11 -5 25 23 -15 16 -4 18 19 21 -21 -2 -23 -12 -16 -9 -13 -27 29 -17
right_child=1 2 15 10 6 -7 8 12 -10 -11 13 26 -14 14 24 28 -18 -19 -20 20 -22 22 -24 -25 -26 27 -28 -29 -30 -31
leaf_value=-0.57929115892175687 7.1696077919006349 2.1373748779296871 1.5851175687868488 20.426938883463542 33.749809417724613 51.333990859985356 -4.5725399971008294 16.307104554176338 -19.301080360412598 10.797579116821289 -0.8697632617042178 -6.163885046641032 -4.1595676079392438 3.9436089142509125 -11.667043328285217 -0.24525031050046286 11.689690041542054 -2.1850200729784759 -4.638208074569703 3.212639026641845 24.651844863891604 0.64980524823069574 -12.730089995861054 5.2679609915891366 -0.92652091979980478 9.3764017922537626 5.4180695957607696 -4.3018432807922364 -0.12943118360029379 -10.133069376150768
leaf_weight=1596 20 10.000000000000002 264 11.999999999999998 9.9999999999999982 9.9999999999999982 20.000000000000004 9.9999999999999947 9.9999999999999982 9.9999999999999982 105 14.999999999999998 15.999999999999998 23 34 48 15.999999999999998 220 20 10.000000000000002 9.9999999999999982 30 9.9999999999999982 43 13.999999999999998 14.000000000000005 18 9.9999999999999982 768 24
leaf_count=1596 20 10 264 12 10 10 20 10 10 10 105 15 16 23 34 48 16 220 20 10 10 30 10 43 14 14 18 10 768 24
internal_value=-0.00390588 0.499991 0.79659 2.46598 6.77304 26.7357 3.45781 8.70445 -4.41215 0.550833 0.242481 5.55978 3.69538 -0.839044 -4.49222 0.22423 2.08795 -0.878402 2.01333 3.92788 13.9322 0.59309 -2.69517 0.913494 -8.53439 7.39183 0.153545 3.67713 -0.416905 -3.54119
internal_weight=3420 1824 1504 384 120 20 100 60 40 30 264 45 50 219 71 1120 280 320 100 80 20 60 40 148 48 34 33 24 840 72
internal_count=3420 1824 1504 384 120 20 100 60 40 30 264 45 50 219 71 1120 280 320 100 80 20 60 40 148 48 34 33 24 840 72
cat_boundaries=0 1 2 3 4
cat_threshold=991456900 4358464 8388634 69275664
is_linear=0
shrinkage=0.05


Tree=62
num_leaves=31
num_cat=0
split_feature=18 12 23 27 27 18 18 27 10 9 5 23 8 13 13 27 23 15 15 19 23 13 10 6 23 18 13 23 23 10
split_gain=379406 206313 275805 214147 437066 972471 1.33775e+06 451232 1.52155e+06 431509 386863 384679 1.33761e+06 463875 655953 581288 448902 1.62768e+06 586254 332465 260527 905027 720884 721174 373961 402426 262326 279179 791324 1.05199e+06
threshold=454.38461538461542 246.7692307692308 13.500000000000002 0.98182534576205316 0.91023613416931248 963.86538461538476 902.20192307692321 0.78574730703237894 1009.5334883633096 481.12500000000006 168.50000000000003 21.500000000000004 199.00000000000003 296.02582450533214 330.10503337881818 0.61559370248597556 22.500000000000004 830.9807692307694 918.96153846153857 75.875000000000014 24.500000000000004 358.78418436680823 1233.8958226245766 953.50000000000011 26.500000000000004 488.84615384615387 301.79966013391697 33.500000000000007 30.500000000000004 250.10118616345764
decision_type=2 2 2 2 2 2 2 2 2 2 2 2 2 2 2 2 2 2 2 2 2 2 2 2 2 2 2 2 2 2
left_child=-1 2 -2 4 7 6 10 11 -9 -5 -6 12 -3 15 -15 -14 17 -13 20 -11 21 -18 23 -23 25 -22 27 28 -26 -30
right_child=1 3 -4 9 5 -7 -8 8 -10 19 -12 16 13 14 -16 -17 18 -19 -20 -21 24 22 -24 -25 26 -27 -28 -29 29 -31
leaf_value=-0.35561215885098485 -0.52517440829958228 18.030011626652307 8.8320276154412181 -4.9650158484776821 12.222009797529742 -4.2174944996833803 19.050704121589661 -4.3760106672655859 13.748293154056256 9.2973936947909266 2.2432341248156078 -11.046976239766394 -11.908533922831218 15.914933881759644 2.0490720539257445 1.3173675943303991 -3.1073822002410889 12.452972297668458 -5.772281751036644 -0.4211656174876473 -11.9212548828125 24.109230117797846 -2.2605232620239257 7.1873987534466908 -0.045514258631953491 -1.0321802378765175 0.62711307185841358 0.05409979281886932 23.094334983825679 3.2323873392740889
leaf_weight=2366 13.999999999999998 13.999999999999998 18 48 10.999999999999998 32 15.999999999999998 106 12.999999999999998 10.999999999999998 83 28 11.999999999999998 9.9999999999999982 58 27 25 9.9999999999999982 32 44 9.9999999999999982 10.000000000000002 9.9999999999999982 17 27 56 254 31 12.000000000000002 14.999999999999998
leaf_count=2366 14 14 18 48 11 32 16 106 13 11 83 28 12 10 58 27 25 10 32 44 10 10 10 17 27 56 254 31 12 15
internal_value=-0.00411473 0.78492 4.73825 0.661137 0.903441 3.4541 5.68583 0.437298 -2.39604 -1.50078 3.41096 0.949711 3.49655 1.59497 4.08817 -2.75214 0.375843 -4.86278 0.774776 1.52255 1.2234 4.24175 9.20737 13.4547 0.761329 -2.68204 1.43172 3.83607 6.0072 12.0599
internal_weight=3420 1054 32 1022 919 142 110 777 119 103 94 658 121 107 68 39 537 38 499 55 467 62 37 27 405 66 339 85 54 27
internal_count=3420 1054 32 1022 919 142 110 777 119 103 94 658 121 107 68 39 537 38 499 55 467 62 37 27 405 66 339 85 54 27
is_linear=0
shrinkage=0.05


Tree=63
num_leaves=31
num_cat=4
split_feature=30 18 15 27 28 28 28 15 28 23 30 23 16 10 30 13 28 23 13 28 13 30 23 16 23 23 19 19 15 18
split_gain=352573 257371 228438 430664 280037 789953 434313 594202 2.74892e+06 2.3308e+06 446207 446101 1.21728e+06 607456 424046 417768 374142 2.39735e+06 3.01523e+06 513783 614154 344458 605665 442236 341453 1.19843e+06 987784 878551 1.27504e+06 334331
threshold=0 296.23076923076928 1264.7692307692312 0.8542199457734333 -0.46472317204376873 -0.40966402954315212 -0.95297903005573326 228.57692307692309 -0.88545602565320969 19.500000000000004 1 34.500000000000007 578.22919827946919 1233.8958226245766 2 110.94428556382196 -0.78574730703237872 21.500000000000004 364.1726456725367 -0.91023613416931226 597.73167378488722 3 15.500000000000002 528.72187589308749 27.500000000000004 26.500000000000004 -142.49999999999997 -142.49999999999997 432.26923076923083 436.97115384615387
decision_type=1 2 2 2 2 2 2 2 2 2 1 2 2 2 1 2 2 2 2 2 2 1 2 2 2 2 2 2 2 2
left_child=1 -1 4 -4 6 -6 14 8 -8 -10 11 13 -13 16 -3 -7 17 18 -9 20 -19 22 -17 -24 25 -16 -26 -27 -29 -21
right_child=-2 2 3 -5 5 15 7 10 9 -11 -12 12 -14 -15 24 21 -18 19 -20 29 -22 -23 23 -25 26 27 -28 28 -30 -31
leaf_value=-4.4314520395719086 -0.51007813364397303 -3.1052936939759692 -2.0392573580145839 8.5509363810221366 -6.0247525340744428 9.8569828380237929 30.077335715293884 31.803414273262021 13.915608660380043 -17.948360859264028 0.066802650546645109 0.31518162839552932 21.66151580810547 -7.3760126829147339 -0.68847320526838307 -0.27683357283220456 0.9147896940127398 2.4268141984939575 -1.3523360749085747 4.4295206371106604 16.433534755706788 1.0576034290194511 -2.1953051653775302 -12.608901736610814 9.4027427933432843 -0.79327829905918668 -8.194139559515591 5.260559349060058 27.672397128018471 -3.2821111813739492
leaf_weight=26 1710 100 15.999999999999998 24 56 10.999999999999998 9.9999999999999982 16.000000000000004 12.000000000000002 10.999999999999998 364 17.000000000000004 10.999999999999998 15.999999999999998 120 177 156 36 11.999999999999998 19 9.9999999999999982 315 22 19 10.999999999999998 13.999999999999998 29 15.000000000000002 10.999999999999998 54
leaf_count=26 1710 100 16 24 56 11 10 16 12 11 364 17 11 16 120 177 156 36 12 19 10 315 22 19 11 14 29 15 11 54
internal_value=-0.00390898 0.502306 0.581463 4.31486 0.490626 -0.370173 0.985338 1.63292 8.19178 -1.32368 1.3285 2.57585 8.70124 2.11895 -0.620667 0.211916 2.62033 4.4303 17.5938 1.333 5.47175 0.0128625 -1.47748 -7.02112 0.739915 1.80989 -3.355 9.30497 14.7425 -1.27497
internal_weight=3420 1710 1684 40 1644 600 1044 744 33 23 711 347 28 319 300 544 303 147 28 119 46 533 218 41 200 160 40 40 26 73
internal_count=3420 1710 1684 40 1644 600 1044 744 33 23 711 347 28 319 300 544 303 147 28 119 46 533 218 41 200 160 40 40 26 73
cat_boundaries=0 1 2 3 4
cat_threshold=78090619 8552785 8520002 2330688
is_linear=0
shrinkage=0.05


Tree=64
num_leaves=31
num_cat=3
split_feature=30 18 28 12 28 12 30 7 28 16 23 23 2 30 28 9 6 10 26 15 4 10 16 15 13 23 0 10 16 23
split_gain=322551 236175 207810 1.85277e+06 984105 7.58383e+06 557882 543374 466999 1.04544e+06 606755 551814 460362 381698 923199 3.75796e+06 1.5253e+06 732578 597731 393164 389230 353592 328677 281515 259471 288861 511242 333585 249366 589115
threshold=0 296.23076923076928 -0.91023613416931226 244.57692307692309 -0.88545602565320969 338.80769230769238 1 6.5000000000000009 -0.95297903005573326 506.91435738486075 27.500000000000004 26.500000000000004 298.50000000000006 2 -0.78574730703237872 439.12500000000006 343.50000000000006 436.48439283388421 -0.95297903005573326 749.42307692307702 1350.0000000000002 338.32457935920468 277.70498483096191 918.96153846153857 259.95117145728858 34.500000000000007 219.50000000000003 1233.8958226245766 740.80007756006705 15.500000000000002
decision_type=1 2 2 2 2 2 1 2 2 2 2 2 2 1 2 2 2 2 2 2 2 2 2 2 2 2 2 2 2 2
left_child=1 -1 3 -3 5 -4 8 12 10 -10 11 -5 -6 14 15 16 -9 19 22 -17 -16 -7 -15 -8 -20 27 -27 28 -26 -30
right_child=-2 2 4 6 7 21 23 13 9 -11 -12 -13 -14 18 20 17 -18 -19 24 -21 -22 -23 -24 -25 25 26 -28 -29 29 -31
leaf_value=-4.2098793469942537 -0.4571215929881941 -21.649001979827883 46.824192543029788 0.72994478965799026 -15.144126281738275 -4.4752716890970872 -0.65144408307819957 11.091801972822708 -0.42847179770469657 17.945140190124512 -7.4756381273269659 11.451941239833832 0.02759004354476929 -1.1505212306976316 0.62771999188565086 1.2688060349888273 37.422763148221108 11.226069507598877 1.5458041299197633 -9.0432316027189561 8.8382208283742276 5.1480061803545274 -13.207739375187799 -6.6797233967554011 -1.2432341938678342 12.687451431967997 -0.32968203822771708 -9.5732376098632823 -4.6705865979194643 7.5234662862924431
leaf_weight=26 1824 9.9999999999999982 9.9999999999999982 48 10.000000000000002 30 249 11.000000000000002 16.000000000000004 14.999999999999998 15.999999999999998 15.999999999999998 9.9999999999999982 10.000000000000002 383 18 10.999999999999998 9.9999999999999982 236 19 14.999999999999998 13.999999999999998 12.999999999999998 21 291 10.999999999999998 24 10.999999999999998 15.999999999999998 26
leaf_count=26 1824 10 10 48 10 30 249 11 16 15 16 16 10 10 383 18 11 10 236 19 15 14 13 21 291 11 24 11 16 26
internal_value=-0.00407772 0.513335 0.594823 -0.404077 0.926095 7.51955 0.153533 0.609609 2.9833 8.46199 1.23323 3.41044 -7.55827 0.757444 1.82375 7.202 24.2573 -0.781323 -0.0508526 -4.02656 0.937161 -1.41332 -7.96547 -1.0803 0.244314 -0.566112 3.76142 -1.00641 -0.723425 2.87811
internal_weight=3420 1596 1570 391 1179 54 381 1125 111 31 80 64 20 1105 467 69 22 47 638 37 398 44 23 270 615 379 35 344 333 42
internal_count=3420 1596 1570 391 1179 54 381 1125 111 31 80 64 20 1105 467 69 22 47 638 37 398 44 23 270 615 379 35 344 333 42
cat_boundaries=0 1 2 3
cat_threshold=78057851 2162960 10485874
is_linear=0
shrinkage=0.05


Tree=65
num_leaves=31
num_cat=2
split_feature=30 23 23 13 13 18 15 15 30 19 23 15 23 28 16 23 6 10 10 23 23 23 18 13 7 12 20 29 28 0
split_gain=299540 216986 660861 740936 760565 1.07397e+06 828696 699311 411470 266272 517462 406684 331594 270569 472101 346061 410403 339499 256051 356888 1.51021e+06 340725 303202 256036 228219 314968 224859 223276 417688 359582
threshold=0 10.500000000000002 11.500000000000002 134.97487849547835 681.46100999810881 835.3557692307694 402.2884615384616 224.2692307692308 1 -305.99999999999994 18.500000000000004 1245.7307692307695 15.500000000000002 -0.95297903005573326 531.859597762303 29.500000000000004 737.00000000000011 156.50930997245842 48.570725256631306 27.500000000000004 26.500000000000004 21.500000000000004 300.04807692307696 780.64195041792539 834.00000000000011 459.07692307692315 0.43921297576951918 1.5000000000000002 -0.78574730703237872 307.00000000000006
decision_type=1 2 2 2 2 2 2 2 1 2 2 2 2 2 2 2 2 2 2 2 2 2 2 2 2 2 2 2 2 2
left_child=-1 8 3 -3 5 6 7 -5 -2 10 -4 18 -13 26 -15 16 17 -16 19 20 21 -11 -20 -17 -24 27 -12 29 -29 -26
right_child=1 2 9 4 -6 -7 -8 -9 -10 11 13 12 -14 14 15 23 -18 -19 22 -21 -22 -23 24 -25 25 -27 -28 28 -30 -31
leaf_value=-0.9320057170513899 1.2409579359401357 -7.7731467160311611 -6.9146554221709566 -0.87326882319016885 -6.9349927520751953 22.99899008989334 -1.7433063893318179 13.932805028455011 -2.8372139503558476 4.1469428097659895 3.1826086044311523 11.308238372802734 1.6673506541685628 -1.9265690693504192 3.5569470596313466 -6.5176539334383863 0.62367172241210944 15.450552825927737 -1.2466444792929374 -0.46020643477854528 18.792701422373455 -2.8339021616968618 0.16311633641254092 4.270313002846458 15.598849811553951 0.51469778019957746 -4.7587302522456394 9.541473635505227 0.42121030266086268 2.4985135338523174
leaf_weight=684 100 10.999999999999998 36 10.999999999999998 9.9999999999999982 9.9999999999999982 25 29 140 44 10.999999999999998 14.999999999999998 22 73 10.000000000000002 11.000000000000002 17 14.999999999999998 331 69 14.999999999999998 29 1395 10.999999999999998 10.000000000000002 163 47 17 48 10.999999999999998
leaf_count=684 100 11 36 11 10 10 25 29 140 44 11 15 22 73 10 11 17 15 331 69 15 29 1395 11 10 163 47 17 48 11
internal_value=-0.00394066 0.230639 0.369556 4.43748 6.01768 7.7447 5.39789 9.86113 -1.20449 0.206839 -1.40697 0.37871 5.57582 -0.390163 0.821678 3.9564 6.61739 10.6931 0.288517 2.23197 4.34287 1.37373 0.134025 -1.12367 0.412006 1.80639 -3.25261 4.2546 2.80651 8.73677
internal_weight=3420 2736 2496 96 85 75 65 40 240 2400 231 2169 37 195 137 64 42 25 2132 157 88 73 1975 22 1644 249 58 86 65 21
internal_count=3420 2736 2496 96 85 75 65 40 240 2400 231 2169 37 195 137 64 42 25 2132 157 88 73 1975 22 1644 249 58 86 65 21
cat_boundaries=0 1 2
cat_threshold=805855744 42340459
is_linear=0
shrinkage=0.05


Tree=66
num_leaves=31
num_cat=3
split_feature=30 27 17 27 17 28 15 12 30 23 23 23 16 23 19 18 10 28 28 16 23 27 20 13 28 30 23 13 23 21
split_gain=271113 589179 3.11772e+06 268666 795253 285207 2.45954e+06 1.63369e+06 415692 1.04082e+06 1.65654e+06 965807 967646 645097 394268 286312 228539 1.00692e+06 1.87838e+06 512335 615891 319150 357017 463934 293117 426578 729078 806080 616258 610474
threshold=0 0.99635443704902704 1.0000000180025095e-35 0.98182534576205316 1.0000000180025095e-35 -0.91023613416931226 214.5192307692308 244.57692307692309 1 27.500000000000004 26.500000000000004 24.500000000000004 489.4972710645913 25.500000000000004 133.62500000000003 1140.2115384615388 101.32906476840276 -0.78574730703237872 -0.85421994577343296 740.80007756006705 15.500000000000002 0.95297903005573359 0.78629075815242366 524.4756064853334 -0.46472317204376873 2 34.500000000000007 344.81409536398587 20.500000000000004 20.500000000000004
decision_type=1 2 2 2 2 2 2 2 1 2 2 2 2 2 2 2 2 2 2 2 2 2 2 2 2 1 2 2 2 2
left_child=1 3 -3 5 -5 7 -7 -1 9 10 11 12 -9 -10 -13 16 17 18 -8 -19 -21 24 -23 -24 25 28 -27 -28 -18 -30
right_child=-2 2 -4 4 -6 6 15 8 13 -11 -12 14 -14 -15 -16 -17 21 19 -20 20 -22 22 23 -25 -26 26 27 -29 29 -31
leaf_value=-20.574707098007202 -0.31864453721051333 -2.5498126523835318 27.911521879831952 0.88432831508772713 -9.9941478689511616 25.772866821289064 -1.6617580847306685 1.7259318329039077 -5.3381818249605706 -5.1956463217735296 19.863774001598358 -8.8565336367017338 20.032089042663575 1.1033831132596799 2.4438326982351448 7.0345072719785904 3.9362879788174348 -2.6471966621922514 28.27982612609863 -2.0777903874715165 13.63052095266489 -4.0792009871739614 2.136453169148143 11.765783860948352 -1.7641020064854491 1.0641980203615355 2.216573231036846 21.09871391296387 -12.823872721195222 -2.0264875186814204
leaf_weight=9.9999999999999982 2280 28 11.999999999999998 56 24 9.9999999999999982 11 21 69 32 15.999999999999998 19 10.999999999999998 89 12.999999999999998 18 34 51 10 12.000000000000002 12.999999999999998 12.999999999999998 41 18 181 217 13.000000000000002 9.9999999999999982 15.999999999999998 72
leaf_count=10 2280 28 12 56 24 10 11 21 69 32 16 19 11 89 13 18 34 51 10 12 13 13 41 18 181 217 13 10 16 72
internal_value=-0.00411326 0.622286 6.58859 0.410986 -2.37921 0.629826 1.14412 -0.729384 0.00562773 2.22666 5.47392 1.87646 8.01867 -1.60794 -4.26576 0.806741 0.649298 2.9049 12.5961 0.227056 6.09053 0.293536 3.42151 5.07422 -0.121223 0.700216 1.88293 10.4262 -1.64587 -3.98965
internal_weight=3420 1140 40 1100 80 1020 740 280 270 112 80 64 32 158 32 730 712 97 21 76 25 615 72 59 543 362 240 23 122 88
internal_count=3420 1140 40 1100 80 1020 740 280 270 112 80 64 32 158 32 730 712 97 21 76 25 615 72 59 543 362 240 23 122 88
cat_boundaries=0 1 2 3
cat_threshold=75694203 67174424 67174434
is_linear=0
shrinkage=0.05


Tree=67
num_leaves=31
num_cat=4
split_feature=4 30 28 13 27 27 23 13 28 4 20 27 16 14 27 9 27 23 10 6 30 30 27 10 20 9 28 30 23 23
split_gain=266820 329968 338275 301860 794582 286029 379992 580379 501019 354091 302008 375500 842665 386551 325854 259170 257068 564307 2.96127e+06 2.32467e+06 603456 341538 484873 853655 378891 312609 289063 559027 759028 3.19476e+06
threshold=160.50000000000003 0 -0.98182534576205283 142.29736881110435 -0.060268340127661565 0.95297903005573359 16.500000000000004 590.35813201828921 -0.51639395938746235 47.500000000000007 0.84369794663714259 0.99635443704902704 477.63834631062053 1.0000000180025095e-35 0.98182534576205316 155.87500000000003 0.91023613416931248 15.500000000000002 287.17862910836783 598.50000000000011 1 2 0.78574730703237894 984.66368809604694 1.5653623944330024 244.62500000000003 -0.95297903005573326 3 21.500000000000004 20.500000000000004
decision_type=2 1 2 2 2 2 2 2 2 2 2 2 2 2 2 2 2 2 2 2 1 1 2 2 2 2 2 1 2 2
left_child=1 5 3 -3 -5 6 -1 -8 9 -9 15 13 -13 14 -12 -7 21 20 19 -19 -18 24 26 -24 -2 -22 -23 -28 29 -29
right_child=16 2 -4 4 -6 10 7 8 -10 -11 11 12 -14 -15 -16 -17 17 18 -20 -21 25 22 23 -25 -26 -27 27 28 -30 -31
leaf_value=-2.8063924426124212 -1.1349091913256826 -0.28289375214865714 -1.4233410850293404 16.546209981224756 0.087772963805632154 3.6028062665462488 -0.15607399292916896 -4.6583103526722303 14.609392420450845 6.1749571800231937 5.8635346032955029 -2.4096580462022255 17.644790840148925 -5.6857881019512817 -1.7078675270080568 13.461234936714172 3.7352435194694245 4.3760144976469189 -9.040668444199996 28.59905745983124 1.2273794792660881 -0.39123891562073676 -3.6419404445921333 11.659486255645753 3.3556467009525677 -2.4096869396608933 0.13154262308688724 0.72758236350048167 2.0705003963447197 25.436422552560508
leaf_weight=105 595 66 827 10.999999999999998 22 20.000000000000004 321 10.999999999999998 11.999999999999998 24 27 11.000000000000002 9.9999999999999982 24 30 9.9999999999999982 101 26 22 15.999999999999998 109 199 103 9.9999999999999982 51 129 262 42 205 19
leaf_count=105 595 66 827 11 22 20 321 11 12 24 27 11 10 24 30 10 101 26 22 16 109 199 103 10 51 129 262 42 205 19
internal_value=-0.00395418 -0.494517 -1.08102 1.66938 5.57392 0.414195 -0.153278 0.603724 5.79298 2.77022 2.47902 1.18198 7.14008 -0.36271 1.87859 6.88895 0.393638 1.51368 5.81979 13.6038 0.700728 0.0898843 0.750237 -2.28783 -0.768495 -0.713973 1.23277 1.84485 3.39965 8.42378
internal_weight=3420 1531 926 99 33 605 473 368 47 35 132 102 21 81 57 30 1889 403 64 42 339 1486 840 113 646 238 727 528 266 61
internal_count=3420 1531 926 99 33 605 473 368 47 35 132 102 21 81 57 30 1889 403 64 42 339 1486 840 113 646 238 727 528 266 61
cat_boundaries=0 1 2 3 4
cat_threshold=186848430 142868530 162010765 68487202
is_linear=0
shrinkage=0.05


Tree=68
num_leaves=31
num_cat=3
split_feature=4 30 28 13 23 27 23 10 6 30 28 13 20 28 30 28 28 18 18 6 12 20 23 9 18 16 16 16 23 23
split_gain=241389 305041 366299 237549 729861 233581 508134 2.67254e+06 2.09802e+06 592015 320037 722268 499983 430505 416574 517318 1.4969e+06 2.55001e+06 8.18594e+06 887411 828160 471090 437276 404142 713609 367149 498877 308475 299035 1.16999e+06
threshold=160.50000000000003 0 -0.98182534576205283 142.29736881110435 26.500000000000004 0.91023613416931248 15.500000000000002 287.17862910836783 598.50000000000011 1 -0.51639395938746235 1009.2463829365155 0.81234416712218205 -0.40966402954315212 2 -0.85421994577343296 -0.78574730703237872 468.26923076923083 776.44230769230774 516.50000000000011 465.30769230769238 0.4736451419730453 33.500000000000007 430.25000000000006 670.13461538461547 234.92761902185723 457.6210484095057 200.06635797772935 30.500000000000004 29.500000000000004
decision_type=2 1 2 2 2 2 2 2 2 1 2 2 2 2 1 2 2 2 2 2 2 2 2 2 2 2 2 2 2 2
left_child=1 -1 3 -3 -5 10 9 8 -8 -7 14 13 -13 -12 28 21 17 20 -19 -20 -17 -16 23 24 27 -24 -27 -18 29 -2
right_child=5 2 -4 4 -6 6 7 -9 -10 -11 11 12 -14 -15 15 16 22 18 19 -21 -22 -23 25 -25 -26 26 -28 -29 -30 -31
leaf_value=0.36090272131046514 -0.89939824426895609 -0.019755409099161625 -1.4350760021042763 0.21525947575767837 15.768547924540261 3.6189466304946367 4.1572139744575214 -8.5886349764737222 27.169104385375977 -0.75519539257815604 -4.3610999953648273 -0.65850465774536115 14.789094057950107 -0.20140667072264479 6.7314358035723378 5.2212575706275741 4.0191487745805219 52.161761347452796 13.459742012023922 -5.7692567173639944 -8.3933238983154297 -0.49912311609337057 0.27599614007132395 1.7285591914847089 -14.103272247314454 17.165531990744846 2.6976718971362481 -2.857987203011437 -3.0955099160854633 9.2388120762763482
leaf_weight=643 347 64 789 24 10.999999999999998 104 26 22 15.999999999999998 235 121 10.000000000000002 10.999999999999998 128 24 37 22 11.999999999999998 10.000000000000002 14.999999999999998 15.999999999999998 367 21 111 11.999999999999998 11.000000000000002 12.999999999999998 63 104 31
leaf_count=643 347 64 789 24 11 104 26 22 16 235 121 10 11 128 24 37 22 12 10 15 16 367 21 111 12 11 13 63 104 31
internal_value=-0.00319116 -0.469791 -1.06338 1.79147 5.10344 0.374979 1.44263 5.5288 12.9236 0.671201 0.0854344 -1.47177 7.43309 -2.22278 0.431195 1.17198 2.60518 8.14326 18.2162 1.92234 1.1112 -0.0553036 0.63512 -0.331736 -2.68939 5.10414 9.32877 -1.07802 -0.706547 -0.0679577
internal_weight=3420 1531 888 99 35 1889 403 64 42 339 1486 270 21 249 1216 734 343 90 37 25 53 391 253 208 97 45 24 85 482 378
internal_count=3420 1531 888 99 35 1889 403 64 42 339 1486 270 21 249 1216 734 343 90 37 25 53 391 253 208 97 45 24 85 482 378
cat_boundaries=0 1 2 3
cat_threshold=53154990 136577202 153751182
is_linear=0
shrinkage=0.05


Tree=69
num_leaves=31
num_cat=2
split_feature=4 30 19 30 28 27 28 28 21 27 23 12 23 10 16 23 2 27 17 27 27 1 28 13 28 13 4 12 17 21
split_gain=218202 277705 218864 188117 226825 931042 297856 359051 490369 342249 935900 616461 496982 375723 297112 228718 317157 187351 929404 234480 282853 458681 341244 634232 1.02876e+06 476924 319567 295566 260930 232914
threshold=160.50000000000003 0 -282.74999999999994 1 -0.98182534576205283 -0.060268340127661565 -0.61559370248597534 -0.51639395938746235 15.500000000000002 0.91023613416931248 15.500000000000002 862.84615384615392 13.500000000000002 102.26049212424108 740.80007756006705 10.500000000000002 277.00000000000006 0.99635443704902704 1.0000000180025095e-35 0.98182534576205316 0.95297903005573359 189.50000000000003 -0.40966402954315212 590.35813201828921 -0.51639395938746235 545.7395474771256 47.500000000000007 251.84615384615387 1.0000000180025095e-35 8.5000000000000018
decision_type=2 1 2 1 2 2 2 2 2 2 2 2 2 2 2 2 2 2 2 2 2 2 2 2 2 2 2 2 2 2
left_child=1 17 -2 4 5 -4 -6 8 -8 11 12 14 13 -11 -9 -15 -17 19 -19 20 22 27 23 -1 26 -24 -25 -22 -21 -27
right_child=2 -3 3 -5 6 -7 7 9 -10 10 -12 -13 -14 15 -16 16 -18 18 -20 28 21 -23 25 24 -26 29 -28 -29 -30 -31
leaf_value=0.084778674376197169 -1.0274378013947318 -0.8767640591665693 17.362730546431109 0.25620414608044162 -0.51688022073109952 -0.59384796378158389 -1.9048930676281453 -1.5303011049826942 11.448614350232212 -2.8673471518925258 13.361049702292995 9.6640103600241929 -3.4018776098887127 0.51086136211048483 -10.64074053330855 2.7547541211048756 13.371494517606848 -4.8134226668964715 16.247895908355712 0.68175234361128378 3.314913690090179 -1.4942416005664403 0.046784889187131612 -4.4434398997913709 20.798058581352237 -4.0757333464092671 5.8481642087300623 14.196821740957407 -7.1101747319811865 -13.31068092692982
leaf_weight=200 248 1080 10.999999999999998 1248 150 21 9.9999999999999982 48 22 13.999999999999998 19 10.999999999999998 36 10.999999999999998 10.999999999999998 12.000000000000002 17 11.000000000000002 9.9999999999999982 22 12.000000000000002 18 70 10.999999999999998 9.9999999999999982 18.000000000000004 24 12.999999999999998 21 10.999999999999998
leaf_count=200 248 1080 11 1248 150 21 10 48 22 14 19 11 36 11 11 12 17 11 10 22 12 18 70 11 10 18 24 13 21 11
internal_value=-0.00256015 -0.446183 0.356988 0.566213 1.50583 5.57873 1.18651 2.39746 7.27564 1.52538 3.27744 -1.20284 1.14868 4.18239 -3.22886 6.6498 8.97836 0.59125 5.21578 0.379151 0.768346 4.59166 0.290432 1.29149 6.65464 -2.18693 2.61366 8.97351 -3.12361 -7.57864
internal_weight=3420 1531 1889 1641 393 32 361 211 32 179 109 70 90 54 59 40 29 451 21 430 387 43 344 245 45 99 35 25 43 29
internal_count=3420 1531 1889 1641 393 32 361 211 32 179 109 70 90 54 59 40 29 451 21 430 387 43 344 245 45 99 35 25 43 29
cat_boundaries=0 1 2
cat_threshold=52629678 1312787
is_linear=0
shrinkage=0.05


Tree=70
num_leaves=31
num_cat=5
split_feature=3 23 30 30 23 18 12 30 21 23 23 0 23 23 6 30 12 20 6 0 19 30 12 23 13 13 10 10 23 15
split_gain=205316 171214 500393 442512 835565 1.69498e+06 3.97872e+06 527506 419331 303517 1.84912e+06 1.39227e+06 739117 839138 7.43545e+06 950382 1.36303e+06 827452 761024 537340 411067 342642 298820 418860 436717 297134 286235 268418 266832 576043
threshold=12.500000000000002 21.500000000000004 0 1 20.500000000000004 468.26923076923083 574.1538461538463 2 16.500000000000004 26.500000000000004 27.500000000000004 155.50000000000003 29.500000000000004 30.500000000000004 95.500000000000014 3 187.92307692307693 0.85423681443623567 38.500000000000007 422.50000000000006 -161.62499999999997 4 622.11538461538476 35.500000000000007 1163.7482289565448 575.55275557140124 48.570725256631306 392.93489700502903 17.500000000000004 240.3461538461539
decision_type=2 2 1 1 2 2 2 1 2 2 2 2 2 2 2 1 2 2 2 2 2 1 2 2 2 2 2 2 2 2
left_child=-1 3 9 4 7 -6 -7 8 -2 21 11 -11 18 14 -14 16 -15 -17 -12 -13 -20 -3 23 24 -18 27 -9 -4 -28 -30
right_child=1 2 25 -5 5 6 -8 26 -10 10 12 19 13 15 -16 17 22 -19 20 -21 -22 -23 -24 -25 -26 -27 28 -29 29 -31
leaf_value=-1.0365101863468629 -1.3479045159437442 -2.7693753477660095 -1.244648363803603 -0.39007190053077306 0.26898116784937243 41.373026733398426 -1.3303489486376445 6.1030987769365312 -11.311513654390971 23.475619557698568 -13.018436915033005 -0.34498985943041349 46.043557040691383 -20.858886070251465 -2.412993207103328 14.506718369892665 0.26437198032032361 1.8632832869800211 7.6148133581334889 12.847328048485977 -2.8141190338490616 0.92892264015722592 -5.8811845949717929 -6.3992102596494895 11.839895172119142 1.0785841383252825 0.61055051902255331 -6.2375094464847018 9.0281118690967563 1.3567027476687845
leaf_weight=421 88 100 697 670 34 10.000000000000002 11.999999999999998 32 11.999999999999998 14.999999999999998 17 19 9.9999999999999982 9.9999999999999982 38 13.999999999999998 44 171 10.999999999999998 12.999999999999998 67 139 28 18 9.9999999999999982 140 416 28 32 104
leaf_count=421 88 100 697 670 34 10 12 32 12 15 17 19 10 10 38 14 44 171 11 13 67 139 28 18 10 140 416 28 32 104
internal_value=-0.00252288 0.142628 -0.213248 0.543683 1.37579 7.26628 18.0803 0.913642 -2.31231 0.752476 1.48152 10.9063 0.470193 1.55114 7.68212 0.553556 -2.9868 2.67546 -3.43259 5.01439 -1.34337 -0.695489 -1.49828 0.206188 2.40799 -1.01848 1.48028 -1.43748 1.2391 3.16174
internal_weight=3420 2999 1589 1410 740 56 22 684 100 724 485 47 438 343 48 295 110 185 95 32 78 239 100 72 54 865 584 725 552 136
internal_count=3420 2999 1589 1410 740 56 22 684 100 724 485 47 438 343 48 295 110 185 95 32 78 239 100 72 54 865 584 725 552 136
cat_boundaries=0 1 2 3 4 5
cat_threshold=643008570 162011091 320 1277954 5244968
is_linear=0
shrinkage=0.05


Tree=71
num_leaves=31
num_cat=4
split_feature=4 30 27 19 23 10 6 30 8 27 27 16 30 20 16 15 18 28 28 30 28 18 10 9 28 23 23 13 4 15
split_gain=190747 240661 202200 460826 806307 1.58662e+06 1.86534e+06 603605 378552 284364 279972 906420 410057 302057 277618 271385 264192 241218 573899 874791 2.24357e+06 3.1288e+06 3.33204e+06 2.71715e+06 558804 372268 768069 1.20967e+06 701037 329619
threshold=160.50000000000003 0 0.91023613416931248 282.87500000000006 15.500000000000002 287.17862910836783 598.50000000000011 1 830.50000000000011 0.98182534576205316 0.8542199457734333 1106.9530268025019 2 1.5609914885079388 740.80007756006705 284.90384615384619 783.21153846153857 -0.95297903005573326 -0.78574730703237872 3 -0.85421994577343296 468.26923076923083 232.71806792776133 260.12500000000006 -0.91023613416931226 27.500000000000004 26.500000000000004 564.20949411854815 561.00000000000011 434.69230769230779
decision_type=2 1 2 2 2 2 2 1 2 2 2 2 1 2 2 2 2 2 2 1 2 2 2 2 2 2 2 2 2 2
left_child=1 -1 10 4 7 6 15 -4 9 16 12 14 13 -2 -12 -6 -9 25 19 20 23 -22 -23 -19 29 26 -14 28 -28 -25
right_child=2 -3 3 -5 5 -7 -8 8 -10 -11 11 -13 17 -15 -16 -17 -18 18 -20 -21 21 22 -24 24 -26 -27 27 -29 -30 -31
leaf_value=0.78244228093652757 -1.1892302780734008 -0.73870688756722924 -2.1684798815228916 -3.7666253882646559 -1.2681260384046111 -8.5089795430501294 25.53856098651886 2.7440079289040082 11.990084114074708 0.14343640625476836 -2.8056902436466959 11.83246379852295 -1.410048401264044 3.4385620205025926 -10.240963745117188 8.948467944218562 9.6000902792986711 23.575003549456596 0.14634319952921318 0.70925648368936678 -2.4208734512329104 50.472661590576159 10.594204850630327 9.0083060524680398 -7.8171964711613118 -4.7416888299442475 6.3278678939456023 -7.1803180376688651 22.412524795532228 -2.0996477912454043
leaf_weight=323 489 1208 101 40 13.000000000000002 11.999999999999998 15.999999999999998 81 9.9999999999999982 100 77 9.9999999999999982 130 38 14.999999999999998 12.999999999999998 17 11.999999999999998 373 169 11.999999999999998 10.000000000000002 10.999999999999998 10.999999999999998 27.000000000000004 42 21.000000000000004 11.999999999999998 9.9999999999999982 17
leaf_count=323 489 1208 101 40 13 12 16 81 10 100 77 10 130 38 15 13 17 12 373 169 12 10 11 11 27 42 21 12 10 17
internal_value=-0.00272282 -0.417499 0.333446 1.32679 1.88805 7.52507 12.1062 0.902943 2.38399 2.01924 0.0640522 -2.464 0.250368 -0.839606 -4.01796 3.84017 3.93333 0.919698 1.41587 3.17622 6.61314 17.9458 29.5839 2.0184 -2.68485 -0.519119 0.506014 6.29876 11.5165 2.26419
internal_weight=3420 1531 1889 403 363 54 42 309 208 198 1486 102 1384 527 92 26 98 857 642 269 100 33 21 67 55 215 173 43 31 28
internal_count=3420 1531 1889 403 363 54 42 309 208 198 1486 102 1384 527 92 26 98 857 642 269 100 33 21 67 55 215 173 43 31 28
cat_boundaries=0 1 2 3 4
cat_threshold=2298030 37783561 153622158 164192
is_linear=0
shrinkage=0.05


Tree=72
num_leaves=31
num_cat=2
split_feature=3 28 28 7 27 16 27 27 13 18 17 30 16 25 15 9 6 28 23 18 1 6 23 30 27 23 16 19 27 23
split_gain=179409 161004 154305 140972 218238 1.05066e+06 290304 471640 631967 790202 453876 401134 368472 270256 263932 220096 209416 398358 1.59168e+06 299606 188190 177471 163865 156715 308557 342410 386704 374670 251449 408652
threshold=24.500000000000004 -0.99635443704902682 -0.99635443704902682 354.50000000000006 0.99635443704902704 724.40659654616309 0.98182534576205316 0.91023613416931248 837.46363738971456 902.20192307692321 1.0000000180025095e-35 0 263.10700852841688 0.95297903005573359 408.32692307692315 597.50000000000011 415.50000000000006 -0.98182534576205283 26.500000000000004 310.04807692307696 109.50000000000001 22.500000000000004 10.500000000000002 1 0.95297903005573359 11.500000000000002 389.98191904633416 3.2500000000000004 0.8542199457734333 21.500000000000004
decision_type=2 2 2 2 2 2 2 2 2 2 2 1 2 2 2 2 2 2 2 2 2 2 2 1 2 2 2 2 2 2
left_child=2 -2 -1 23 6 14 7 11 9 12 15 16 22 -13 -6 -8 17 18 -5 -19 -14 -21 -9 -3 28 27 -27 -26 29 -25
right_child=1 3 -4 4 5 -7 10 8 -10 -11 -12 13 20 -15 -16 -17 -18 19 -20 21 -22 -23 -24 24 25 26 -28 -29 -30 -31
leaf_value=3.6588952345980541 -1.8057471789565742 -0.66480452032868431 -1.0573946322728145 -7.4926728439331036 2.0742512454157289 14.404501430690289 -1.8061253665043759 0.97774829431013632 -5.5138721164904148 15.946574460543118 -10.216368789672853 -0.39870554984925866 -5.0296896240927964 -5.5232653295552296 -7.0730960210164389 5.841559756885875 0.17590861103941346 -3.9208974534815009 17.936031991709026 -2.8676252484321596 1.9617636244792445 2.6028607030906303 7.8504294314035565 2.8997571583685837 14.131935818990067 3.5088384217686128 -2.5281603926704044 2.278613835175832 -2.101409116813115 -0.42142867730458583
leaf_weight=18 102 693 475 10.000000000000002 23 15.999999999999998 65 10.999999999999998 19 12.999999999999998 14.999999999999998 546 10.999999999999998 27 11.999999999999998 10.999999999999998 214 22 15.999999999999998 15.999999999999998 77 202 41 123 12.000000000000002 72 42 14.999999999999998 126 375
leaf_count=18 102 693 475 10 23 16 65 11 19 13 15 546 11 27 12 11 214 22 16 16 77 202 41 123 12 72 42 15 126 375
internal_value=-0.00279363 0.145831 -0.885197 0.216295 0.581067 3.79025 0.456699 0.659104 3.08659 4.15462 -2.26798 0.262592 3.05966 -0.629196 -1.06198 -0.699224 1.31292 2.27701 8.15576 1.64015 1.08783 2.20136 6.39659 -0.12571 0.366546 2.4838 1.28468 7.54676 -0.105999 0.398864
internal_weight=3420 2927 493 2825 1367 51 1316 1225 172 153 91 1053 140 573 35 76 480 266 26 240 88 218 52 1458 765 141 114 27 624 498
internal_count=3420 2927 493 2825 1367 51 1316 1225 172 153 91 1053 140 573 35 76 480 266 26 240 88 218 52 1458 765 141 114 27 624 498
cat_boundaries=0 1 2
cat_threshold=72456306 390633762
is_linear=0
shrinkage=0.05


Tree=73
num_leaves=31
num_cat=2
split_feature=8 30 28 28 23 16 16 10 16 19 30 4 28 6 15 18 4 16 16 23 23 17 18 23 23 16 1 13 23 16
split_gain=165935 164577 204068 247426 729373 931494 1.25836e+06 1.87106e+06 341196 234665 378879 202089 314311 312642 261850 186583 173798 171716 169464 336555 249775 1.03712e+06 360775 310696 234785 1.16411e+06 208049 164554 1.23932e+06 1.48017e+06
threshold=12.500000000000002 0 -0.85421994577343296 -0.98182534576205283 26.500000000000004 253.19916483470334 151.59775462544857 71.411946633379912 240.1993015551927 -388.62499999999994 1 293.50000000000006 -0.78574730703237872 419.00000000000006 301.94230769230779 300.04807692307696 342.50000000000006 294.8490240624555 201.95117012813617 35.500000000000007 33.500000000000007 1.0000000180025095e-35 844.1538461538463 34.500000000000007 32.500000000000007 345.27968176326323 243.50000000000003 186.55145299504892 29.500000000000004 218.1155334566329
decision_type=2 1 2 2 2 2 2 2 2 2 1 2 2 2 2 2 2 2 2 2 2 2 2 2 2 2 2 2 2 2
left_child=-1 15 3 4 8 6 -6 -8 -3 -5 -11 -4 13 14 -13 -2 -14 -10 -17 20 24 22 -22 -24 27 -26 -21 28 -20 -30
right_child=1 2 11 9 5 -7 7 -9 17 10 -12 12 16 -15 -16 18 -18 -19 19 26 21 -23 23 -25 25 -27 -28 -29 29 -31
leaf_value=-1.1447937646477493 -3.3756403387213747 -3.4845634557480034 -0.18817329908474825 5.4702069369229411 -0.27695138926307361 -7.0445725954495941 32.566212692260727 4.9959741234779358 6.1172735810279848 -4.2798617961026038 -0.77003249600254753 5.7678631252712664 3.0012107543778002 11.109370530446371 -4.323255500793457 3.081415150382302 -0.19636308964854943 -0.56985136593381569 -0.8491536549809906 -10.308916168212891 -2.398495580599858 15.686257948194232 10.322446404184614 -0.034383710225423178 6.7315912471098063 -10.369719700018566 -1.9454598552194136 0.38153233560143757 -2.0446999246423889 22.102724126180014
leaf_weight=291 30 86 949 10.999999999999998 24 12.999999999999998 10.000000000000002 15.999999999999998 15.999999999999998 109 261 18.000000000000004 57 14.999999999999998 9.9999999999999982 66 167 24 72 9.9999999999999982 39 13.999999999999998 14 15 17 24 29 987 11.000000000000002 14.999999999999998
leaf_count=291 30 86 949 11 24 13 10 16 16 109 261 18 57 15 10 66 167 24 72 10 39 14 14 15 17 24 29 987 11 15
internal_value=-0.00275115 0.10346 -0.211014 -0.992827 0.486238 4.87891 7.97902 15.5999 -1.7101 -1.72654 -1.94049 0.153725 1.36894 5.28441 2.16389 0.51937 0.617305 2.105 0.612321 0.481639 0.629231 3.29347 0.742017 4.96547 0.43521 -3.27893 -4.08994 0.57556 2.52969 11.8865
internal_weight=3420 3129 1786 570 189 63 50 26 126 381 370 1216 267 43 28 1343 224 40 1313 1247 1208 82 68 29 1126 41 39 1085 98 26
internal_count=3420 3129 1786 570 189 63 50 26 126 381 370 1216 267 43 28 1343 224 40 1313 1247 1208 82 68 29 1126 41 39 1085 98 26
cat_boundaries=0 1 2
cat_threshold=614662271 18088320
is_linear=0
shrinkage=0.05


Tree=74
num_leaves=31
num_cat=3
split_feature=3 28 23 30 30 23 7 8 23 18 19 30 27 10 6 27 9 27 9 6 27 19 7 27 9 10 28 16 18 8
split_gain=152605 141406 139757 369755 359557 541837 1.0469e+06 284357 257623 262237 241080 209356 289408 1.13708e+06 323533 668057 379379 281238 562736 266649 444964 223202 296591 596551 204269 191614 384164 398042 274309 169675
threshold=24.500000000000004 -0.99635443704902682 21.500000000000004 0 1 19.500000000000004 197.00000000000003 237.50000000000003 23.500000000000004 426.6634615384616 240.62500000000003 2 0.99635443704902704 182.51826096586811 138.00000000000003 0.98182534576205316 393.25000000000006 0.98182534576205316 437.37500000000006 686.50000000000011 0.8542199457734333 -75.249999999999986 745.50000000000011 0.91023613416931248 198.00000000000003 51.176166224071018 -0.98182534576205283 227.89502498861495 314.94230769230774 294.00000000000006
decision_type=2 2 2 1 1 2 2 2 2 2 2 1 2 2 2 2 2 2 2 2 2 2 2 2 2 2 2 2 2 2
left_child=1 -1 4 8 5 11 -7 -8 9 -4 -6 19 14 -14 15 16 -13 21 29 20 24 -16 -23 -24 -2 26 27 -5 -28 -19
right_child=2 -3 3 25 10 6 7 -9 -10 -11 -12 12 13 -15 17 -17 -18 18 -20 -21 -22 22 23 -25 -26 -27 28 -29 -30 -31
leaf_value=3.5328406227959528 1.3613436562674384 -0.98201699790201702 -1.9741590632766977 15.183540621670804 0.17380519501168093 16.649776434898378 8.6354511515299475 0.89822291658635722 -0.74743026525297007 -8.1437470952669795 -2.2530641682942707 -2.7665929353237155 -0.35563203638250179 19.978707523345946 -2.0921858419166055 16.353893051147463 7.9650686400277282 5.2873429870605477 -13.595370521545412 -6.5960685147179507 -1.8158667182922366 1.1050326912831039 -1.0678303877512612 14.391884055504432 10.065313126490667 0.24714889347162014 -6.4581503954800699 1.4004078006744385 2.860370042494365 -2.1741922557353974
leaf_weight=18 14.000000000000002 475 61 11.000000000000002 695 15.999999999999998 14.999999999999998 57 521 24 120 20 22 9.9999999999999982 43 9.9999999999999982 13.999999999999998 9.9999999999999982 9.9999999999999982 18 85 156 12.000000000000002 12.999999999999998 12.999999999999998 876 10.999999999999998 9.9999999999999982 28 32
leaf_count=18 14 475 61 11 695 16 15 57 521 24 120 20 22 10 43 10 14 10 10 18 85 156 12 13 13 876 11 10 28 32
internal_value=-0.00335187 -0.817174 0.133722 -0.193715 0.498276 1.44773 5.08099 2.51015 -1.14494 -3.71616 -0.181301 0.814436 1.42466 5.99885 1.01177 4.99359 1.65233 0.376983 -2.93566 -0.879786 -0.0396499 1.14599 1.91528 6.97122 5.55214 0.429785 3.1679 8.62014 0.232069 -0.397636
internal_weight=3420 493 2927 1542 1385 570 88 72 606 85 815 482 352 32 320 44 34 276 52 130 112 224 181 25 27 936 60 21 39 42
internal_count=3420 493 2927 1542 1385 570 88 72 606 85 815 482 352 32 320 44 34 276 52 130 112 224 181 25 27 936 60 21 39 42
cat_boundaries=0 1 2 3
cat_threshold=422057920 153622211 528448
is_linear=0
shrinkage=0.05


Tree=75
num_leaves=31
num_cat=3
split_feature=8 30 27 23 23 12 3 7 23 27 17 16 28 12 28 23 18 15 16 20 19 15 18 28 30 23 19 13 19 30
split_gain=143793 151316 545494 350268 1.88367e+06 584784 486740 465199 475183 506406 775766 252018 150713 249848 170862 895810 909902 1.05699e+06 791002 1.05124e+06 625925 594527 201522 184697 862034 715671 614534 334701 229187 324914
threshold=12.500000000000002 0 0.99635443704902704 29.500000000000004 30.500000000000004 185.19230769230771 12.500000000000002 25.500000000000004 35.500000000000007 -0.85421994577343285 1.0000000180025095e-35 868.29259384067643 -0.99635443704902682 125.03846153846156 -0.98182534576205283 26.500000000000004 781.1057692307694 452.19230769230774 253.19916483470334 0.57998150087011158 196.50000000000003 317.5384615384616 356.9903846153847 -0.85421994577343296 1 22.500000000000004 129.87500000000003 575.55275557140124 -388.62499999999994 2
decision_type=2 1 2 2 2 2 2 2 2 2 2 2 2 2 2 2 2 2 2 2 2 2 2 2 1 2 2 2 2 1
left_child=-1 2 3 5 -5 6 -2 -6 9 -9 11 -11 13 -3 15 20 17 18 19 -17 21 -14 -21 24 25 -16 27 -27 -26 -30
right_child=1 12 -4 4 7 -7 -8 8 -10 10 -12 -13 14 -15 23 16 -18 -19 -20 22 -22 -23 -24 -25 28 26 -28 -29 29 -31
leaf_value=-1.0663030366397295 -0.94935928980509421 5.080928546461192 10.66654782976423 18.357923675985898 -8.8475237806638081 0.36526773383422778 -15.51050716746937 10.583314132690434 -6.2275420248508455 6.5853411674499505 -9.2765208380562925 -1.6701909285325272 -0.902737095952034 -2.932787845141831 -5.611966786384583 18.41772738615672 -9.3670999336242673 21.847248964309696 -6.6720025576077973 0.86284412845007852 7.4056675720214846 -10.308654848734539 7.7722238360904159 0.15469973716534646 5.23167970830744 1.3063020857897671 12.127627606825396 10.72683205171065 -4.3475019352776663 -1.1653014909899617
leaf_weight=291 12.000000000000002 10.999999999999998 13.999999999999998 17 11.999999999999998 294 10.999999999999998 17.999999999999993 15.999999999999998 32.000000000000007 13.999999999999998 12.999999999999998 56 84 20 14.999999999999998 9.9999999999999982 9.9999999999999982 12.999999999999998 31 14.999999999999998 24 15.999999999999998 1819 10.999999999999998 66 22 10.999999999999998 109 333
leaf_count=291 12 11 14 17 12 294 11 18 16 32 14 13 56 84 20 15 10 10 13 31 15 24 16 1819 11 66 22 11 109 333
internal_value=-0.00318429 0.0956868 0.930093 0.640778 2.91738 -0.235392 -7.91339 0.417484 1.61297 3.24217 1.00249 4.20041 -0.0488567 -2.00488 0.0229504 1.4661 4.89932 6.57772 4.54178 6.89306 -1.96712 -3.72451 3.21497 -0.0917291 -0.87539 2.78124 4.75777 2.65209 -1.85638 -2.07478
internal_weight=3420 3129 453 439 122 317 23 105 93 77 59 45 2676 95 2581 190 95 85 75 62 95 80 47 2391 572 119 99 77 453 442
internal_count=3420 3129 453 439 122 317 23 105 93 77 59 45 2676 95 2581 190 95 85 75 62 95 80 47 2391 572 119 99 77 453 442
cat_boundaries=0 1 2 3
cat_threshold=537002066 4263941 1311136
is_linear=0
shrinkage=0.05


Tree=76
num_leaves=31
num_cat=1
split_feature=30 19 23 23 16 23 27 13 28 23 10 19 6 7 27 27 2 27 6 16 23 10 29 1 0 7 0 29 27 28
split_gain=136547 121454 196677 449134 363789 239697 191346 172993 308964 591506 361629 277453 269469 147846 394291 191643 175114 174174 332691 550764 226887 172054 153495 347549 342897 154319 198990 485613 259216 147278
threshold=0 -305.99999999999994 11.500000000000002 18.500000000000004 922.86225648556444 19.500000000000004 0.8542199457734333 575.55275557140124 -0.95297903005573326 29.500000000000004 156.50930997245842 -564.87499999999989 243.50000000000003 828.50000000000011 0.99635443704902704 0.98182534576205316 109.50000000000001 0.91023613416931248 1041.0000000000002 740.80007756006705 17.500000000000004 149.29361440522626 1.5000000000000002 360.50000000000006 381.50000000000006 1000.5000000000001 780.00000000000011 3.5000000000000004 1.0000000180025095e-35 -0.98182534576205283
decision_type=1 2 2 2 2 2 2 2 2 2 2 2 2 2 2 2 2 2 2 2 2 2 2 2 2 2 2 2 2 2
left_child=-1 2 4 6 -2 -5 -4 -7 11 10 -10 29 -11 -3 15 16 -15 20 19 -19 -18 -17 23 24 -22 26 27 28 -24 -9
right_child=1 13 3 5 -6 7 -8 8 9 12 -12 -13 -14 14 -16 21 17 18 -20 -21 22 -23 25 -25 -26 -27 -28 -29 -30 -31
leaf_value=-0.93684652485800068 -1.8367798311369754 0.065177748703881239 -12.398733520507813 5.6301696840922046 10.649591598510742 -2.4477045876364554 -4.260225048431983 -2.6598356374104819 2.3814706762631728 -6.8461084893771558 14.418226946317233 4.0610862493515016 3.1509085361774152 -3.5923581533961824 9.4006108488355373 0.94208117127418489 -4.9504074732462566 2.0979320217581354 -3.1010431623458867 16.885955505371097 14.016475061575569 -7.3604330062866214 -5.1193278529427255 -0.057669495767162696 2.8354818344116213 -0.4442404128409721 -1.6231410587535184 12.220208440508161 5.7354069449684841 -10.493463058471676
leaf_weight=342 14.000000000000002 2491 9.9999999999999982 14.999999999999998 9.9999999999999982 93 26 14.999999999999998 12.000000000000002 14.000000000000002 12.999999999999998 9.9999999999999982 12.999999999999998 18 13.999999999999998 12.000000000000002 14.999999999999998 17.000000000000004 9.9999999999999982 9.9999999999999982 12.000000000000002 12.999999999999998 11.000000000000002 31 15.999999999999998 111 17 13.999999999999998 10.999999999999998 10.000000000000002
leaf_count=342 14 2491 10 15 10 93 26 15 12 14 13 10 13 18 14 12 15 17 10 10 12 13 11 31 16 111 17 14 11 10
internal_value=-0.00383103 0.102548 -0.942143 -1.38973 3.36587 -0.442433 -6.52092 -0.948483 0.654133 3.09867 8.64058 -2.97775 -2.03273 0.197278 1.18842 0.826881 1.18542 1.49815 4.68957 7.57498 1.00201 -3.37523 1.40239 3.58945 7.62734 0.615584 2.83521 4.94055 0.30804 -5.79329
internal_weight=3420 3078 255 231 24 195 36 180 87 52 25 35 27 2823 332 318 293 275 37 27 238 25 223 59 28 164 53 36 22 25
internal_count=3420 3078 255 231 24 195 36 180 87 52 25 35 27 2823 332 318 293 275 37 27 238 25 223 59 28 164 53 36 22 25
cat_boundaries=0 1
cat_threshold=268460032
is_linear=0
shrinkage=0.05


Tree=77
num_leaves=31
num_cat=3
split_feature=4 30 28 23 16 19 20 30 20 23 23 28 28 27 27 4 28 23 4 4 4 23 30 21 19 23 2 18 23 8
split_gain=129151 204096 220710 475523 414545 166030 151091 142214 255784 225512 846834 248847 651533 395670 409714 526350 421963 304716 266949 262158 209343 194274 372791 397847 385895 320393 1.89864e+06 564403 1.61365e+06 486128
threshold=160.50000000000003 0 -0.98182534576205283 26.500000000000004 131.09307614783407 -282.74999999999994 0.65385629523154543 1 1.3912752506440256 34.500000000000007 33.500000000000007 -0.98182534576205283 -0.99635443704902682 0.91023613416931248 0.98182534576205316 349.50000000000006 -0.060268340127661517 32.500000000000007 381.50000000000006 337.50000000000006 528.50000000000011 31.500000000000004 2 30.500000000000004 71.125000000000014 29.500000000000004 74.500000000000014 749.49038461538476 30.500000000000004 43.500000000000007
decision_type=2 1 2 2 2 2 2 1 2 2 2 2 2 2 2 2 2 2 2 2 2 2 1 2 2 2 2 2 2 2
left_child=1 2 3 -1 -5 6 -2 8 9 10 11 12 -7 17 15 -15 -16 18 -13 -18 -17 25 -23 24 -24 29 -27 -28 -29 -9
right_child=5 -3 -4 4 -6 7 -8 21 -10 -11 -12 13 -14 14 16 20 19 -19 -20 -21 -22 22 23 -25 -26 26 27 28 -30 -31
leaf_value=-1.4022844198422555 -0.18209736571127541 0.11290828138979535 -1.4128692044285587 0.88198589324951149 15.27894357442856 -3.8949939823150626 -2.9614174373114288 -5.000909877100657 -1.6537792313098909 -2.1362193261423417 13.528083515167237 -4.1764221945975697 12.189065310534311 12.38828639154849 -8.3137658032503996 -3.2346448204734095 -2.6708819484710684 5.9750752617331111 0.47273622247907854 7.9288161465099876 5.8465732447306316 0.95031974799931052 -3.114053228923253 -0.9088731406571029 -12.497622966766357 23.815620490312579 -0.99658692501768287 -6.775195124149322 20.420212348302204 0.44461970165695841
leaf_weight=39 181 946 526 10.000000000000002 9.9999999999999982 10.000000000000002 67 43 60 31 15.999999999999998 47 17 23 10.999999999999998 11.000000000000002 10.000000000000002 17 90 13.999999999999998 14.999999999999998 118 28 77 18 9.9999999999999982 79 10 12 874
leaf_count=39 181 946 526 10 10 10 67 43 60 31 16 47 17 23 11 11 10 17 90 14 15 118 28 77 18 10 79 10 12 874
internal_value=-0.00377644 -0.345074 -1.06933 1.81221 8.08046 0.272839 -0.932962 0.455069 1.30101 1.91094 2.35742 1.68297 6.23201 1.1669 3.92728 6.87853 -0.20448 -0.338762 -1.12223 3.51228 2.00452 0.195295 -1.08088 -2.87319 -6.78588 0.496376 3.03348 0.975844 8.05866 0.189268
internal_weight=3420 1531 585 59 20 1889 248 1641 372 312 281 265 27 238 84 49 35 154 137 24 26 1269 241 123 46 1028 111 101 22 917
internal_count=3420 1531 585 59 20 1889 248 1641 372 312 281 265 27 238 84 49 35 154 137 24 26 1269 241 123 46 1028 111 101 22 917
cat_boundaries=0 1 2 3
cat_threshold=274000128 1313042 96473160
is_linear=0
shrinkage=0.05


Tree=78
num_leaves=31
num_cat=3
split_feature=4 30 28 23 16 30 23 28 0 2 12 23 18 2 28 20 28 23 18 30 28 8 20 18 15 13 28 20 12 28
split_gain=116644 189271 191769 446512 428401 150746 227405 404184 826991 734343 458427 585738 354536 305081 169179 324546 303273 1.37993e+06 1.32001e+06 249098 222398 288153 560188 241143 218779 371028 319164 363705 247035 267200
threshold=160.50000000000003 0 -0.98182534576205283 26.500000000000004 151.59775462544857 1 20.500000000000004 -0.88545602565320969 54.500000000000007 51.000000000000007 465.30769230769238 21.500000000000004 749.49038461538476 966.00000000000011 -0.95297903005573326 0.43921297576951918 -0.78574730703237872 21.500000000000004 468.26923076923083 2 -0.98182534576205283 540.50000000000011 0.88953812316893333 887.58653846153857 663.36538461538476 912.98358810492607 -0.88545602565320969 1.0195838915850548 275.07692307692315 -0.91023613416931226
decision_type=2 1 2 2 2 1 2 2 2 2 2 2 2 2 2 2 2 2 2 1 2 2 2 2 2 2 2 2 2 2
left_child=1 2 3 -1 -5 14 -7 8 -8 -9 12 -12 -11 -10 15 -2 17 18 -16 -18 23 -22 -23 -17 28 26 -26 -28 -19 -30
right_child=5 -3 -4 4 -6 6 7 9 13 10 11 -13 -14 -15 16 20 19 24 -20 -21 21 22 -24 -25 25 -27 27 -29 29 -31
leaf_value=-1.4290935871077748 8.064233322143556 0.12335286476114751 -1.3284066925115057 0.72744346098466339 15.026545333862305 0.82718835882345843 14.512359933853151 -15.693982291221619 -0.57608425946259989 -0.89573989969785106 -15.462355318936435 -3.1177234313989945 7.5051550728934151 6.5500628381967552 2.6247844426528268 1.4762966641257791 2.0085688439537495 -1.8133814255396528 20.433932854627312 -0.21383493091881034 -5.6611672042056611 10.210500774383542 -4.7035126447677618 -4.396951163898815 -0.30124699433644619 6.9873190557956697 -15.19817657470702 -1.7129062461853028 6.1552453273680152 1.058788348540016
leaf_weight=41 9.9999999999999982 929 540 11.000000000000002 9.9999999999999982 300 9.9999999999999982 9.9999999999999982 245 122 10.999999999999998 76 13.999999999999998 15.999999999999998 23 85 160 36 19 486 47 10.000000000000002 17 22 29.999999999999996 9.9999999999999982 10.000000000000005 9.9999999999999982 41 69
leaf_count=41 10 929 540 11 10 300 10 10 245 122 11 76 14 16 23 85 160 36 19 486 47 10 17 22 30 10 10 10 41 69
internal_value=-0.00343218 -0.327784 -1.00926 1.60765 7.53654 0.259449 -0.259509 -0.911502 0.401417 -2.43854 -1.84413 -4.67854 -0.0309419 -0.139232 0.640492 -0.704371 0.934982 2.42129 10.6813 0.364388 -1.18882 -3.29635 0.820196 0.268713 0.737207 -1.80458 -3.56296 -8.45554 1.78178 2.95838
internal_weight=3420 1531 602 62 21 1889 804 504 271 233 223 87 136 261 1085 191 894 248 42 646 181 74 27 107 206 60 50 20 146 110
internal_count=3420 1531 602 62 21 1889 804 504 271 233 223 87 136 261 1085 191 894 248 42 646 181 74 27 107 206 60 50 20 146 110
cat_boundaries=0 1 2 3
cat_threshold=282388736 215255379 2066
is_linear=0
shrinkage=0.05


Tree=79
num_leaves=31
num_cat=2
split_feature=30 23 20 18 23 16 20 19 7 1 29 29 28 6 29 20 27 7 13 8 27 27 23 16 27 28 30 23 6 18
split_gain=109956 371471 286102 246632 184039 241810 177161 121807 126617 168843 633916 558559 422068 344726 301281 391896 268096 452463 127935 181330 254086 674797 387191 295011 178785 599143 316386 394585 696871 457163
threshold=0 35.500000000000007 0.70792995612964837 310.04807692307696 35.500000000000007 774.97600157051477 0.27463815985774581 -282.74999999999994 840.50000000000011 327.50000000000006 3.5000000000000004 1.5000000000000002 -0.51639395938746235 342.00000000000006 3.5000000000000004 1.1718451719146821 0.95297903005573359 912.00000000000011 597.73167378488722 1473.5000000000002 0.91023613416931248 0.8542199457734333 13.500000000000002 693.98038444020619 0.95297903005573359 -0.51639395938746235 1 12.500000000000002 548.50000000000011 386.58653846153851
decision_type=1 2 2 2 2 2 2 2 2 2 2 2 2 2 2 2 2 2 2 2 2 2 2 2 2 2 1 2 2 2
left_child=4 -2 -3 -4 6 -6 -1 -8 18 10 11 13 -13 -10 16 -16 17 -11 24 20 21 23 -22 -20 25 -9 -26 28 29 -28
right_child=1 2 3 -5 5 -7 7 8 9 14 -12 12 -14 -15 15 -17 -18 -19 19 -21 22 -23 -24 -25 26 -27 27 -29 -30 -31
leaf_value=6.1941321152907154 -0.42784696350269247 -2.4029431788126629 2.4063411584267254 9.9007491212142149 -0.85170946083962917 -8.7871553818384811 -0.92874606697880047 0.54329276409152782 13.740460030057211 11.794618518535907 11.995933928209194 -6.1599374569379366 4.8741173964280353 0.91360165596008303 -8.6041073799133301 2.1506000339984896 -2.5096760025730842 1.6593996525638635 8.0279955705006909 8.1964226913452158 1.8565256834030148 12.545039749145509 -10.329396542635832 -0.40045993080386871 3.0593595111922873 -2.4550013801976704 6.9745598475138326 -3.0503666849278694 14.656179656982424 -5.6245351711908977
leaf_weight=12.999999999999998 1650 14.999999999999998 26 19 48 11.999999999999998 171 659 11.000000000000002 12.999999999999998 17 26 12.999999999999998 9.9999999999999982 18 15.999999999999998 27 72 11.999999999999998 9.9999999999999982 16.000000000000004 13.999999999999998 10.999999999999998 77 114 223 12.000000000000002 67 9.9999999999999982 18
leaf_count=13 1650 15 26 19 48 12 171 659 11 13 17 26 13 10 18 16 27 72 12 10 16 14 11 77 114 223 12 67 10 18
internal_value=-0.00298014 -0.285647 3.57725 5.57065 0.279721 -2.4388 0.380272 0.334102 0.481405 1.57847 3.47295 1.0581 -2.48192 7.63243 0.579324 -3.54307 1.83076 3.20949 0.284587 1.7084 1.20932 2.34108 -3.10811 0.735961 0.103867 -0.214779 1.37557 -0.6441 3.22537 -0.584897
internal_weight=3420 1710 60 45 1710 60 1650 1637 1466 223 77 60 39 21 146 34 112 85 1243 140 130 103 27 89 1103 882 221 107 40 30
internal_count=3420 1710 60 45 1710 60 1650 1637 1466 223 77 60 39 21 146 34 112 85 1243 140 130 103 27 89 1103 882 221 107 40 30
cat_boundaries=0 1 2
cat_threshold=212308091 145031200
is_linear=0
shrinkage=0.05


end of trees

feature_importances:
target_week_of_year=499
cos_woy_tgt=259
sku_id=247
sin_woy_tgt=234
rolling_mean_52=155
rolling_std_13=148
rolling_std_26=124
rolling_mean_26=113
rolling_mean_13=112
rolling_std_4=91
rolling_mean_4=55
trend_4_4=48
zero_fraction_26=45
lag_25=38
lag_51=38
lag_52=34
momentum_4_13=34
lag_7=26
lag_0=17
lag_3=14
horizon=14
lag_1=12
lag_2=11
lag_12=11
origin_week_of_year=10
zero_fraction_13=5
cos_woy_orig=4
sin_woy_orig=2

parameters:
[boosting: gbdt]
[objective: regression]
[metric: l2]
[tree_learner: serial]
[device_type: cpu]
[data_sample_strategy: bagging]
[data: ]
[valid: ]
[num_iterations: 80]
[learning_rate: 0.05]
[num_leaves: 31]
[num_threads: -1]
[seed: 42]
[deterministic: 0]
[force_col_wise: 0]
[force_row_wise: 0]
[histogram_pool_size: -1]
[max_depth: -1]
[min_data_in_leaf: 10]
[min_sum_hessian_in_leaf: 0.001]
[bagging_fraction: 1]
[pos_bagging_fraction: 1]
[neg_bagging_fraction: 1]
[bagging_freq: 0]
[bagging_seed: 400]
[bagging_by_query: 0]
[feature_fraction: 1]
[feature_fraction_bynode: 1]
[feature_fraction_seed: 30056]
[extra_trees: 0]
[extra_seed: 12879]
[early_stopping_round: 0]
[early_stopping_min_delta: 0]
[first_metric_only: 0]
[max_delta_step: 0]
[lambda_l1: 0]
[lambda_l2: 0]
[linear_lambda: 0]
[min_gain_to_split: 0]
[drop_rate: 0.1]
[max_drop: 50]
[skip_drop: 0.5]
[xgboost_dart_mode: 0]
[uniform_drop: 0]
[drop_seed: 17869]
[top_rate: 0.2]
[other_rate: 0.1]
[min_data_per_group: 100]
[max_cat_threshold: 32]
[cat_l2: 10]
[cat_smooth: 10]
[max_cat_to_onehot: 4]
[top_k: 20]
[monotone_constraints: ]
[monotone_constraints_method: basic]
[monotone_penalty: 0]
[feature_contri: ]
[forcedsplits_filename: ]
[refit_decay_rate: 0.9]
[cegb_tradeoff: 1]
[cegb_penalty_split: 0]
[cegb_penalty_feature_lazy: ]
[cegb_penalty_feature_coupled: ]
[path_smooth: 0]
[interaction_constraints: ]
[verbosity: -1]
[saved_feature_importance_type: 0]
[use_quantized_grad: 0]
[num_grad_quant_bins: 4]
[quant_train_renew_leaf: 0]
[stochastic_rounding: 1]
[linear_tree: 0]
[max_bin: 255]
[max_bin_by_feature: ]
[min_data_in_bin: 3]
[bin_construct_sample_cnt: 200000]
[data_random_seed: 175]
[is_enable_sparse: 1]
[enable_bundle: 1]
[use_missing: 1]
[zero_as_missing: 0]
[feature_pre_filter: 1]
[pre_partition: 0]
[two_round: 0]
[header: 0]
[label_column: ]
[weight_column: ]
[group_column: ]
[ignore_column: ]
[categorical_feature: 30]
[forcedbins_filename: ]
[precise_float_parser: 0]
[parser_config_file: ]
[objective_seed: 16083]
[num_class: 1]
[is_unbalance: 0]
[scale_pos_weight: 1]
[sigmoid: 1]
[boost_from_average: 1]
[reg_sqrt: 0]
[alpha: 0.9]
[fair_c: 1]
[poisson_max_delta_step: 0.7]
[tweedie_variance_power: 1.5]
[lambdarank_truncation_level: 30]
[lambdarank_norm: 1]
[label_gain: ]
[lambdarank_position_bias_regularization: 0]
[eval_at: ]
[multi_error_top_k: 1]
[auc_mu_weights: ]
[num_machines: 1]
[local_listen_port: 12400]
[time_out: 120]
[machine_list_filename: ]
[machines: ]
[gpu_platform_id: -1]
[gpu_device_id: -1]
[gpu_device_id_list: ]
[gpu_use_dp: 0]
[num_gpu: 1]

end of parameters

pandas_categorical:[["85123A", "84077", "17003", "21212", "85099B", "84879", "22197", "84991", "21977", "21232", "21982", "21213", "84755", "84347", "84270", "84946", "15036", "84568", "85099F", "21980", "84992", "71459", "20725", "22178", "85099C", "21985", "22386", "21080", "21984", "22086"]]
