tree
version=v4
num_class=1
num_tree_per_iteration=1
label_index=0
max_feature_idx=30
objective=quantile
feature_names=lag_0 lag_1 lag_2 lag_3 lag_7 lag_12 lag_25 lag_51 lag_52 rolling_mean_4 rolling_std_4 zero_fraction_4 rolling_mean_13 rolling_std_13 zero_fraction_13 rolling_mean_26 rolling_std_26 zero_fraction_26 rolling_mean_52 trend_4_4 momentum_4_13 origin_week_of_year origin_month target_week_of_year target_month sin_woy_orig cos_woy_orig sin_woy_tgt cos_woy_tgt horizon sku_id
feature_infos=[0:4538] [0:4538] [0:4538] [0:4538] [0:4538] [0:7063] [0:11138] [0:11366] [0:11366] [0:1827.75] [0:2177.6076131081713] [0:1] [0:1294.4615384615386] [0:1947.2525319220726] [0:1] [0:1480.3846153846155] [0:2572.7716619660177] [0:1] [61.32692307692308:1196.5769230769231] [-1282.5:1337.25] [0:3.0914536124641554] [6:35] [2:8] [7:36] [2:9] [-0.88545602565320958:1] [-1:0.74851074817110108] [-0.93501624268541472:1] [-1:0.6631226582407953] [1:4] -1:0:1:2:3:4:5:6:7:8:9:10:11:12:13:14:15:16:17:18:19:20:21:22:23:24:25:26:27:28:29
tree_sizes=1575 1669 1670 1667 1692 1673 1687 1675 1684 1696 1680 1654 1687 1695 1688 1694 1675 1679 1681 1705 1710 1699 1697 1701 1686 1708 1700 1712 1707 1721 1721 1723 1728 1697 1713 1720 1707 1715 1704 1704 1688 1706 1713 1728 1710 1727 1704 1730 1729 1724 1722 1723 1735 1729 1726 1728 1717 1727 1719 1701

Tree=0
num_leaves=15
num_cat=3
split_feature=30 30 30 16 28 8 9 9 7 23 18 28 27 9
split_gain=288.632 43.2106 22.7666 6.35287 4.12682 3.58731 3.535 3.25294 2.95686 4.09624 3.08234 2.66198 2.61481 2.3604
threshold=0 1 2 143.14333930812128 -0.99635443704902682 35.500000000000007 198.00000000000003 171.87500000000003 279.50000000000006 27.500000000000004 284.73076923076928 -0.95297903005573326 0.99635443704902704 50.625000000000007
decision_type=1 1 1 2 2 2 2 2 2 2 2 2 2 2
left_child=2 6 3 -1 -3 -6 -2 -5 9 -7 -10 -8 -9 -4
right_child=1 4 13 7 5 8 11 12 10 -11 -12 -13 -14 -15
leaf_value=215.54130936070723 227.19999999999999 220.56 206.31999999999999 222.40000000000001 217.75999999999999 227.28 234.88 218.79611349899525 215.68000000000001 220.26870720203672 230.88 245.52000000000001 225.91999999999999 212.80000000000001
leaf_weight=99.546846866607666 26.495558977127075 34.035706520080566 452.88933038711548 156.89831852912903 25.621129393577576 244.68979394435883 191.52899694442749 302.1039377450943 16.1911860704422 103.84984171390533 487.61232709884644 807.97542691230774 11.450887322425841 459.11065435409546
leaf_count=84 32 32 454 166 27 279 180 306 13 87 474 814 14 458
internal_value=224 224.02 223.973 223.987 224.007 224.008 224.031 223.99 224.009 224.004 224.013 224.032 223.986 223.965
internal_weight=3420 1938 1482 570 912 877.964 1026 470.453 852.343 348.54 503.804 999.504 313.555 912
internal_count=3420 1938 1482 570 912 880 1026 486 853 366 487 994 320 912
cat_boundaries=0 1 2 3
cat_threshold=974810752 75501691 134351488
is_linear=0
shrinkage=1


Tree=1
num_leaves=15
num_cat=4
split_feature=30 30 30 16 18 28 20 8 23 23 23 30 28 13
split_gain=262.361 37.8494 16.1266 5.82962 5.70248 5.06173 4.91495 3.34441 3.38167 3.79527 3.70716 3.63211 5.32469 4.12669
threshold=0 1 2 143.14333930812128 749.49038461538476 -0.99635443704902682 0.81076484566196316 35.500000000000007 9.5000000000000018 13.500000000000002 14.500000000000002 3 -0.85421994577343296 200.66161379939723
decision_type=1 1 1 2 2 2 2 2 2 2 2 1 2 2
left_child=2 4 3 -1 -2 -3 -5 -7 -9 -10 -11 12 -12 -14
right_child=1 5 -4 6 -6 7 -8 8 9 10 11 -13 13 -15
leaf_value=-7.7819953881493564 10.3584 -3.1648000000000001 -13.984000000000002 1.0879999999999996 22.438400000000001 -5.7407999999999992 -5.8236890799196201 -5.3824000000000005 11.3376 -4.9024000000000001 -6.2969761143781584 5.1500668092626185 2.6496000000000004 -1.5036890799196203
leaf_weight=99.546846866607666 451.95610380172729 38.290169835090637 911.99998474121094 118.44923675060272 574.04387903213501 25.621129393577576 238.00390875339508 38.631687998771667 111.89859861135483 28.360800206661224 68.175641298294067 604.8656359910965 88.42135614156723 21.734963357448578
leaf_count=84 452 36 912 127 574 27 245 51 141 34 64 569 81 23
internal_value=-0.000781452 0.0172841 -0.0278029 -0.0145964 0.0281457 0.00625568 -0.0101363 0.00742301 0.00818269 0.00915277 0.00724838 0.00827729 -0.00192473 0.00884243
internal_weight=3420 2052 1368 456 1026 1026 356.453 987.71 962.089 923.457 811.558 783.198 178.332 110.156
internal_count=3420 2052 1368 456 1026 1026 372 990 963 912 771 737 168 104
cat_boundaries=0 1 2 3 4
cat_threshold=974810624 75501691 134351360 16777344
is_linear=0
shrinkage=0.08


Tree=2
num_leaves=15
num_cat=4
split_feature=30 30 30 16 28 20 18 19 14 9 15 17 30 20
split_gain=244.031 35.4195 18.7447 5.58637 4.80547 3.94543 3.48205 3.29014 3.4597 2.62234 2.38195 3.79044 3.04552 4.30935
threshold=0 1 2 159.79840252910191 -0.99635443704902682 0.81076484566196316 749.49038461538476 -297.99999999999994 1.0000000180025095e-35 47.625000000000007 587.63461538461547 0.096153846153846173 3 1.1458063945552686
decision_type=1 1 1 2 2 2 2 2 2 2 2 2 1 2
left_child=2 6 3 -1 -3 -5 -2 8 -6 -4 11 12 13 -9
right_child=1 4 9 5 7 -7 -8 10 -10 -11 -12 -13 -14 -15
leaf_value=-7.1594357570974072 9.5297280000000004 -2.9116159999999991 -15.22688 1.0009600000000001 -5.3856029900522504 -5.3577939535260501 20.643328 8.3454295507386806 13.357594655258991 -9.1852800000000006 -4.9923254052807229 48.077594655258991 0.72850292008037965 3.2281860453519289
leaf_weight=103.84340763092041 451.95610380172729 38.290169835090637 434.69498264789581 118.44923675060272 63.840067982673645 233.70734798908234 574.04387903213501 286.66549217700958 28.100924253463745 477.30500209331512 44.879464268684387 24.654039978981018 346.30900943279266 193.26081490516663
leaf_count=88 452 36 437 127 58 241 574 288 32 475 45 24 342 201
internal_value=-0.00123701 0.0161889 -0.0272948 -0.0132328 0.00553095 -0.00871464 0.0266907 0.00666284 -0.00774922 -0.034106 0.00814208 0.00908951 0.00816717 0.0122015
internal_weight=3420 2052 1368 456 1026 352.157 1026 987.71 91.941 912 895.769 850.889 826.235 479.926
internal_count=3420 2052 1368 456 1026 368 1026 990 90 912 900 855 831 489
cat_boundaries=0 1 2 3 4
cat_threshold=974810624 75501691 134351360 4555008
is_linear=0
shrinkage=0.08


Tree=3
num_leaves=15
num_cat=3
split_feature=30 30 30 16 28 12 9 8 12 23 23 19 23 18
split_gain=224.28 25.0674 23.9668 6.60355 6.34833 4.79318 3.34589 3.16919 3.09384 3.43215 3.7255 2.91678 4.40069 2.73717
threshold=0 1 2 143.14333930812128 -0.95297903005573326 183.2692307692308 47.625000000000007 35.500000000000007 340.0384615384616 35.500000000000007 33.500000000000007 82.000000000000014 26.500000000000004 356.9903846153847
decision_type=1 1 1 2 2 2 2 2 2 2 2 2 2 2
left_child=1 3 4 -1 11 -6 -3 -4 9 10 -5 12 -2 -7
right_child=2 6 7 8 5 13 -8 -9 -10 -11 -12 -13 -14 -15
leaf_value=-6.5866808965296144 -1.2769382399999996 -14.008729599999999 -4.8535006832337135 -1.882749548127465 -2.3526502399999982 7.6689648362173521 -8.4504576 2.6899602911998954 -9.6573936716455666 26.226062686473952 -8.5739373135260504 9.2830617600000007 13.283061760000001 20.111861760000004
leaf_weight=99.546846866607666 71.08417797088623 434.69498264789581 25.621129393577576 390.60687208175659 22.23128604888916 137.60686254501343 477.30500209331512 886.37885534763336 49.225196599960327 10.413914680480955 20.207160234451294 53.344804525375366 67.100014448165894 674.63283729553223
leaf_count=84 68 437 27 416 28 134 475 885 46 8 16 51 61 684
internal_value=-0.00170051 -0.0250319 0.0161868 -0.0113353 0.0245953 0.0278498 -0.0333764 0.00656302 -0.00757327 -0.0053555 -0.00650524 0.0116999 0.00556593 0.0288529
internal_weight=3420 1482 1938 570 1026 834.471 912 912 470.453 421.228 410.814 191.529 138.184 812.24
internal_count=3420 1482 1938 570 1026 846 912 912 486 440 432 180 129 818
cat_boundaries=0 1 2 3
cat_threshold=974810752 134351488 75501691
is_linear=0
shrinkage=0.08


Tree=4
num_leaves=15
num_cat=3
split_feature=30 30 30 16 28 9 15 16 28 23 27 23 7 20
split_gain=201.703 29.8923 17.8192 6.64133 5.60957 5.47431 4.87465 4.84113 4.41767 4.11788 3.98206 3.92919 3.13411 3.01113
threshold=0 1 2 143.14333930812128 -0.95297903005573326 47.625000000000007 421.05769230769232 263.10700852841688 -0.99635443704902682 9.5000000000000018 0.99635443704902704 35.500000000000007 35.500000000000007 0.83064103980769477
decision_type=1 1 1 2 2 2 2 2 2 2 2 2 2 2
left_child=2 4 3 -1 -2 -4 7 -6 -3 -10 11 -7 -11 -5
right_child=1 8 5 13 6 10 -8 -9 9 12 -12 -13 -14 -15
leaf_value=-6.0597464248072459 7.3896098078793706 -2.8938835432959902 -12.888031231999999 1.0715031638501977 8.1538325731026138 -8.1744209919999999 18.182912819200002 -9.4461674268973876 -5.8346391873550871 -5.6806507559789177 0.30557900799999971 -3.2077235757000007 2.7151674764797731 -4.7785504733937687
leaf_weight=99.546846866607666 191.52899694442749 38.290169835090637 434.69498264789581 125.09128296375275 170.19172322750092 437.68455243110657 650.37443792819977 13.904824733734129 40.871706426143646 26.126145601272583 12.244214057922362 27.376235604286194 920.71196097135544 231.36186254024506
leaf_count=84 180 36 437 135 171 439 659 16 54 26 15 21 910 237
internal_value=-0.00167201 0.0141741 -0.0253594 -0.0117268 0.023815 -0.0319746 0.0268811 0.0153886 0.0043964 0.00547282 -0.0264102 -0.0275959 0.00654603 -0.00688193
internal_weight=3420 2052 1368 456 1026 912 834.471 184.097 1026 987.71 477.305 465.061 946.838 356.453
internal_count=3420 2052 1368 456 1026 912 846 187 1026 990 475 460 936 372
cat_boundaries=0 1 2 3
cat_threshold=974810624 75501691 134351360
is_linear=0
shrinkage=0.08


Tree=5
num_leaves=15
num_cat=4
split_feature=30 30 30 27 12 23 13 15 28 30 28 20 18 10
split_gain=189.735 30.8977 11.8189 6.52754 6.33563 4.50454 5.02099 4.41682 3.966 3.86419 4.71196 4.68665 3.48833 3.43306
threshold=0 1 2 0.99635443704902704 197.57692307692312 35.500000000000007 34.265393561972445 587.63461538461547 -0.51639395938746235 3 -0.95297903005573326 1.4829870472605207 781.1057692307694 182.51826096586811
decision_type=1 1 1 2 2 2 2 2 2 1 2 2 2 2
left_child=2 7 3 4 -1 -4 -7 8 12 10 -3 -12 -2 -6
right_child=1 9 5 -5 13 6 -8 -9 -10 -11 11 -13 -14 -15
leaf_value=-6.7162664355222663 10.061525967254406 -2.159191218582174 -10.896988733439999 3.4811326873600001 -2.0804673126400006 -8.9769887334399989 0.64219689405599867 17.048279793664001 0.6695259672544035 0.46115719305741748 6.6905474145265318 -10.670672631974275 -0.7129896754382028 -7.2004673126400007
leaf_weight=208.12434017658234 245.72656583786011 63.84299898147583 761.55128526687622 13.087109804153441 153.98279631137848 15.620872020721434 20.827829360961914 520.6885814666748 125.19541203975677 911.99998474121094 266.73835706710815 11.418638229370115 20.38942539691925 80.805746078491211
leaf_count=192 228 60 770 16 166 12 16 526 139 912 269 13 19 82
internal_value=-0.00196974 0.0123617 -0.0266104 -0.0153461 -0.0173279 -0.0327776 -0.00571429 0.023527 0.0173629 0.00411954 0.0112666 0.0160948 0.0228871 -0.00831951
internal_weight=3420 2166 1254 456 442.913 798 36.4487 912 391.311 1254 342 278.157 266.116 234.789
internal_count=3420 2166 1254 456 440 798 28 912 386 1254 342 282 247 248
cat_boundaries=0 1 2 3 4
cat_threshold=974808576 75501683 135397888 4456456
is_linear=0
shrinkage=0.08


Tree=6
num_leaves=15
num_cat=4
split_feature=30 30 12 9 15 23 28 28 30 23 23 10 30 23
split_gain=173.105 32.8253 8.78383 7.96287 5.95609 6.73687 3.98148 4.75389 5.63639 4.40492 4.11495 3.86245 3.60772 5.09181
threshold=0 1 617.1538461538463 47.625000000000007 308.84615384615387 34.500000000000007 -0.95297903005573326 -0.51639395938746235 2 25.500000000000004 13.500000000000002 250.10118616345764 3 29.500000000000004
decision_type=1 1 2 2 2 2 2 2 1 2 2 2 1 2
left_child=3 2 6 -1 5 -5 9 -8 -9 -2 -10 -12 -3 -14
right_child=1 12 -4 4 -6 -7 7 8 10 -11 11 -13 13 -15
leaf_value=-10.985229634764799 -1.7089127913952917 -2.8593879061173788 20.484417410170881 -6.6487082139648015 -3.0244299276288009 -6.0087082139648009 11.722306276623399 13.07303600050188 5.7679638898740544 3.6302853672720974 0.16796388987405408 -6.828314242945658 3.4640305086750027 -3.1613625692060334
leaf_weight=434.69498264789581 58.778276085853577 455.99999237060547 402.89060187339783 450.691237449646 77.413660287857056 63.20010244846344 395.38771963119507 108.31124639511108 77.060853540897369 91.179474234580994 72.572108268737793 47.819698989391327 478.00057196617126 205.99941658973694
leaf_count=437 57 456 406 448 92 49 372 117 98 84 70 50 516 168
internal_value=-0.00215515 0.00963875 0.0185363 -0.0294809 -0.0237254 -0.0268417 0.0140774 0.0166079 0.0091171 0.00224591 0.000440504 -0.00877691 -0.000224589 0.00343329
internal_weight=3420 2394 1254 1026 591.305 513.891 851.109 701.152 305.764 149.958 197.453 120.392 1140 684
internal_count=3420 2394 1254 1026 589 497 848 707 335 141 218 120 1140 684
cat_boundaries=0 1 2 3 4
cat_threshold=840459776 79958139 8388649 134350976
is_linear=0
shrinkage=0.08


Tree=7
num_leaves=15
num_cat=4
split_feature=30 30 9 18 15 23 28 23 23 30 30 23 23 13
split_gain=166.374 27.416 7.96287 7.2052 5.95609 6.73687 3.9297 4.33595 3.78604 5.78252 4.05796 3.94276 3.71407 3.23397
threshold=0 1 47.625000000000007 788.01923076923083 308.84615384615387 34.500000000000007 -0.99635443704902682 27.500000000000004 17.500000000000004 2 3 9.5000000000000018 19.500000000000004 291.53584189397532
decision_type=1 1 2 2 2 2 2 2 2 1 1 2 2 2
left_child=2 3 -1 -2 5 -4 -3 8 10 12 11 -8 -10 -14
right_child=1 6 4 -5 -6 -7 7 -9 9 -11 -12 -13 13 -15
leaf_value=-10.106411263983615 5.1968691654334771 -6.9763878759709046 -6.1168115568476171 16.606059044289417 -2.7824755334184967 -5.5280115568476162 -5.602127757642652 -1.7271605983140896 3.3929145340778701 4.960926528840603 -2.6314780180216757 10.337911878818879 -8.364820621847727 -3.451486201590638
leaf_weight=434.69498264789581 809.86368060112 42.544633150100708 450.691237449646 444.13629841804504 77.413660287857056 63.20010244846344 13.62390214204788 432.83415555953979 21.938844323158264 248.16769182682037 217.06714272499084 79.404873311519623 21.737265348434448 62.681472539901733
leaf_count=437 812 40 448 442 92 49 18 360 24 252 266 96 22 62
internal_value=-0.00269435 0.00887167 -0.0294809 0.0170033 -0.0237254 -0.0268417 -0.000143241 0.0007803 0.0048383 0.0104853 -0.00161781 0.0116607 -0.00529209 -0.0134108
internal_weight=3420 2394 1026 1254 591.305 513.891 1140 1097.46 664.621 354.525 310.096 93.0288 106.358 84.4187
internal_count=3420 2394 1026 1254 589 497 1140 1100 740 360 380 114 108 84
cat_boundaries=0 1 2 3 4
cat_threshold=840459776 79958139 131456 65920
is_linear=0
shrinkage=0.08


Tree=8
num_leaves=15
num_cat=4
split_feature=30 30 9 30 27 27 23 7 15 30 23 23 28 27
split_gain=140.929 22.4496 9.48688 5.7613 5.25708 4.89307 4.95632 3.92621 3.85437 3.8581 6.60119 3.8459 3.64685 6.55403
threshold=0 1 47.625000000000007 2 0.99635443704902704 0.99635443704902704 35.500000000000007 464.50000000000006 320.67307692307696 3 25.500000000000004 35.500000000000007 -0.51639395938746235 0.91023613416931248
decision_type=1 1 2 1 2 2 2 2 2 1 2 2 2 2
left_child=2 12 -1 4 11 6 8 -5 9 10 -4 -3 -2 -14
right_child=1 3 5 7 -6 -7 -8 -9 -10 -11 -12 -13 13 -15
leaf_value=-9.2978983628649257 11.168772241258848 -2.490940109380456 -5.4674666322998089 0.1662842530053989 16.099343838864669 3.1341333677001924 1.5137587241965138 6.1195019651373288 -3.7144126837966995 -6.1874666322998086 -5.0857706322998073 16.301130822936212 -0.60991019341242014 15.117179293814061
leaf_weight=434.69498264789581 581.44504547119141 527.60631650686264 96.050620436668396 516.12470090389252 16.358887255191803 15.515991508960722 32.583192944526672 395.87528383731842 58.525544345378876 259.35660469532013 129.27304625511169 26.034786701202393 147.18580389022827 183.36913537979126
leaf_count=437 544 530 106 523 20 19 25 389 70 259 110 20 144 224
internal_value=-0.00287707 0.0077704 -0.0275286 0.00164811 -0.00461439 -0.0212011 -0.0223958 0.00556978 -0.0242136 -0.0265553 -0.0161905 -0.00601599 0.0175933 0.0110768
internal_weight=3420 2394 1026 1482 570 591.305 575.789 912 543.206 484.68 225.324 553.641 912 330.555
internal_count=3420 2394 1026 1482 570 589 570 912 545 475 216 550 912 368
cat_boundaries=0 1 2 3 4
cat_threshold=840459776 75759731 151128192 571473920
is_linear=0
shrinkage=0.08


Tree=9
num_leaves=15
num_cat=5
split_feature=30 30 9 28 28 27 20 23 28 30 30 28 23 30
split_gain=128.699 19.58 11.6366 5.31409 9.13448 5.49144 5.73148 5.19435 5.91531 5.12167 4.88095 4.63441 4.58195 4.37946
threshold=0 1 47.625000000000007 -0.51639395938746235 -0.95297903005573326 0.91023613416931248 1.6566334127507132 28.500000000000004 -0.99635443704902682 2 3 -0.85421994577343296 17.500000000000004 4
decision_type=1 1 2 2 2 2 2 2 2 1 1 2 2 1
left_child=2 3 -1 4 10 -5 -7 8 -3 -10 -2 -4 -11 -9
right_child=1 7 11 5 -6 6 -8 13 9 12 -12 -13 -14 -15
leaf_value=-8.5540664938357303 4.3601398152721416 -6.9078370031042162 -5.9740693017158222 -0.68078616815515036 12.328322264145404 9.8278049503089377 -9.8228948474300974 1.70406281345059 -0.095015588134292561 1.0891482397075924 -2.2414510806190582 -4.6140693017158219 12.258077943395906 -3.0145957878161744
leaf_weight=434.69498264789581 106.40499830245972 46.799096465110779 180.83987879753113 183.98225486278534 513.99631023406982 213.79706406593323 15.414355158805845 155.4141149520874 425.35203623771667 155.04795908927917 106.40499830245972 410.46512138843536 199.41207110881805 271.97470116615295
leaf_count=437 100 44 170 180 480 262 18 128 468 190 100 419 200 224
internal_value=-0.00301676 0.00715997 -0.0265732 0.0147147 0.0189621 0.00759971 0.0158625 0.000229936 0.00393404 0.00559191 0.00502392 -0.0195273 0.0125136 -0.00692877
internal_weight=3420 2394 1026 1140 726.806 413.194 229.211 1254 826.611 779.812 212.81 591.305 354.46 427.389
internal_count=3420 2394 1026 1140 680 460 280 1254 902 858 200 589 390 352
cat_boundaries=0 1 2 3 4 5
cat_threshold=840459776 79986803 151128448 67371090 16777608
is_linear=0
shrinkage=0.08


Tree=10
num_leaves=15
num_cat=4
split_feature=30 9 30 27 30 23 23 23 30 13 16 9 28 13
split_gain=122.862 18.7995 12.9809 6.35011 4.03412 4.40074 5.46874 4.28946 3.52848 3.74501 3.51347 3.6179 3.51209 4.17711
threshold=0 50.625000000000007 1 0.99635443704902704 2 20.500000000000004 35.500000000000007 16.500000000000004 3 189.1685591448128 819.08214799331097 486.25000000000006 -0.99635443704902682 243.08730216667263
decision_type=1 2 1 2 1 2 2 2 1 2 2 2 2 2
left_child=1 -1 8 4 -3 7 -7 -6 -2 -10 11 -11 13 -4
right_child=2 3 12 -5 5 6 -8 -9 9 10 -12 -13 -14 -15
leaf_value=-7.7897411743288716 25.521580554284224 -4.2614756845277455 0.44478995714412123 3.4982793410135899 -4.3633437575785567 -6.3366359593579267 1.7617835703980587 0.43665624242144307 5.7033022940771616 4.0113286300503708 12.227226257366215 -1.2705199897152546 0.90343520189019277 -9.3189526258853252
leaf_weight=458.50526142120361 113.99999809265137 367.70431333780289 21.272316575050354 21.250029325485229 100.94959849119186 226.24742269515991 20.827829360961914 58.515524387359619 114.76432120800018 264.88370156288147 273.07963991165161 145.27232396602631 1207.2008825540543 25.526779890060425
leaf_count=460 114 358 20 26 126 204 16 64 109 264 286 139 1210 24
internal_value=-0.00289443 -0.0227167 0.00864658 -0.0154614 -0.0166455 -0.0221965 -0.0294293 -0.012382 0.0158898 0.0135863 0.0115104 0.00682935 0.00329471 -0.0181818
internal_weight=3420 1254 2166 795.495 774.245 406.54 247.075 159.465 912 798 683.236 410.156 1254 46.7991
internal_count=3420 1254 2166 794 768 410 220 190 912 798 689 403 1254 44
cat_boundaries=0 1 2 3 4
cat_threshold=974808576 75759731 704774144 16
is_linear=0
shrinkage=0.08


Tree=11
num_leaves=15
num_cat=7
split_feature=30 30 9 27 30 30 23 23 30 23 13 30 30 27
split_gain=116.676 16.8761 13.935 4.59904 4.41711 3.95462 3.54777 4.56929 4.38767 3.53361 4.34047 4.0864 3.42624 3.4979
threshold=0 1 44.750000000000007 0.99635443704902704 2 3 24.500000000000004 17.500000000000004 4 35.500000000000007 64.247263626549014 5 6 0.91023613416931248
decision_type=1 1 2 2 1 1 2 2 1 2 2 1 1 2
left_child=2 5 -1 9 -3 -2 7 12 -9 10 -4 -12 13 -6
right_child=1 4 3 -5 6 -7 -8 8 -10 -11 11 -13 -14 -15
leaf_value=-7.2465618803825622 23.479854109941485 -2.1227720537559414 -4.3285097892643822 2.9726658951403557 -3.5831689483937499 4.1116256440033974 -0.10316034161399573 25.012197074247343 2.5672476450401791 1.6208408847662146 -3.7600257028163377 -4.9742762569722734 -1.0093019900269269 11.77683105160625
leaf_weight=418.50367212295532 113.99999809265137 455.99999237060547 71.5910484790802 16.358887255191803 24.265349686145782 797.99998664855957 504.4368771314621 107.76745748519897 134.70932185649872 33.871520519256592 194.18807971477509 291.4867747426033 186.05755090713501 68.763425767421722
leaf_count=422 114 456 62 20 30 798 432 112 140 26 196 300 228 84
internal_value=-0.00290498 0.00678496 -0.0253341 -0.0178427 0.00147628 0.015302 0.00437832 0.0090474 0.0170807 -0.0190006 -0.0205255 -0.0178148 0.00206786 0.0137628
internal_weight=3420 2394 1026 607.496 1482 912 1026 521.563 242.477 591.137 557.266 485.675 279.086 93.0288
internal_count=3420 2394 1026 604 1482 912 1026 594 252 584 558 496 342 114
cat_boundaries=0 1 2 3 4 5 6 7
cat_threshold=840459776 75759731 134350976 16 102404 570425856 65800
is_linear=0
shrinkage=0.08


Tree=12
num_leaves=15
num_cat=4
split_feature=30 30 9 27 30 23 30 23 7 28 28 27 20 28
split_gain=105.791 15.6596 12.9974 4.47405 3.96046 3.74006 6.62515 3.5988 3.59078 3.48403 5.62239 5.50102 6.45241 3.53689
threshold=0 1 44.750000000000007 0.99635443704902704 2 29.500000000000004 3 35.500000000000007 468.50000000000006 -0.95297903005573326 -0.51639395938746235 0.91023613416931248 1.6566334127507132 -0.98182534576205283
decision_type=1 1 2 2 1 2 1 2 2 2 2 2 2 2
left_child=2 9 -1 -4 -3 8 7 -7 -6 13 -11 -12 -13 -2
right_child=1 4 3 -5 5 6 -8 -9 -10 10 11 12 -14 -15
leaf_value=-6.6668369299519581 3.4923605423357502 -1.3500023110606616 -3.8584707802721416 2.7348526235291275 0.54037498230539538 0.42814883754837868 -4.3686418040183312 1.653281833088472 8.773515359988755 11.0936610163028 -1.5418349173542674 13.623178221554681 -9.264351711978744 -0.71612851669656319
leaf_weight=418.50367212295532 102.12101078033447 569.99999046325684 591.13742345571518 16.358887255191803 356.95523595809937 116.50511503219604 137.33294439315796 20.827829360961914 280.37885999679565 411.19704818725586 147.18580389022827 167.95478022098541 15.414355158805845 68.126986503601074
leaf_count=422 96 570 584 20 394 96 112 16 294 384 144 206 18 64
internal_value=-0.00314905 0.00608036 -0.0245048 -0.0172701 0.000971365 0.0042243 -0.0035333 0.00873502 0.00763381 0.0142819 0.0168074 0.00903912 0.0182852 0.0041175
internal_weight=3420 2394 1026 607.496 1482 912 274.666 137.333 637.334 912 741.752 330.555 183.369 170.248
internal_count=3420 2394 1026 604 1482 912 224 112 688 912 752 368 224 160
cat_boundaries=0 1 2 3 4
cat_threshold=840459776 75759731 151128192 4227336
is_linear=0
shrinkage=0.08


Tree=13
num_leaves=15
num_cat=2
split_feature=30 30 10 27 18 23 23 27 10 10 18 9 28 23
split_gain=97.9803 18.0045 10.762 6.64486 6.38734 6.19289 4.77544 4.00353 5.02169 3.36185 2.95616 3.27261 3.22745 3.39111
threshold=0 1 25.77932177502802 0.99635443704902704 813.83653846153857 34.500000000000007 20.500000000000004 0.91023613416931248 223.58432008424694 108.03271440072898 862.28846153846166 896.12500000000011 -0.99635443704902682 34.500000000000007
decision_type=1 1 2 2 2 2 2 2 2 2 2 2 2 2
left_child=2 -2 -1 5 9 6 7 8 -4 -3 -6 12 -12 -14
right_child=1 4 3 -5 10 -7 -8 -9 -10 -11 11 -13 13 -15
leaf_value=-6.2134899755558015 -0.97178782940920427 4.1546724070902608 3.2864130942976657 2.5160644136467978 19.789804078939436 3.0493094183162133 -5.047087510649634 -3.0875116683181774 -3.8049782076567182 2.2559625850483882 -10.445862425299202 19.983667022989749 3.2218899546355488 -5.2434382255707259
leaf_weight=405.08295631408691 1025.9999828338623 241.66971182823181 44.761122763156891 12.277592718601225 151.01709675788879 41.239102363586426 291.40652322769165 80.771782159805298 36.460905194282532 833.47768020629883 8.5089266300201398 73.478551864624023 162.30092251300812 11.547085404396055
leaf_count=408 1026 240 51 15 146 32 264 99 43 836 8 78 165 9
internal_value=-0.00332779 0.00486291 -0.0256246 -0.018137 0.0104811 -0.01958 -0.0222796 -0.0112679 0.00127379 0.00732098 0.0190895 0.0138503 0.00810676 0.0104613
internal_weight=3420 2508 912 506.917 1482 494.639 453.4 161.994 81.222 1075.15 406.853 255.835 182.357 173.848
internal_count=3420 2508 912 504 1482 489 457 193 94 1076 406 260 182 174
cat_boundaries=0 1 2
cat_threshold=806905344 186812548
is_linear=0
shrinkage=0.08


Tree=14
num_leaves=15
num_cat=4
split_feature=30 30 10 30 23 28 23 15 23 30 23 27 27 18
split_gain=85.5178 15.1538 9.7886 7.05508 5.81937 5.78902 5.46356 4.70265 4.28982 3.75539 3.71893 8.62387 4.09681 5.0082
threshold=0 1 25.77932177502802 2 34.500000000000007 -0.95297903005573326 34.500000000000007 585.17307692307702 31.500000000000004 3 17.500000000000004 0.91023613416931248 0.98182534576205316 393.12500000000006
decision_type=1 1 2 1 2 2 2 2 2 1 2 2 2 2
left_child=2 -2 -1 -3 5 9 8 -6 -4 -5 11 -7 13 -13
right_child=1 3 6 4 7 10 -8 -9 -10 -11 -12 12 -14 -15
leaf_value=-5.7164107775113369 -1.5079618348992767 19.532052882568593 -3.969722974703831 -4.6929383433125258 0.054357991838082854 -4.2561478576921994 2.8053646648509152 -2.3997107281098398 -5.8897229747038304 1.5215957582053989 8.3711984507941093 0.16550852964275692 2.5196530063449201 24.689925542607213
leaf_weight=384.51881968975067 1025.9999828338623 113.99999809265137 313.90501165390015 106.40499830245972 82.478204727172852 105.14984863996506 36.033207416534424 51.548877954483032 63.542947888374329 170.24799728393555 668.19520330429077 64.513741970062256 127.61668133735657 105.84442168474197
leaf_count=391 1026 114 327 100 64 130 28 40 52 160 624 79 156 129
internal_value=-0.00366631 0.00334549 -0.026416 0.00820467 0.00660748 0.0082328 -0.0182027 -0.00924615 -0.021044 -0.00208397 0.010897 0.0048286 0.0117794 0.0198983
internal_weight=3420 2622 798 1596 1482 1347.97 413.481 134.027 377.448 276.653 1071.32 403.125 297.975 170.358
internal_count=3420 2622 798 1596 1482 1378 407 104 379 260 1118 494 364 208
cat_boundaries=0 1 2 3 4
cat_threshold=806904832 186780292 16 12583177
is_linear=0
shrinkage=0.08


Tree=15
num_leaves=15
num_cat=3
split_feature=30 30 10 30 28 23 23 15 23 23 27 8 27 18
split_gain=76.4815 14.1348 9.124 6.28796 5.60455 5.20303 4.34951 3.64545 4.86977 7.00149 7.10327 4.67098 3.76048 3.195
threshold=0 1 25.77932177502802 2 -0.99635443704902682 34.500000000000007 35.500000000000007 1010.6538461538463 21.500000000000004 17.500000000000004 0.91023613416931248 403.50000000000006 0.98182534576205316 409.07692307692315
decision_type=1 1 2 1 2 2 2 2 2 2 2 2 2 2
left_child=2 6 -1 -3 13 -4 -2 8 9 10 -6 -12 -13 -5
right_child=1 3 5 4 7 -7 -8 -9 -10 -11 11 12 -14 -15
leaf_value=-5.2590979153104298 13.020553817247347 -2.1544880274656317 -3.7396912578490813 -0.069552742256123568 -1.9311594653214139 2.5809354916628422 -5.4345338240481356 -4.2407660239707186 0.067285877582767176 8.7666589795813845 0.15226784727133691 22.56005832092502 2.3180807658373261 -6.9069892011562661
leaf_weight=384.51881968975067 435.17216300964355 569.99999046325684 377.44795954227448 29.781243205070496 97.87664794921875 36.033207416534424 20.827829360961914 50.643939256668091 893.31918597221375 208.10636472702026 166.48424750566483 68.391393184661865 51.615708291530609 29.781243205070496
leaf_count=391 440 570 379 28 120 28 16 64 784 223 203 83 63 28
internal_value=-0.00390202 0.00273195 -0.0254151 1.14874e-05 0.0025899 -0.0174844 0.0153766 0.00353954 0.00425897 0.00988282 0.00348371 0.00984038 0.0218719 -0.0214716
internal_weight=3420 2622 798 2166 1596 413.481 456 1536.44 1485.79 592.474 384.368 286.491 120.007 59.5625
internal_count=3420 2622 798 2166 1596 407 456 1540 1476 692 469 349 146 56
cat_boundaries=0 1 2 3
cat_threshold=806904832 8388690 167905792
is_linear=0
shrinkage=0.08


Tree=16
num_leaves=15
num_cat=4
split_feature=30 30 9 30 23 23 23 30 23 23 4 7 12 23
split_gain=65.4542 11.6474 10.1487 6.74066 5.5839 4.07049 8.16965 4.00936 3.74154 3.73909 4.21767 4.00593 3.67533 3.49067
threshold=0 1 21.375000000000004 2 23.500000000000004 26.500000000000004 27.500000000000004 3 35.500000000000007 28.500000000000004 783.50000000000011 93.500000000000014 183.2692307692308 35.500000000000007
decision_type=1 1 2 1 2 2 2 1 2 2 2 2 2 2
left_child=2 13 -1 -3 7 -6 -7 12 -4 10 -8 -11 -5 -2
right_child=1 3 8 4 5 6 9 -9 -10 11 -12 -13 -14 -15
leaf_value=-4.9183700820855956 -1.1416457909566498 16.927844346583317 -2.9983700820855956 -4.9638281256820891 -2.7398346665383064 12.309944446602067 -9.3597860612912172 0.92190484512878357 1.1250025104202905 -4.7857963414193216 3.538010753541271 0.86283250028628633 11.109630411139056 0.67450534014628372
leaf_weight=290.35841059684753 1087.9304075241089 113.99999809265137 481.60678935050964 22.23128604888916 150.11788558959961 52.095468521118164 42.061551570892334 323.19281816482544 26.034786701202393 25.025914072990417 11.097090244293211 441.21643078327179 300.96153211593628 52.069573402404785
leaf_count=300 1100 114 478 28 144 48 38 372 20 20 10 364 344 40
internal_value=-0.00427972 0.00186206 -0.0241802 0.00652058 0.00485375 5.18576e-05 0.00313129 0.0102896 -0.0176601 0.000102048 -0.02 0.00239398 0.0164297 -0.00419805
internal_weight=3420 2622 798 1482 1368 721.614 571.496 646.386 507.642 519.401 53.1586 466.242 323.193 1140
internal_count=3420 2622 798 1482 1368 624 480 744 498 432 48 384 372 1140
cat_boundaries=0 1 2 3 4
cat_threshold=806904832 186780293 16 8458506
is_linear=0
shrinkage=0.08


Tree=17
num_leaves=15
num_cat=6
split_feature=30 9 30 30 23 30 30 23 23 19 28 15 30 27
split_gain=61.6235 11.2857 10.5523 6.87466 5.78197 6.37871 4.02517 3.82414 3.48699 3.41484 3.10488 4.18128 4.00731 3.0556
threshold=0 21.375000000000004 1 2 30.500000000000004 3 4 14.500000000000002 35.500000000000007 -564.87499999999989 -0.95297903005573326 997.92307692307702 5 0.99635443704902704
decision_type=1 2 1 1 2 1 1 2 2 2 2 2 1 2
left_child=1 -1 -2 -4 6 -6 7 -5 13 -9 12 -12 -8 -3
right_child=2 8 3 4 5 -7 10 9 -10 -11 11 -13 -14 -15
leaf_value=-4.5249004755187476 15.573616798856648 -2.8995720879933242 -1.6982583199711576 -0.63874183360005643 3.0079474903921035 -0.62541023356765213 0.60515754620156603 -2.7470358795176533 1.0350023095866663 8.5792811878754538 2.8620950743024425 -3.6491369637490538 -4.1327326956182704 3.1714020057261338
leaf_weight=290.35841059684753 113.99999809265137 468.50282168388367 683.9999885559082 123.47732627391815 148.6034631729126 326.92761898040771 106.40499830245972 16.677495956420898 26.034786701202393 365.52101051807404 569.49274730682373 60.490310668945312 106.40499830245972 13.103967666625975
leaf_count=300 114 462 684 156 120 264 100 16 20 368 624 76 100 16
internal_value=-0.00422853 -0.0235377 0.00173134 0.000602325 0.00316645 -0.00440103 0.00585857 0.0114253 -0.0166375 0.0156055 0.00235505 0.00520516 -0.00597151 -0.0181791
internal_weight=3420 798 2622 2508 1824 475.531 1348.47 505.676 507.642 382.199 842.793 629.983 212.81 481.607
internal_count=3420 798 2622 2508 1824 384 1440 540 498 384 900 700 200 478
cat_boundaries=0 1 2 3 4 5 6
cat_threshold=806904832 16 184683008 4456552 77664258 295012
is_linear=0
shrinkage=0.08


Tree=18
num_leaves=15
num_cat=5
split_feature=30 9 30 16 30 23 23 27 13 28 30 23 10 30
split_gain=58.7321 11.2703 8.89894 6.03769 5.2837 4.20795 3.41221 3.00385 2.84958 2.79113 4.80334 4.74063 3.57521 3.14087
threshold=0 21.375000000000004 1 312.88814607815789 2 35.500000000000007 35.500000000000007 0.99635443704902704 88.771218896975171 -0.51639395938746235 3 21.500000000000004 109.49137887872941 4
decision_type=1 2 1 2 1 2 2 2 2 2 1 2 2 1
left_child=1 -1 3 -2 5 8 7 -3 -4 11 -11 -6 -13 -14
right_child=2 6 4 -5 9 -7 -8 -9 -10 10 -12 12 13 -15
leaf_value=-4.162908437477248 -3.0691451687812514 -2.6676063209538587 -2.4477656592749168 14.123832670671131 9.1620934987595088 2.4194972508912018 0.95220212481973254 2.9176898452680438 -1.1545683398526194 4.5776474920138934 -0.95349589348553765 4.8366038440185504 -2.1900292775657797 2.4703158412093003
leaf_weight=290.35841059684753 58.153435707092285 468.50282168388367 108.10009241104126 169.84656047821045 194.05658578872681 41.655658721923828 26.034786701202393 13.103967666625975 762.24423360824585 123.95810222625732 413.19367408752441 149.50308799743652 277.86366605758667 323.42485904693604
leaf_count=300 50 462 100 178 208 32 20 16 780 138 460 133 252 291
internal_value=-0.00437892 -0.0232293 0.00144125 0.0161973 -2.56171e-05 -0.00478663 -0.0163301 -0.0178551 -0.00602795 0.00291668 -0.0016682 0.00555408 0.00267316 -7.95759e-05
internal_weight=3420 798 2622 228 2394 912 507.642 481.607 870.344 1482 537.152 944.848 750.792 601.289
internal_count=3420 798 2622 228 2394 912 498 478 880 1482 598 884 676 543
cat_boundaries=0 1 2 3 4 5
cat_threshold=806904832 8388624 186780288 328 4194605
is_linear=0
shrinkage=0.08


Tree=19
num_leaves=15
num_cat=2
split_feature=30 12 30 28 15 20 28 16 27 7 23 10 20 23
split_gain=53.5456 16.1412 8.40461 6.82193 5.1892 3.99169 4.07047 3.94815 3.88528 3.05744 3.1336 2.75143 2.62817 2.50995
threshold=0 17.192307692307697 1 -0.99635443704902682 569.26923076923083 0.35422457504413724 -0.95297903005573326 312.88814607815789 0.99635443704902704 369.50000000000006 9.5000000000000018 210.30258835944716 1.0413715046107905 35.500000000000007
decision_type=1 2 1 2 2 2 2 2 2 2 2 2 2 2
left_child=1 -1 7 12 5 6 -3 -2 11 -5 -11 13 -4 -7
right_child=2 4 3 9 -6 8 -8 -9 -10 10 -12 -13 -14 -15
leaf_value=-3.8298757624790682 -2.8236135552787527 -3.6722276517929533 -5.8438302339333976 -0.31829457757852186 -3.6698757624790681 -2.1586322093404307 1.7797508272351035 12.993926057017443 2.6842746576465992 -3.2606165462921308 2.3820924751098733 -4.0390864927755459 -0.50066709126984665 0.87602595483415369
leaf_weight=256.40183973312378 58.153435707092285 13.199720382690428 45.854738831520081 898.14096295833588 44.46257209777832 536.36541718244553 54.645806312561035 169.84656047821045 20.457370102405548 37.884393274784088 1039.3942697644234 178.01855373382568 30.725600838661194 36.44870138168335
leaf_count=252 50 12 43 912 56 521 58 178 25 50 1018 188 29 28
internal_value=-0.00426625 -0.0183334 0.00283529 0.00117755 -0.0133663 -0.0119551 0.00664866 0.0170787 -0.0135915 0.00209149 0.00496523 -0.0145288 -0.0222442 -0.011829
internal_weight=3420 1140 2280 2052 883.598 839.136 67.8455 228 771.29 1975.42 1077.28 750.833 76.5803 572.814
internal_count=3420 1140 2280 2052 888 832 70 228 762 1980 1068 737 72 549
cat_boundaries=0 1 2
cat_threshold=840590848 8388624
is_linear=0
shrinkage=0.08


Tree=20
num_leaves=15
num_cat=2
split_feature=30 12 30 28 16 15 28 20 27 20 8 19 23 10
split_gain=50.7231 16.5183 8.84041 5.4023 3.94815 3.79791 3.97634 5.43931 3.42521 3.14713 3.09298 3.59242 3.31889 3.04109
threshold=0 17.192307692307697 1 -0.99635443704902682 312.88814607815789 569.26923076923083 -0.95297903005573326 0.37082019555237294 0.99635443704902704 1.0090411792711313 369.50000000000006 -721.99999999999989 30.500000000000004 115.61540088866265
decision_type=1 2 1 2 2 2 2 2 2 2 2 2 2 2
left_child=1 -1 4 9 -2 6 -3 -8 -9 -4 -5 -12 -13 -14
right_child=2 5 3 10 -6 -7 7 8 -10 -11 11 12 13 -15
leaf_value=-3.5234857014807428 -2.5977244708564515 -3.3339477446735404 -5.5792686957616091 -0.38400251704531912 11.954411972456047 -3.376285701480743 1.6373707610562951 -1.9350353800697417 2.4695326850348716 -0.22125103233983562 -1.4428191093797069 3.4848154218520024 3.8462441092870252 -0.66129725251673566
leaf_weight=256.40183973312378 58.153435707092285 152.34511280059814 43.770477175712585 920.61589205265045 169.84656047821045 44.46257209777832 54.645806312561035 611.68727988004684 20.457370102405548 32.809862494468689 19.45618462562561 735.79507553577423 82.017903804779053 217.53456997871399
leaf_count=252 50 143 41 938 178 56 58 606 25 31 23 777 67 175
internal_value=-0.00443921 -0.0181299 0.00247481 0.000777206 0.0170787 -0.0131015 -0.0118942 -0.00930055 -0.0113938 -0.0200669 0.0015892 0.00454654 0.00518655 -0.00191226
internal_weight=3420 1140 2280 2052 228 883.598 839.136 686.79 632.145 76.5803 1975.42 1054.8 1035.35 299.552
internal_count=3420 1140 2280 2052 228 888 832 689 631 72 1980 1042 1019 242
cat_boundaries=0 1 2
cat_threshold=840590848 8388624
is_linear=0
shrinkage=0.08


Tree=21
num_leaves=15
num_cat=3
split_feature=30 12 30 16 28 28 30 23 26 18 12 16 28 23
split_gain=48.0754 17.4353 8.91363 3.94815 3.7694 3.5547 3.52663 4.9908 4.16767 3.30137 5.86844 3.01217 4.86361 9.36524
threshold=0 17.192307692307697 1 312.88814607815789 -0.99635443704902682 -0.95297903005573326 2 31.500000000000004 -0.95297903005573326 409.07692307692315 298.42307692307696 524.0192548085854 -0.98182534576205283 26.500000000000004
decision_type=1 2 1 2 2 2 1 2 2 2 2 2 2 2
left_child=1 -1 3 -2 9 -3 7 -7 -8 10 -4 12 13 -6
right_child=2 5 4 -5 11 6 8 -9 -10 -11 -12 -13 -14 -15
leaf_value=-3.2416068453622833 -2.3899065131879342 -3.0672319250996574 -3.8780647680393443 10.998059014659562 -3.4248754112170916 -2.9456327956501593 1.3843490006198886 0.4143672043498407 -1.7659433623633549 -5.8155372016123872 2.043077564422306 4.8962038278732871 -0.33445025608504486 8.2272943805098659
leaf_weight=256.40183973312378 58.153435707092285 152.34511280059814 16.996800184249878 169.84656047821045 52.075064301490784 89.93626880645752 78.808035373687744 25.014015674591064 537.49470853805542 38.290169835090637 21.293369650840759 575.264981508255 1295.9841116666794 52.095468521118164
leaf_count=252 50 143 16 178 50 102 69 20 554 36 20 589 1293 48
internal_value=-0.00431608 -0.0176447 0.00241503 0.0170787 0.000710816 -0.01247 -0.010154 -0.0226893 -0.00732888 -0.0167001 -8.97776e-05 0.00138938 -0.000613001 0.0160176
internal_weight=3420 1140 2280 228 2052 883.598 731.253 114.95 616.303 76.5803 38.2902 1975.42 1400.15 104.171
internal_count=3420 1140 2280 228 2052 888 745 122 623 72 36 1980 1391 98
cat_boundaries=0 1 2 3
cat_threshold=840590848 8388624 268443648
is_linear=0
shrinkage=0.08


Tree=22
num_leaves=15
num_cat=3
split_feature=30 12 30 23 30 23 20 2 27 12 1 27 10 20
split_gain=44.4761 13.9299 8.17616 5.29522 4.46417 3.44377 4.74865 3.24435 4.68642 3.15809 3.02851 2.80985 2.46245 4.53762
threshold=0 17.192307692307697 1 35.500000000000007 2 28.500000000000004 0.46030870181843148 34.500000000000007 0.78574730703237894 117.61538461538463 36.500000000000007 0.95297903005573359 236.7968455098673 1.1875620600065333
decision_type=1 2 1 2 1 2 2 2 2 2 2 2 2 2
left_child=1 -1 3 11 -4 7 -7 -3 9 -9 -10 12 -2 -14
right_child=2 5 4 -5 -6 6 -8 8 10 -11 -12 -13 13 -15
leaf_value=-2.9822782977333002 1.8074412149915775 -2.8081578166971206 -1.3863791868664179 -7.6932460815179411 0.32377312603845892 2.4041508127677922 -0.96740482152318252 -1.1865435853269557 -2.2498896664985284 -3.0600078061076466 0.91049947505626283 13.581872771047587 12.830346907178424 -6.7770256432221956
leaf_weight=256.40183973312378 75.291770815849304 125.47321796417236 683.9999885559082 10.413914680480955 1709.9999713897705 23.925803422927856 169.24577879905701 34.861879646778107 23.497685492038727 81.866260588169098 82.727521002292633 32.731129884719849 94.49967348575592 15.063507318496702
leaf_count=252 75 142 684 8 1710 21 138 35 29 82 99 40 89 16
internal_value=-0.00414303 -0.0205464 0.000924147 0.0150671 -0.000479874 -0.0135314 -0.00496394 -0.0182813 -0.0124901 -0.0235546 -0.000331694 0.0183952 0.0145697 0.0222239
internal_weight=3420 798 2622 228 2394 541.598 193.172 348.427 222.953 116.728 106.225 217.586 184.855 109.563
internal_count=3420 798 2622 228 2394 546 159 387 245 117 128 220 180 105
cat_boundaries=0 1 2 3
cat_threshold=806904832 8388624 167905920
is_linear=0
shrinkage=0.08


Tree=23
num_leaves=15
num_cat=3
split_feature=30 12 30 23 23 13 23 28 30 23 23 18 23 23
split_gain=42.2064 12.0546 6.14429 4.59254 5.14851 4.64815 4.4149 3.98029 4.18476 5.30598 4.87682 4.62386 4.93328 3.44799
threshold=0 17.192307692307697 1 35.500000000000007 31.500000000000004 301.79966013391697 34.500000000000007 -0.95297903005573326 2 26.500000000000004 27.500000000000004 777.92307692307702 27.500000000000004 28.500000000000004
decision_type=1 2 1 2 2 2 2 2 1 2 2 2 2 2
left_child=1 -1 6 4 -4 -5 7 8 10 -10 -2 12 -11 -3
right_child=2 13 3 5 -6 -7 -8 -9 9 11 -12 -13 -14 -15
leaf_value=-2.7436960339146363 7.3094652123170958 -2.2377013081272619 -0.31052940636034526 9.8677396695536501 -2.530390062267005 -4.5343821360211001 -0.97264424525471505 5.3431139274306139 -2.8363331869083885 2.4749528035162665 -12.231268920378751 4.7881111066721269 -8.7997034654584425 -0.62893390431068785
leaf_weight=256.40183973312378 84.255564212799072 348.42656469345093 1067.8317890167236 49.518684864044189 237.68470001220703 12.964803218841551 113.40753149986267 906.50145125389099 75.058942794799805 17.365156173706055 22.149434089660645 17.542351722717285 17.719547271728516 193.17158222198486
leaf_count=252 80 387 1128 38 192 10 88 946 72 16 20 16 16 159
internal_value=-0.00402066 -0.0200001 0.000915426 -0.00278378 -0.00381819 0.0183835 0.00494102 0.00647719 -0.00282262 -0.0120663 0.00859591 0.00646465 -0.010303 -0.0134854
internal_weight=3420 798 2622 1368 1305.52 62.4835 1254 1140.59 234.091 127.686 106.405 52.6271 35.0847 541.598
internal_count=3420 798 2622 1368 1320 48 1254 1166 220 120 100 48 32 546
cat_boundaries=0 1 2 3
cat_threshold=806904832 12915066 331856
is_linear=0
shrinkage=0.08


Tree=24
num_leaves=15
num_cat=4
split_feature=12 30 30 25 10 9 15 23 30 30 23 28 23 15
split_gain=40.0468 16.121 5.00857 3.22649 3.19615 3.42888 3.11011 3.01282 6.27591 5.71799 4.15658 4.55128 4.72266 3.17728
threshold=28.80769230769231 0 1 0.95297903005573359 210.30258835944716 222.37500000000003 802.4038461538463 30.500000000000004 2 3 14.500000000000002 -0.95297903005573326 26.500000000000004 507.51923076923083
decision_type=2 1 1 2 2 2 2 2 1 1 2 2 2 2
left_child=-1 4 3 -3 6 -6 -2 9 -9 10 -4 12 13 -12
right_child=1 2 7 -5 5 -7 -8 8 -10 -11 11 -13 -14 -15
leaf_value=-2.5242003512014652 -1.0930807708655141 17.532017852992706 -1.0115838949512499 -6.6623127059588754 -4.5532771771780407 -1.9706264994082767 -2.4668634917243195 3.0689866684659091 -0.80371640209618445 0.041697460366574436 2.7937563208340612 13.125780781320046 4.8635800351788827 -8.9521453255495729
leaf_weight=275.44506311416626 764.79434370994568 96.791021823883057 82.318217515945435 17.208976268768311 54.389125347137451 140.51174378395081 18.859703063964844 148.6034631729126 386.36900424957275 1179.9102764129639 28.114460468292236 169.67500567436218 35.08470344543457 21.924834728240967
leaf_count=272 750 94 104 20 60 148 24 120 312 1260 27 176 32 21
internal_value=-0.00418204 -0.00161992 0.00223987 0.0178695 -0.0100833 -0.0193542 -0.00790623 0.00128911 -0.00386662 0.00311575 0.012133 0.0175421 0.0024468 -0.0133315
internal_weight=3420 3144.55 2166 114 978.555 194.901 783.654 2052 534.972 1517.03 337.117 254.799 85.124 50.0393
internal_count=3420 3148 2166 114 982 208 774 2052 432 1620 360 256 80 48
cat_boundaries=0 1 2 3 4
cat_threshold=974792192 16 20971624 8458242
is_linear=0
shrinkage=0.08


Tree=25
num_leaves=15
num_cat=2
split_feature=12 30 30 23 13 27 15 28 16 12 10 27 12 23
split_gain=40.4955 13.3669 4.68254 8.40468 3.54716 2.83565 3.54217 2.73252 2.66925 2.6039 2.56075 2.82677 2.50393 2.42035
threshold=28.80769230769231 0 1 32.500000000000007 366.26576415024107 0.99635443704902704 997.92307692307702 -0.99635443704902682 922.86225648556444 183.2692307692308 210.30258835944716 0.98182534576205316 708.07692307692321 9.5000000000000018
decision_type=2 1 1 2 2 2 2 2 2 2 2 2 2 2
left_child=-1 8 3 9 12 6 7 -4 10 -3 13 -12 -5 -2
right_child=1 2 5 4 -6 -7 -8 -9 -10 -11 11 -13 -14 -15
leaf_value=-2.3222643231053479 8.213963786481667 -4.9448582863004642 -1.7191287605935281 -0.78327692698739937 -6.1771038848693163 3.6338252860723377 -4.1736703632453915 0.019766929224897468 -2.2695144123863744 7.912503129881685 -3.2515224196635257 0.56437294277462235 7.5711623703560633 -1.1207936546314061
leaf_weight=275.44506311416626 9.0826014280319196 22.23128604888916 68.071413040161133 56.81630003452301 24.028836131095886 54.777320921421051 53.963613629341125 1707.1829074025154 20.201151967048645 446.71228420734406 167.7654435634613 12.167248368263243 20.211284041404724 481.34318888187408
leaf_count=272 12 28 64 45 19 67 68 1683 25 462 176 15 16 468
internal_value=-0.00401863 -0.0014422 0.00133996 0.00762768 -0.0131648 -0.000592609 -0.00113284 -0.000519061 -0.0111864 0.0122711 -0.010485 -0.018648 -0.00479348 -0.00749001
internal_weight=3420 3144.55 2454 570 101.056 1884 1829.22 1775.25 690.56 468.944 670.358 179.933 77.0276 490.426
internal_count=3420 3148 2452 570 80 1882 1815 1747 696 490 671 191 61 480
cat_boundaries=0 1 2
cat_threshold=303703040 8458258
is_linear=0
shrinkage=0.08


Tree=26
num_leaves=15
num_cat=3
split_feature=12 30 30 23 23 13 5 23 30 28 13 12 16 20
split_gain=40.4586 11.4325 3.33824 9.42694 4.91024 5.5461 4.49136 3.95593 4.95173 2.87486 3.13665 3.81722 2.80677 2.78958
threshold=28.80769230769231 0 1 35.500000000000007 35.500000000000007 165.19231968449503 283.50000000000006 31.500000000000004 2 -0.99635443704902682 285.73571463767274 283.15384615384625 922.86225648556444 0.35422457504413724
decision_type=2 1 1 2 2 2 2 2 1 2 2 2 2 2
left_child=-1 12 3 -3 7 -6 -7 9 -9 10 11 -4 13 -2
right_child=1 2 4 -5 5 6 -8 8 -10 -11 -12 -13 -14 -15
leaf_value=-2.1364831772569199 0.55318381813533679 4.5400617203535782 -3.2427621129436734 -2.1109077296618231 9.9818235142596006 21.625878573308604 -0.66089497148172538 -3.148757996132924 -0.58566433427498599 0.1465750233363815 -6.2842533199764512 0.30041390272821217 -2.0879532593954644 -1.4103457953841281
leaf_weight=275.44506311416626 64.858835458755493 761.55128526687622 17.103793263435364 36.44870138168335 38.973823308944702 14.3577743768692 24.772762417793274 138.6494083404541 158.45646667480469 1221.222537279129 23.356578230857849 19.102114915847778 20.201151967048645 605.49964678287506
leaf_count=272 66 770 16 28 30 11 19 112 128 1298 22 18 25 605
internal_value=-0.00403206 -0.0014568 0.00111707 0.00533471 -0.00093517 0.0186392 -0.00263608 -0.00191001 -0.0102269 1.92601e-05 -0.0171429 -0.00239762 -0.010468 -0.00973421
internal_weight=3420 3144.55 2454 798 1656 78.1044 39.1305 1577.89 297.106 1280.79 59.5625 36.2059 690.56 670.358
internal_count=3420 3148 2452 798 1654 60 30 1594 240 1354 56 34 696 671
cat_boundaries=0 1 2 3
cat_threshold=303703040 8458354 740327937
is_linear=0
shrinkage=0.08


Tree=27
num_leaves=15
num_cat=2
split_feature=12 30 27 12 16 27 13 15 15 7 27 30 28 20
split_gain=40.5831 11.9791 3.17933 4.89068 3.01168 2.7654 4.01804 2.7475 2.8561 2.68136 5.57972 5.79587 6.16692 4.22522
threshold=28.80769230769231 0 0.99635443704902704 209.50000000000003 922.86225648556444 0.98182534576205316 524.4756064853334 1264.7692307692312 1010.6538461538463 428.50000000000006 0.91023613416931248 1 -0.51639395938746235 1.4539203580411566
decision_type=2 1 2 2 2 2 2 2 2 2 2 1 2 2
left_child=-1 4 5 -4 -2 7 -7 8 9 -3 11 -11 13 -13
right_child=1 2 3 -5 -6 6 -8 -9 -10 10 -12 12 -14 -15
leaf_value=-1.9655645230763665 -1.126937210274956 -0.18929273511442954 -7.7816829932520362 14.379596002844568 -1.920916998643827 -0.30393494962442674 -8.0074193912192921 25.984029196074754 -3.1396115711847372 -0.8261495360855815 14.519820605246869 3.6776121872377638 -1.7671908951442767 19.288909519010605
leaf_weight=275.44506311416626 844.35376584529877 1032.3360323309898 11.484265983104704 53.951283037662506 20.201151967048645 100.84745860099792 30.050348281860352 37.9030721783638 49.938937127590179 384.29104775190353 85.17717182636261 371.19215905666351 75.24336040019989 47.584825277328491
leaf_count=272 843 1013 14 66 25 123 37 45 59 360 104 342 69 48
internal_value=-0.00398685 -0.00140764 0.00164377 0.0190301 -0.00936548 0.00113747 -0.0101416 0.00184603 0.00145061 0.00192344 0.00495869 0.00306281 0.00869221 0.0126569
internal_weight=3420 3144.55 2280 65.4355 864.555 2214.56 130.898 2083.67 2045.76 1995.82 963.489 878.311 494.02 418.777
internal_count=3420 3148 2280 80 868 2200 160 2040 1995 1936 923 819 459 390
cat_boundaries=0 1 2
cat_threshold=974791680 17040334
is_linear=0
shrinkage=0.08


Tree=28
num_leaves=15
num_cat=2
split_feature=12 30 16 27 15 30 23 15 28 16 7 8 19 10
split_gain=40.493 9.68513 3.72176 3.68625 2.82795 2.60489 5.14483 3.43557 2.71073 3.49931 3.46148 4.8352 3.25781 2.48976
threshold=17.192307692307697 0 922.86225648556444 0.99635443704902704 274.7884615384616 1 35.500000000000007 997.92307692307702 -0.99635443704902682 524.0192548085854 375.00000000000006 367.00000000000006 -305.99999999999994 368.41086075500471
decision_type=2 1 2 2 2 1 2 2 2 2 2 2 2 2
left_child=-1 2 -2 5 -5 6 -3 8 10 12 11 -7 -10 -14
right_child=1 3 -4 4 -6 7 -8 -9 9 -11 -12 -13 13 -15
leaf_value=-1.8083193612302573 -1.0161287588385199 3.9561540995502584 -1.7672436387523209 -7.1591483537918723 8.8784184109747724 1.3816629232447941 -1.8077823545944558 -4.386020705554702 -3.3470711389366068 5.817817858704343 -4.4963290348172471 -3.9211304604685893 0.1473610350670424 -3.281368959255285
leaf_weight=256.40183973312378 860.02540624141693 633.12757980823517 23.572734951972961 8.1791098713874799 57.25643914937973 14.848519802093508 31.241744041442871 42.341323733329773 59.060307025909424 345.24223351478577 28.835157871246338 15.878808736801146 895.67904317378998 148.30969512462616
leaf_count=252 859 636 29 10 70 14 24 53 55 341 27 15 887 148
internal_value=-0.00396387 -0.00148566 -0.0085425 0.00128101 0.02 0.000733689 0.00488305 -0.00106921 -0.000445007 0.000242872 -0.0171711 0.0015113 -0.0019571 -0.00092302
internal_weight=3420 3163.6 883.598 2280 65.4355 2214.56 664.369 1550.2 1507.85 1448.29 59.5625 30.7273 1103.05 1043.99
internal_count=3420 3168 888 2280 80 2200 660 1540 1487 1431 56 29 1090 1035
cat_boundaries=0 1 2
cat_threshold=974791680 8654898
is_linear=0
shrinkage=0.08


Tree=29
num_leaves=15
num_cat=2
split_feature=12 30 16 28 13 8 30 28 23 20 27 19 19 23
split_gain=40.748 7.76928 3.95318 3.13272 5.69213 3.39494 2.19026 3.72224 3.56399 2.7703 2.6374 2.91224 2.03756 2.02354
threshold=17.192307692307697 0 882.74345613004982 -0.99635443704902682 243.08730216667263 369.50000000000006 1 -0.51639395938746235 21.500000000000004 1.5533854070470243 0.91023613416931248 263.37500000000006 7.6250000000000009 35.500000000000007
decision_type=2 1 2 2 2 2 1 2 2 2 2 2 2 2
left_child=13 2 12 4 -3 -5 10 8 -8 -9 -7 -12 -2 -1
right_child=1 3 -4 5 -6 6 7 9 -10 -11 11 -13 -14 -15
leaf_value=-1.6636538123318365 -0.42622441257929033 0.34187813831631275 -1.7858641476521353 -0.31901795338099809 -4.5154950359065911 -0.44046238145586813 17.013331161849475 0.17109620673599396 3.9075066503057418 -7.4268817866558496 3.9517276466511793 -11.082467616709428 -1.5644080260823443 -1.8172538123318356
leaf_weight=245.98792505264282 463.07354199886322 38.376109838485718 44.916694641113281 989.91774189472198 46.713156461715698 443.51670128107071 87.961947083473206 198.76928794384003 352.93127727508545 14.342795133590696 95.018795967102051 12.452148973941801 375.60790455341339 10.413914680480955
leaf_count=244 453 36 46 1009 44 418 94 218 316 13 117 15 389 8
internal_value=-0.00386775 -0.00138175 -0.00770205 0.00109661 -0.0139596 0.00168528 0.00453699 0.0076168 0.0119293 -0.00094762 0.000729856 0.011987 -0.00655087 -0.034541
internal_weight=3420 3163.6 883.598 2280 85.0893 2194.91 1204.99 654.005 440.893 213.112 550.988 107.471 838.681 256.402
internal_count=3420 3168 888 2280 80 2200 1191 641 410 231 550 132 842 252
cat_boundaries=0 1 2
cat_threshold=974791680 86016972
is_linear=0
shrinkage=0.08


Tree=30
num_leaves=15
num_cat=2
split_feature=12 30 16 8 28 13 13 28 16 20 7 23 23 30
split_gain=41.0463 7.98551 4.12703 2.81381 2.53235 2.60375 2.4965 2.45765 2.62448 2.47522 2.06732 2.02354 1.94593 1.89201
threshold=17.192307692307697 0 882.74345613004982 369.50000000000006 -0.95297903005573326 186.55145299504892 145.55594122788392 -0.99635443704902682 414.14536973819048 0.88092956439029857 369.50000000000006 35.500000000000007 34.500000000000007 1
decision_type=2 1 2 2 2 2 2 2 2 2 2 2 2 1
left_child=11 2 4 -3 5 6 -2 8 9 -5 -9 -1 -4 -6
right_child=1 3 12 7 13 -7 -8 10 -10 -11 -12 -13 -14 -15
leaf_value=-1.5305615073452896 -1.0928050389401331 -0.2755842207629064 -1.6429950158399647 -2.3372250938907997 -0.00053976228472556458 -2.9232043552711753 2.9066343962323105 -0.068501913080849589 -4.704864999889244 1.8755664664697178 1.9372307685848729 -1.6718735073452888 -9.1586568543351206 -0.89549404582217851
leaf_weight=245.98792505264282 90.288089990615845 1015.9210821390152 34.606919050216675 12.849329948425295 370.8759937286377 70.783023118972778 12.554999351501463 361.53409242630005 20.047770500183105 10.636153936386107 745.01153481006622 10.413914680480955 10.309775590896605 408.1793384552002
leaf_count=244 84 1033 38 12 376 67 12 360 19 10 732 8 8 417
internal_value=-0.00375567 -0.00126059 -0.00714249 0.00147461 -0.00609681 -0.0148337 -0.00670612 0.00419145 -0.0144535 0.00369476 0.00492497 -0.034541 -0.0309115 -0.00414965
internal_weight=3420 3163.6 997.598 2166 952.681 173.626 102.843 1150.08 43.5333 23.4855 1106.55 256.402 44.9167 779.055
internal_count=3420 3168 1002 2166 956 163 96 1133 41 22 1092 252 46 793
cat_boundaries=0 1 2
cat_threshold=974791808 1574016
is_linear=0
shrinkage=0.08


Tree=31
num_leaves=15
num_cat=2
split_feature=12 30 16 28 19 23 8 13 23 28 30 23 23 20
split_gain=35.4491 7.48846 4.27333 3.454 3.32269 3.07998 2.38483 2.21487 2.10689 2.37163 2.10255 5.22297 5.94807 3.91867
threshold=17.192307692307697 0 882.74345613004982 -0.95297903005573326 -1.0000000180025095e-35 25.500000000000004 32.000000000000007 186.55145299504892 27.500000000000004 -0.61559370248597534 1 35.500000000000007 33.500000000000007 0.32456198108223011
decision_type=2 1 2 2 2 2 2 2 2 2 1 2 2 2
left_child=4 2 3 7 5 -1 -3 -2 -7 -10 11 12 13 -5
right_child=1 6 -4 10 -6 8 -8 -9 9 -11 -12 -13 -14 -15
leaf_value=-1.4081165867576664 -0.94199156125414429 -3.4390471194207919 -1.5115554145727674 2.9186375235397981 -1.4081165867576664 4.3668119697062489 0.37437008417990231 -2.6893480068494808 -1.3023427890535135 0.031883413242333632 -0.73515470205975819 8.4864623813979954 -4.5363399700366491 0.036219321483409887
leaf_weight=46.599062204360962 124.12408900260925 33.059110403060913 44.916694641113281 16.889799356460571 169.4113894701004 14.00986611843109 2018.9408552646637 70.783023118972778 13.62499690055847 12.756525039672853 500.89833688735962 20.827829360961914 40.414320468902588 292.74404454231262
leaf_count=50 116 36 46 16 167 13 2016 67 12 10 511 16 32 312
internal_value=-0.00374404 -0.00142531 -0.00667939 -0.00572162 -0.0323535 -0.0196445 0.0014464 -0.0153493 -0.00347595 -0.0167907 -0.00356911 0.00105133 -0.00123607 0.00253146
internal_weight=3420 3163.6 1111.6 1066.68 256.402 86.9905 2052 194.907 40.3914 26.3815 871.774 370.876 350.048 309.634
internal_count=3420 3168 1116 1070 252 85 2052 183 35 22 887 376 360 328
cat_boundaries=0 1 2
cat_threshold=974792320 525952
is_linear=0
shrinkage=0.08


Tree=32
num_leaves=15
num_cat=2
split_feature=12 30 19 16 8 28 13 28 16 20 23 28 30 23
split_gain=35.9444 7.06764 4.81876 4.18851 2.46171 2.36117 2.82184 2.32457 5.24884 2.15481 1.94593 1.84335 5.01921 4.37532
threshold=17.192307692307697 0 -19.874999999999996 882.74345613004982 369.50000000000006 -0.95297903005573326 186.55145299504892 -0.99635443704902682 241.43012499264452 1.4449468596762916 34.500000000000007 -0.51639395938746235 1 21.500000000000004
decision_type=2 1 2 2 2 2 2 2 2 2 2 2 1 2
left_child=2 3 -1 5 -3 6 9 8 -6 -2 -5 12 -9 -14
right_child=1 4 -4 10 7 -7 -8 11 -10 -11 -12 -13 13 -15
leaf_value=0.029332740182946963 -0.24649917201898291 -0.28348708983626952 -1.2954672598170529 -1.390630981406946 0.47155628802787986 -0.40940889554083015 -2.4742001663015221 -0.94167926677281355 -3.5955301031418201 -4.3827824918609428 -8.305039872822487 -0.051856366870940869 15.467336600680337 2.6937905923799175
leaf_weight=16.493705630302429 92.216209173202515 1015.9210821390152 239.90813410282135 34.606919050216675 17.060818910598755 779.05533218383789 70.783023118972778 239.84425437450409 26.472435474395752 10.626880168914793 10.309775590896605 367.59827172756195 99.420961141586304 399.68213999271393
leaf_count=13 86 1033 239 38 16 793 67 225 25 10 8 402 106 359
internal_value=-0.00377047 -0.0014356 -0.0325791 -0.00696837 0.00113955 -0.00591266 -0.014349 0.00367962 -0.0144535 -0.00588796 -0.0309115 0.00439301 0.00669598 0.0111386
internal_weight=3420 3163.6 256.402 997.598 2166 952.681 173.626 1150.08 43.5333 102.843 44.9167 1106.55 738.947 499.103
internal_count=3420 3168 252 1002 2166 956 163 1133 41 96 46 1092 690 465
cat_boundaries=0 1 2
cat_threshold=974791808 18875208
is_linear=0
shrinkage=0.08


Tree=33
num_leaves=15
num_cat=4
split_feature=12 30 19 16 28 13 30 9 23 30 30 27 10 23
split_gain=36.2493 6.47128 4.81876 4.32074 2.58542 2.82184 2.49824 3.0828 2.34015 7.05001 3.68459 3.70435 3.00653 2.49525
threshold=17.192307692307697 0 -19.874999999999996 882.74345613004982 -0.95297903005573326 186.55145299504892 1 879.75000000000011 31.500000000000004 2 3 0.98182534576205316 342.78433942654232 13.500000000000002
decision_type=2 1 2 2 2 2 1 2 2 1 1 2 2 2
left_child=2 3 -1 4 5 -2 7 -3 10 -10 11 -8 -12 -13
right_child=1 6 -4 -5 -6 -7 8 -9 9 -11 12 13 -14 -15
leaf_value=0.026986120968311128 -0.7474856271474688 15.125219285464521 -1.1918298790316886 -1.2793805028943903 -0.37665618389756444 -2.2762641529973995 2.9369285202598165 -1.6717039998532734 -2.9227472159243635 0.27244213127585903 0.15280081064596807 -0.55581494723447578 -3.883367528084027 -5.6739920834129904
leaf_weight=16.493705630302429 102.84308934211731 87.694481372833252 239.90813410282135 44.916694641113281 779.05533218383789 70.783023118972778 633.35451698303223 26.305516719818115 125.07007837295532 325.18220376968384 712.64482665061951 51.824954986572266 177.21499752998352 26.70838737487793
leaf_count=13 96 88 239 46 793 67 656 26 100 260 753 64 187 32
internal_value=-0.00364852 -0.00130377 -0.0325791 -0.00659817 -0.00552112 -0.014349 0.0011598 0.0121922 0.000490728 -0.00460244 0.00192548 0.00616575 -0.00151895 -0.010136
internal_weight=3420 3163.6 256.402 997.598 952.681 173.626 2166 114 2052 450.252 1601.75 711.888 889.86 78.5333
internal_count=3420 3168 252 1002 956 163 2166 114 2052 360 1692 752 940 96
cat_boundaries=0 1 2 3 4
cat_threshold=974791808 16 10846208 10850307
is_linear=0
shrinkage=0.08


Tree=34
num_leaves=15
num_cat=2
split_feature=12 30 19 16 9 7 28 16 8 23 30 20 15 23
split_gain=35.1627 5.90616 4.74028 4.05849 3.10371 3.344 2.59932 4.24722 2.49162 2.05798 2.27147 3.35557 2.35261 1.94593
threshold=17.192307692307697 0 -19.874999999999996 882.74345613004982 37.875000000000007 369.50000000000006 -0.99635443704902682 240.1993015551927 32.000000000000007 9.5000000000000018 1 1.1875620600065333 1291.5576923076926 34.500000000000007
decision_type=2 1 2 2 2 2 2 2 2 2 1 2 2 2
left_child=2 3 -1 -2 -3 -6 7 -7 -8 -10 11 -11 -12 -5
right_child=1 4 -4 13 5 6 8 -9 9 10 12 -13 -14 -15
leaf_value=0.024827231290846328 -0.58165014939365878 0.77182510231047219 -1.0964834887091537 -1.1770300626628389 -0.47265151563963625 0.19887750336486534 -3.1892782731080178 -3.7555382117647675 -2.7412940031795689 7.8988763419655008 0.35094751365434818 -1.4750211073002002 20.5704787615804 -7.5382862427651389
leaf_weight=16.493705630302429 724.68144845962524 20.799884557723999 239.90813410282135 34.606919050216675 1186.0596253871918 17.059959411621094 15.495381712913511 25.612728595733643 35.644374847412109 199.59663438796997 812.75510597229004 66.49810516834259 14.478159904479979 10.309775590896605
leaf_count=13 728 18 239 38 1202 16 17 24 47 193 796 65 16 8
internal_value=-0.00374344 -0.0014341 -0.0322371 -0.00747919 0.000538209 0.000270788 0.00327242 -0.0161139 0.00399526 0.00443257 0.0050493 0.0113586 0.00284806 -0.0309115
internal_weight=3420 3163.6 256.402 769.598 2394 2373.2 1187.14 42.6727 1144.47 1128.97 1093.33 266.095 827.233 44.9167
internal_count=3420 3168 252 774 2394 2376 1174 40 1134 1117 1070 258 812 46
cat_boundaries=0 1 2
cat_threshold=974266496 4261908
is_linear=0
shrinkage=0.08


Tree=35
num_leaves=15
num_cat=2
split_feature=12 7 19 30 28 27 23 23 23 30 16 23 16 18
split_gain=32.5419 5.86477 4.48059 4.07772 3.76313 6.4363 6.22276 4.10609 4.67607 4.7358 3.36924 3.32751 4.21057 3.72464
threshold=17.192307692307697 93.500000000000014 -19.874999999999996 0 -0.46472317204376873 0.91023613416931248 21.500000000000004 26.500000000000004 27.500000000000004 1 1906.0145148657957 13.500000000000002 1092.566531293038 403.25000000000006
decision_type=2 2 2 1 2 2 2 2 2 1 2 2 2 2
left_child=2 10 -1 4 6 -6 -3 -8 -9 -10 -2 13 -13 -7
right_child=1 3 -4 -5 5 11 7 8 9 -11 -12 12 -14 -15
leaf_value=0.022841052787578635 -1.225485555874958 6.2166139989442444 -1.0087648096124213 -0.30027616870437668 -3.1104765113186885 12.695476804117675 -1.3704797287526436 7.2527257398559843 -1.6543415865996911 5.6856772182795741 -0.92286765764981182 -2.8856585386429505 24.309238673561591 0.023235689945581724
leaf_weight=16.493705630302429 459.01936542987823 159.36566436290741 239.90813410282135 1551.7722914218903 121.5129776597023 46.099774837493896 202.38389217853546 44.465547800064087 134.92438650131226 240.53531551361084 22.23128604888916 85.264915585517883 20.442873358726501 75.579812347888947
leaf_count=13 453 171 239 1556 128 58 198 41 114 202 28 100 24 95
internal_value=-0.00367352 -0.00145191 -0.0310847 7.08416e-06 0.00364346 -0.00323271 0.00675925 0.00314712 0.00765844 0.00475325 -0.0095839 0.00471031 -0.00567268 0.0137304
internal_weight=3420 3163.6 256.402 2682.35 1130.58 348.9 781.675 622.309 419.925 375.46 481.251 227.387 105.708 121.68
internal_count=3420 3168 252 2687 1131 405 726 555 357 316 481 277 124 153
cat_boundaries=0 1 2
cat_threshold=293933171 25235456
is_linear=0
shrinkage=0.08


Tree=36
num_leaves=15
num_cat=3
split_feature=30 30 15 27 20 21 9 7 30 23 13 28 18 9
split_gain=29.2286 4.81994 4.14802 3.85949 3.55767 3.36357 3.24206 3.26864 3.20909 2.84515 2.20854 2.72018 5.02373 2.20435
threshold=0 1 367.42307692307696 0.99635443704902704 0.15008855485240494 30.500000000000004 37.875000000000007 93.500000000000014 2 9.5000000000000018 1009.2463829365155 -0.99635443704902682 409.07692307692315 953.00000000000011
decision_type=1 1 2 2 2 2 2 2 1 2 2 2 2 2
left_child=4 2 -2 6 -1 -6 -3 -8 13 -4 11 12 -10 -9
right_child=1 3 9 -5 5 -7 7 8 10 -11 -12 -13 -14 -15
leaf_value=-0.92806362484342753 -0.4105792850507794 0.8081179385956313 1.4963516522196116 5.3431369257033321 -0.85652552865976006 0.021013768564572217 -1.4149016439964863 3.3994502889649856 0.020736068115270651 -2.0236483477803886 9.5284598063279127 -0.1422246279717102 -4.4888154780949616 -6.5309201109311656
leaf_weight=136.23128414154053 682.34490668773651 20.799884557723999 13.62390214204788 68.707326471805573 73.933557510375977 17.83515453338623 191.46025139093399 302.99746841192245 29.823349356651306 102.03117781877518 94.462109565734863 1642.9559423327446 31.972497940063477 10.821129918098448
leaf_count=142 665 18 18 84 72 14 192 300 28 115 94 1636 30 12
internal_value=-0.00341703 -0.00138547 -0.00672993 0.000416605 -0.030462 -0.0196223 -0.000133803 -0.000417598 0.000489329 -0.020824 -0.00082818 -0.00149256 -0.0179701 0.00782019
internal_weight=3420 3192 798 2394 228 91.7687 2325.29 2304.49 2113.03 115.655 1799.21 1704.75 61.7958 313.819
internal_count=3420 3192 798 2394 228 86 2310 2292 2100 133 1788 1694 58 312
cat_boundaries=0 1 2 3
cat_threshold=24576 974260224 8392720
is_linear=0
shrinkage=0.08


Tree=37
num_leaves=15
num_cat=2
split_feature=30 7 20 21 30 16 19 15 28 15 15 26 27 27
split_gain=29.1512 4.52031 3.55767 3.36357 3.14659 2.52599 2.45127 2.40649 3.42044 3.03947 2.7658 2.91565 1.83618 1.92793
threshold=0 6.5000000000000009 0.15008855485240494 30.500000000000004 1 489.4972710645913 964.50000000000011 483.46153846153851 -0.99635443704902682 861.78846153846166 1291.5576923076926 -0.95297903005573326 0.99635443704902704 0.98182534576205316
decision_type=1 2 2 2 1 2 2 2 2 2 2 2 2 2
left_child=2 5 -1 -4 7 -2 12 -3 -9 -10 11 -11 13 -6
right_child=1 4 3 -5 6 -7 -8 8 9 10 -12 -13 -14 -15
leaf_value=-0.85381853485595349 -0.4152172820393652 -2.4081738087261422 -0.78800348636697926 0.019332667079406462 -0.17420124014370231 -0.81521728203936517 -6.4110286050047058 -7.9530252563527801 8.118261731144921 7.9093787722888447 20.79841901495157 -1.2675432797744175 2.3587041856260478 -1.7495846554430454
leaf_weight=136.23128414154053 66.976131319999695 67.297611951828003 73.933557510375977 17.83515453338623 2444.1750993132591 78.535695910453796 33.724894881248474 8.5089266300201398 121.05415332317352 20.207529664039612 21.724626302719116 100.57790660858154 76.125820755958557 153.0915499329567
leaf_count=142 67 62 72 14 2389 87 29 8 120 18 24 108 93 187
internal_value=-0.00345269 -0.00142355 -0.030462 -0.0196223 -0.000770064 -0.0152031 -0.00168423 0.00638367 0.00992221 0.0115339 0.00361594 -0.00111063 -0.00142007 -0.00177902
internal_weight=3420 3192 228 91.7687 3046.49 145.512 2707.12 339.371 272.073 263.564 142.51 120.785 2673.39 2597.27
internal_count=3420 3192 228 86 3038 154 2698 340 278 270 150 126 2669 2576
cat_boundaries=0 1 2
cat_threshold=24576 8388626
is_linear=0
shrinkage=0.08


Tree=38
num_leaves=15
num_cat=3
split_feature=30 30 15 20 23 27 19 23 30 23 18 23 15 15
split_gain=28.8533 4.58514 4.00692 3.93635 3.37423 3.06286 2.81621 2.74741 2.40462 3.57888 3.56812 3.70222 2.21533 2.04091
threshold=0 1 367.42307692307696 0.15008855485240494 32.500000000000007 0.99635443704902704 21.375000000000004 9.5000000000000018 2 34.500000000000007 296.23076923076928 33.500000000000007 1291.5576923076926 997.92307692307702
decision_type=1 1 2 2 2 2 2 2 1 2 2 2 2 2
left_child=3 2 6 -1 -5 8 -2 -4 9 10 -3 12 -12 -10
right_child=1 5 7 4 -6 -7 -8 -9 13 -11 11 -13 -14 -15
leaf_value=-0.78551305206747712 -0.0059385568445004845 -6.3002453337435353 1.4418609026051921 -0.79650130364128846 0.01778605371305389 4.5678558529277558 -1.2947396928995476 -1.7965390973948081 -0.16026514093220612 -1.1527265189798248 0.99284856180049252 24.783789128802159 19.134545493755439 -2.8960747050489091
leaf_weight=136.23128414154053 416.57036018371582 21.787066221237183 13.62390214204788 71.557428002357483 20.211284041404724 68.707326471805573 265.77454650402069 102.03117781877518 1397.1255446076393 82.478204727172852 724.83053481578827 35.005333065986633 21.724626302719116 42.341323733329773
leaf_count=142 400 18 18 70 16 84 265 115 1377 64 746 28 24 53
internal_value=-0.0031844 -0.00116729 -0.00637971 -0.0300545 -0.0185653 0.000589488 -0.0041258 -0.020229 0.000100077 0.00335767 0.00502489 0.00591507 0.0047228 -0.00191462
internal_weight=3420 3192 798 228 91.7687 2394 682.345 115.655 2325.29 885.826 803.348 781.56 746.555 1439.47
internal_count=3420 3192 798 228 86 2394 665 133 2310 880 816 798 770 1430
cat_boundaries=0 1 2 3
cat_threshold=24576 973212672 10518898
is_linear=0
shrinkage=0.08


Tree=39
num_leaves=15
num_cat=4
split_feature=30 7 20 23 30 10 23 23 23 30 27 23 30 26
split_gain=28.2029 4.17239 3.93635 3.37423 3.00745 4.33088 2.6299 4.05586 5.93079 6.6788 4.74806 4.55866 2.94545 2.44456
threshold=0 6.5000000000000009 0.15008855485240494 32.500000000000007 1 201.5469264240659 9.5000000000000018 21.500000000000004 18.500000000000004 2 0.98182534576205316 13.500000000000002 3 -0.95297903005573326
decision_type=1 2 2 2 1 2 2 2 2 1 2 2 1 2
left_child=2 -2 -1 -4 6 -6 -3 8 9 10 -8 -11 -9 -14
right_child=1 4 3 -5 5 -7 7 12 -10 11 -12 -13 13 -15
leaf_value=-0.72267200790207897 -0.66952481492865601 -2.6643887286449943 -0.73278119934998531 0.016363169416009668 -0.081616349734216942 -1.4619329849793814 10.830718567564086 5.2392482370713997 10.411931378506274 2.3770534315226723 -1.2530771376966185 -5.027365653082529 1.1428097885620956 -1.2699898218670247
leaf_weight=136.23128414154053 145.51182723045349 63.57820999622345 71.557428002357483 20.211284041404724 1187.5091319084167 284.52564251422882 121.62697970867157 133.49671339988708 157.41489380598068 100.75474619865417 58.900006771087646 130.44924265146255 263.87459182739258 544.35796058177948
leaf_count=142 154 84 70 16 1174 289 144 118 167 127 72 150 236 477
internal_value=-0.00348767 -0.00149122 -0.0300545 -0.0185653 -0.000863766 -0.0034496 0.00156582 0.00224648 0.00757822 0.00252869 0.0136231 -0.00644445 -0.000975822 -0.0028105
internal_weight=3420 3192 228 91.7687 3046.49 1472.03 1574.45 1510.88 569.146 411.731 180.527 231.204 941.729 808.233
internal_count=3420 3192 228 86 3038 1463 1575 1491 660 493 216 277 831 713
cat_boundaries=0 1 2 3 4
cat_threshold=24576 15012343 10551458 80
is_linear=0
shrinkage=0.08


Tree=40
num_leaves=15
num_cat=4
split_feature=30 30 20 23 12 16 23 30 30 23 16 18 3 23
split_gain=28.0948 4.43581 3.93635 3.37423 3.31014 3.09652 2.33833 6.31647 3.05921 4.22677 2.89126 2.89285 2.79271 2.69621
threshold=0 1 0.15008855485240494 32.500000000000007 337.5384615384616 489.4972710645913 10.500000000000002 2 3 35.500000000000007 312.88814607815789 864.39423076923083 11.500000000000002 18.500000000000004
decision_type=1 1 2 2 2 2 2 1 1 2 2 2 2 2
left_child=2 4 -1 -4 5 -2 7 -3 9 10 -8 -12 -10 -13
right_child=1 6 3 -5 -6 -7 8 -9 12 -11 11 13 -14 -15
leaf_value=-0.66485824726991272 -0.42125722428999335 1.1845185082654006 -0.67415870340198658 0.01505411586272885 -5.1431232244657599 -0.60198322203917831 -2.7397654460400918 -2.9450200669551871 0.76924999464792554 -5.8690940208365143 8.9848699467886313 -13.774240734990144 -0.10921960051609109 12.26415913100187
leaf_weight=136.23128414154053 309.71326971054077 76.206715106964111 71.557428002357483 20.211284041404724 62.21134352684021 84.075379133224487 52.946478366851807 106.68940114974976 61.80176854133606 10.413914680480955 122.2284859418869 15.769428730010988 2278.543416261673 11.400345444679258
leaf_count=142 298 100 70 16 62 96 46 140 60 8 125 18 2228 11
internal_value=-0.00353837 -0.00154536 -0.0300545 -0.0185653 -0.00876344 -0.00624647 -0.000314819 -0.00905407 0.00031 0.00926816 0.0122618 0.0179547 -0.000541665 -0.00565676
internal_weight=3420 3192 228 91.7687 456 393.789 2736 182.896 2553.1 212.759 202.345 149.398 2340.35 27.1698
internal_count=3420 3192 228 86 456 394 2736 240 2496 208 200 154 2288 29
cat_boundaries=0 1 2 3 4
cat_threshold=24576 570556544 1413738 8388624
is_linear=0
shrinkage=0.08


Tree=41
num_leaves=15
num_cat=3
split_feature=30 8 20 23 30 10 10 23 30 23 23 27 15 28
split_gain=28.2216 4.49539 3.93635 3.37423 2.98109 2.17413 3.41038 3.486 2.47142 3.91994 3.40053 2.03536 3.12562 1.9636
threshold=0 12.500000000000002 0.15008855485240494 32.500000000000007 1 196.5162957227663 272.61168881892689 20.500000000000004 2 34.500000000000007 34.500000000000007 0.99635443704902704 274.7884615384616 -0.51639395938746235
decision_type=1 2 2 2 1 2 2 2 1 2 2 2 2 2
left_child=2 -2 -1 -4 11 -6 7 -7 9 -8 -10 13 -13 -3
right_child=1 4 3 -5 5 6 8 -9 10 -11 -12 12 -14 -15
leaf_value=-0.61166958748831968 -0.55382456427604398 0.99999274038514163 -0.62022600712982756 0.013849786593710577 -0.049419309437650397 -0.31190453898932563 -5.6900044668494392 -3.2492492495782352 1.8487638056318099 2.4330628741438987 -15.366755487297326 -7.3124115586617773 21.746393096085914 -0.43253486984319123
leaf_weight=136.23128414154053 179.64325177669525 863.79515206813812 71.557428002357483 20.211284041404724 1215.1750721931458 80.934637069702148 95.556465625762939 91.330322504043579 149.96295928955078 20.77522349357605 10.309775590896605 8.1791098713874799 31.082219541072845 445.25575757026672
leaf_count=142 191 808 70 16 1196 96 100 84 154 16 8 10 38 491
internal_value=-0.0034789 -0.00148185 -0.0300545 -0.0185653 -0.000753342 -0.00300849 -0.00778441 -0.0166206 -0.0022814 -0.0106315 0.00418182 0.0020371 0.02 0.00151391
internal_weight=3420 3192 228 91.7687 3012.36 1664.04 448.869 172.265 276.604 116.332 160.273 1348.31 39.2613 1309.05
internal_count=3420 3192 228 86 3001 1654 458 180 278 116 162 1347 48 1299
cat_boundaries=0 1 2 3
cat_threshold=24576 14946775 100796424
is_linear=0
shrinkage=0.08


Tree=42
num_leaves=15
num_cat=2
split_feature=30 7 20 23 30 27 23 17 16 18 23 23 23 13
split_gain=28.4914 4.2835 3.93635 3.37423 3.31155 3.35537 3.06207 3.6757 2.96133 2.35764 2.20508 2.24609 2.09886 4.54304
threshold=0 93.500000000000014 0.15008855485240494 32.500000000000007 1 -0.91023613416931204 35.500000000000007 1.0000000180025095e-35 489.4972710645913 458.37500000000006 9.5000000000000018 13.500000000000002 34.500000000000007 201.93727263134733
decision_type=1 2 2 2 1 2 2 2 2 2 2 2 2 2
left_child=2 8 -1 -4 5 -3 12 -8 -2 -10 -7 -12 -6 -14
right_child=1 4 3 -5 6 10 7 -9 9 -11 11 -13 13 -15
leaf_value=-0.56273602048925409 -0.3295989031930987 -5.3649637095821348 -0.57060792655944137 0.012741803666213799 -0.18465809965003782 -3.7801897570411711 0.99157269438957529 -5.334993866503412 -0.6273982050625011 -1.4830418113576753 20.006681648399034 3.1760200860695842 -3.4237532787101794 2.145023892695757
leaf_weight=136.23128414154053 353.41448736190796 9.0992947816848737 71.557428002357483 20.211284041404724 2169.9393196105957 9.8600616455078107 91.173281192779541 14.201071858406065 104.01481032371521 47.838951468467712 35.828620851039886 251.99702733755112 61.207526683807373 43.425493478775024
leaf_count=142 340 7 70 16 2218 13 70 11 108 53 45 245 48 34
internal_value=-0.00335275 -0.00134711 -0.0300545 -0.0185653 -8.04478e-05 0.00760607 -0.00109862 0.0122288 -0.00810919 -0.0174525 0.00931675 0.0105911 -0.00172087 -0.0127876
internal_weight=3420 3192 228 91.7687 2686.73 306.785 2379.95 105.374 505.268 151.854 297.686 287.826 2274.57 104.633
internal_count=3420 3192 228 86 2691 310 2381 81 501 161 303 290 2300 82
cat_boundaries=0 1 2
cat_threshold=24576 8454160
is_linear=0
shrinkage=0.08


Tree=43
num_leaves=15
num_cat=2
split_feature=30 7 20 23 27 15 16 9 26 30 28 23 27 13
split_gain=28.642 4.31209 3.93635 3.37423 2.43866 2.58591 2.32103 2.2561 3.30966 2.70373 3.08383 3.40026 2.68599 3.06184
threshold=0 6.5000000000000009 0.15008855485240494 32.500000000000007 0.99635443704902704 216.46153846153848 489.4972710645913 31.125000000000004 -0.78574730703237872 1 -0.78574730703237872 25.500000000000004 0.98182534576205316 524.4756064853334
decision_type=1 2 2 2 2 2 2 2 2 1 2 2 2 2
left_child=2 6 -1 -4 7 -6 -2 8 -3 10 11 -9 -11 -14
right_child=1 4 3 -5 5 -7 -8 9 -10 12 -12 -13 13 -15
leaf_value=-0.51771713885011383 -0.22057552079309528 0.57207428135443228 -0.52495929243468609 0.011722459372916773 -1.1802830741126502 5.3889331654509398 -0.55330635042414567 -1.3706374085267601 -0.2188601972675778 0.079831148942183752 -0.18773779555695683 -0.79565450534706839 -0.67699767020139923 -13.078465356668303
leaf_weight=136.23128414154053 66.976131319999695 36.011320114135742 71.557428002357483 20.211284041404724 14.772233784198759 71.168919324874878 78.535695910453796 122.20025455951691 38.525815308094025 2095.3280962109566 382.84050619602203 156.44616043567657 102.41824555397034 26.776567876338959
leaf_count=142 67 32 70 16 18 87 87 122 42 2047 392 140 125 33
internal_value=-0.00328259 -0.00127217 -0.0300545 -0.0185653 -0.000633538 0.0126511 -0.0147302 -0.00101918 0.0127227 -0.00137409 -0.00582085 -0.0123115 -2.55116e-05 -0.0112207
internal_weight=3420 3192 228 91.7687 3046.49 85.9412 145.512 2960.55 74.5371 2886.01 661.487 278.646 2224.52 129.195
internal_count=3420 3192 228 86 3038 105 154 2933 74 2859 654 262 2205 158
cat_boundaries=0 1 2
cat_threshold=24576 303694856
is_linear=0
shrinkage=0.08


Tree=44
num_leaves=15
num_cat=2
split_feature=30 20 23 7 27 17 15 15 12 4 30 20 8 23
split_gain=28.467 3.93635 3.37423 3.10193 2.0935 2.24452 2.52323 2.78285 2.69083 1.98362 2.03119 2.76087 2.21697 1.93345
threshold=0 0.15008855485240494 32.500000000000007 12.500000000000002 0.99635443704902704 1.0000000180025095e-35 216.46153846153848 395.09615384615387 594.19230769230774 2.5000000000000004 1 1.5747865902557032 670.00000000000011 9.5000000000000018
decision_type=1 2 2 2 2 2 2 2 2 2 1 2 2 2
left_child=1 -1 -3 -2 9 6 -6 -8 -9 -5 13 -12 -13 -11
right_child=3 2 -4 4 5 -7 7 8 -10 10 11 12 -14 -15
leaf_value=-0.4762997677421047 -0.42904184239021403 -0.4829625490399112 0.010784662623083535 -3.2876732674390396 -6.6182233400678188 67.58425505367714 4.3822908215260261 -2.4322995602778201 5.5880708112883033 -2.7390266925957802 -0.12626368517982953 -4.2569154123928472 5.7511145648708064 0.65886108079956762
leaf_weight=136.23128414154053 168.28695487976074 71.557428002357483 20.211284041404724 70.232628047466278 11.500456333160399 14.722664773464201 27.860011100769043 22.092257559299473 8.939725458621977 33.312927067279816 1840.2435911893845 128.46780401468277 29.536550164222717 836.8043760061264
leaf_count=142 178 70 16 69 14 18 34 27 11 44 1816 134 30 817
internal_value=-0.00336414 -0.0300545 -0.0185653 -0.00135927 -0.000775187 0.0115935 0.00565222 0.0123454 -0.00413211 -0.00113344 -0.000808202 -0.00220774 -0.0123671 0.00240362
internal_weight=3420 228 91.7687 3192 3023.71 85.1151 70.3925 58.892 31.032 2938.6 2868.37 1998.25 158.004 870.117
internal_count=3420 228 86 3192 3014 104 86 72 38 2910 2841 1980 164 861
cat_boundaries=0 1 2
cat_threshold=24576 815796530
is_linear=0
shrinkage=0.08


Tree=45
num_leaves=15
num_cat=3
split_feature=20 7 30 27 10 23 23 23 30 30 18 23 10 10
split_gain=28.1979 5.72306 1.78015 3.48091 2.67853 3.01078 3.5471 2.43373 3.4148 3.18752 2.26189 2.74862 3.4993 2.16631
threshold=0.075036477351791253 6.5000000000000009 0 0.99635443704902704 45.492919737662866 35.500000000000007 34.500000000000007 31.500000000000004 1 2 323.62500000000006 28.500000000000004 20.967986060308469 210.30258835944716
decision_type=2 2 1 2 2 2 2 2 1 1 2 2 2 2
left_child=-1 -2 3 -3 5 6 10 9 -9 -6 11 -4 -13 -11
right_child=1 2 4 -5 7 -7 -8 8 -10 13 -12 12 -14 -15
leaf_value=-0.43819578632273631 -0.36432554511671833 0.11825880337509723 -0.31856462227292781 9.2607358582192827 0.43702307741986568 1.9563075405490327 -2.5341121295708366 -0.0048143833740528488 -2.086220817482427 -0.42542879021396895 0.54000062556700645 1.6048594313010649 0.045488763719686034 -2.6200562401009431
leaf_weight=151.04449248313904 197.65791296958923 1357.527123093605 114.4199583530426 39.244471549987793 501.15526151657104 28.743451118469238 24.302548050880432 128.63196408748627 150.5589793920517 423.23009419441223 69.290900230407715 20.228577494621277 64.982517838478088 148.98169040679932
leaf_count=160 202 1343 116 48 532 22 19 103 121 446 74 17 55 162
internal_value=-0.00303838 -0.00147691 -0.00062774 0.0014778 -0.00237865 0.00416503 0.00174293 -0.00395392 -0.0106077 -0.00222321 0.00438801 6.55015e-05 0.0109432 -0.00623949
internal_weight=3420 3268.96 3071.3 1396.77 1674.53 321.968 293.225 1352.56 279.191 1073.37 268.922 199.631 85.2111 572.212
internal_count=3420 3260 3058 1391 1667 303 281 1364 224 1140 262 188 72 608
cat_boundaries=0 1 2 3
cat_threshold=566493687 68687880 137465856
is_linear=0
shrinkage=0.08


Tree=46
num_leaves=15
num_cat=3
split_feature=30 20 30 23 16 23 30 16 28 23 18 27 15 23
split_gain=29.1722 3.91902 3.21319 2.76042 3.19732 2.67131 5.28454 2.17847 2.12747 2.03755 2.27741 1.76009 2.22672 1.77457
threshold=0 0.075036477351791253 1 9.5000000000000018 579.79918723544199 10.500000000000002 2 23.376231683471271 -0.40966402954315212 9.5000000000000018 368.9134615384616 0.99635443704902704 216.46153846153848 11.500000000000002
decision_type=1 2 1 2 2 2 1 2 2 2 2 2 2 2
left_child=1 -1 3 -2 -5 6 9 -7 -3 -4 -11 13 -13 -9
right_child=2 8 5 4 -6 7 -8 11 -10 10 -12 12 -14 -15
leaf_value=-0.40314012341691746 3.671511899091596 -0.3436414053237134 -1.4317205815497642 -0.43524670459894188 -0.70011609647500228 0.75356766415043208 -2.2267175182757559 10.263044593075424 0.06482049849261913 -0.29553703142191923 10.622241567831438 -6.1237273190559813 4.4001662777276946 -0.00023303904622480333
leaf_weight=132.85970115661621 18.165202856063843 81.330598115921021 45.413007140159607 331.96553719043732 105.86925232410431 13.864465832710264 106.68940114974976 75.413161754608154 13.809696912765501 10.808899343013765 19.984808623790741 12.29378306865692 66.228875756263733 2385.3035515546799
leaf_count=138 24 76 60 318 114 11 140 96 14 14 26 15 81 2293
internal_value=-0.00279966 -0.0298167 -0.000774037 -0.00691567 -0.00833516 0.000271025 -0.00906754 0.000941071 -0.01873 0.00717302 0.024 0.000768395 0.0125591 0.000392149
internal_weight=3420 228 3192 456 437.835 2736 182.896 2553.1 95.1403 76.2067 30.7937 2539.24 78.5227 2460.72
internal_count=3420 228 3192 456 432 2736 240 2496 90 100 40 2485 96 2389
cat_boundaries=0 1 2 3
cat_threshold=24576 570556424 18125538
is_linear=0
shrinkage=0.08


Tree=47
num_leaves=15
num_cat=2
split_feature=20 30 15 28 23 30 13 28 28 23 18 23 28 20
split_gain=27.502 5.15639 2.49395 2.41432 2.06703 5.06557 1.95581 2.62624 4.67708 2.30532 2.16116 1.8318 1.80849 3.5582
threshold=0.075036477351791253 0 34.923076923076927 -0.99635443704902682 10.500000000000002 1 97.573083763638707 -0.70581670320594803 -0.61559370248597534 9.5000000000000018 337.6634615384616 9.5000000000000018 -0.99635443704902682 0.95730999290323526
decision_type=2 1 2 2 2 1 2 2 2 2 2 2 2 2
left_child=-1 3 -3 -2 5 11 7 -5 -9 -8 -11 -4 13 -6
right_child=1 2 4 6 12 -7 9 8 -10 10 -12 -13 -14 -15
leaf_value=-0.37088891354356407 12.761819452394164 1.1480105998667471 -1.0510340111834375 -0.31615009289781631 -2.4302158406288688 -2.2568314313785449 3.7082430853413086 0.84273040459073412 -0.19726959540926586 -0.58388143315621333 -7.6302651894352422 3.0267966910589847 0.090349762709748802 0.11195677410743017
leaf_weight=151.04449248313904 17.017853260040283 9.999483108520506 45.413007140159607 106.15316319465637 56.704887628555298 114.31007266044617 9.0826014280319196 12.287562847137449 46.849394917488098 159.33081215620041 68.234110176563263 30.793707966804504 2543.1220985651016 49.656695246696472
leaf_count=160 16 8 60 102 53 150 12 12 48 151 69 40 2492 47
internal_value=-0.00265896 -0.00111687 0.000117131 -0.00929236 -2.28815e-05 -0.00807144 -0.0107638 -0.0174411 -0.00393061 -0.0060999 -0.00767735 0.00786593 0.000555867 -0.00966431
internal_weight=3420 3268.96 2850 418.955 2840 190.517 401.938 165.29 59.137 236.648 227.565 76.2067 2649.48 106.362
internal_count=3420 3260 2850 410 2842 250 394 162 60 232 220 100 2592 100
cat_boundaries=0 1 2
cat_threshold=570564608 18092778
is_linear=0
shrinkage=0.08


Tree=48
num_leaves=15
num_cat=3
split_feature=20 30 28 23 30 23 30 9 13 23 12 13 28 12
split_gain=27.6622 4.74712 2.34239 1.99792 4.86769 1.82583 1.81275 2.36202 2.48555 2.10294 5.30879 2.11025 3.52909 2.99793
threshold=0.075036477351791253 0 -0.99635443704902682 10.500000000000002 1 9.5000000000000018 2 896.12500000000011 837.46363738971456 11.500000000000002 220.69230769230771 590.35813201828921 -0.40966402954315212 526.96153846153857
decision_type=2 1 2 2 1 2 1 2 2 2 2 2 2 2
left_child=-1 2 -2 4 5 -3 -5 8 9 10 -8 13 -13 -11
right_child=1 3 -4 6 -6 -7 7 -9 -10 11 -12 12 -14 -15
leaf_value=-0.34121780046007893 11.740873896202629 -0.45199520852155955 -0.36239618164965853 0.32386768216951389 -2.4103439124946693 3.3870142827603331 -8.7753185328583196 13.47188528637057 -1.6377697547283199 -0.080312531430211165 34.077185512696751 16.348037599753873 -3.1241414434430772 -2.7891895281271331
leaf_weight=151.04449248313904 17.017853260040283 45.413007140159607 401.93764472007751 957.4139392375946 114.31007266044617 30.793707966804504 8.6967910528182966 69.90903902053833 37.577122926712036 1222.8095377087593 36.103737056255341 85.485678136348724 44.058774590492249 197.42854481935501
leaf_count=160 16 60 394 936 150 40 11 70 40 1181 46 84 51 181
internal_value=-0.00256189 -0.00101532 -0.00885969 0.00016831 -0.00774497 0.00785121 0.000735825 -0.000834545 -0.00145622 -0.00097698 0.0161103 -0.00147093 0.00830352 -0.00236249
internal_weight=3420 3268.96 418.955 2850 190.517 76.2067 2659.48 1702.07 1632.16 1594.58 44.8005 1549.78 129.544 1420.24
internal_count=3420 3260 410 2850 250 100 2600 1664 1594 1554 57 1497 135 1362
cat_boundaries=0 1 2 3
cat_threshold=570564608 1315818 417334608
is_linear=0
shrinkage=0.08


Tree=49
num_leaves=15
num_cat=1
split_feature=9 7 30 27 28 28 23 23 7 13 23 13 15 7
split_gain=25.7846 6.25172 1.87074 4.49526 2.9896 3.54783 2.54457 7.0498 2.41009 2.30066 2.16148 6.22144 2.30872 1.7988
threshold=1.0000000180025095e-35 6.5000000000000009 0 0.99635443704902704 -0.70581670320594803 -0.95297903005573326 27.500000000000004 26.500000000000004 195.50000000000003 471.16020414387253 35.500000000000007 216.1722196911071 457.42307692307696 132.50000000000003
decision_type=2 2 1 2 2 2 2 2 2 2 2 2 2 2
left_child=-1 -2 3 4 5 6 7 8 -3 -8 -4 -12 -13 -7
right_child=1 2 10 -5 -6 13 9 -9 -10 -11 11 12 -14 -15
leaf_value=-0.31392037642327258 -0.25527946170786131 0.42893105053114466 -0.20082900077651572 25.384331176359265 -0.65531621850755528 -2.4806058705463649 -7.02839094166261 11.830965743019352 -2.0365729513114035 1.9540116729527321 1.8502639879005542 -4.8970697568051262 -0.10594472899948476 6.838754258616822
leaf_weight=113.99999809265137 232.07316756248474 11.415472984313963 2126.6216456890106 23.728480041027069 402.63957077264786 34.157417297363281 23.245495557785034 32.559224963188171 79.397635459899902 11.075168967247008 70.241333961486816 15.620872020721434 23.483898162841797 219.74056124687195
leaf_count=114 246 11 2142 29 420 30 21 30 76 10 54 12 18 207
internal_value=-0.00259269 -0.00130279 -0.000346905 0.00285718 0.00189101 0.00668556 -0.00273901 0.00262093 -0.00882978 -0.0220064 -0.00155351 0.00940877 -0.0161662 0.0125391
internal_weight=3420 3306 3073.93 837.959 814.231 411.591 157.693 123.372 90.8131 34.3207 2235.97 109.346 39.1048 253.898
internal_count=3420 3306 3060 834 805 385 148 117 87 31 2226 84 30 237
cat_boundaries=0 1
cat_threshold=683737170
is_linear=0
shrinkage=0.08


Tree=50
num_leaves=15
num_cat=3
split_feature=9 7 27 15 6 18 16 3 23 30 23 30 30 23
split_gain=25.8638 6.31048 1.78925 2.39305 1.66814 1.94818 2.74781 1.70019 1.57004 4.69369 4.33954 9.73177 6.27996 6.17987
threshold=1.0000000180025095e-35 6.5000000000000009 0.99635443704902704 205.30769230769235 255.50000000000003 819.05769230769249 226.20830608640219 235.50000000000003 17.500000000000004 0 20.500000000000004 1 2 25.500000000000004
decision_type=2 2 2 2 2 2 2 2 2 1 2 1 1 2
left_child=-1 -2 8 -4 -5 6 -6 -8 9 -3 11 -10 -12 -14
right_child=1 2 3 4 5 -7 7 -9 10 -11 12 -13 13 -15
leaf_value=-0.28880674630941078 -0.23485710477123242 -1.2573459941163674 -3.5439370260178999 11.311910213449165 7.9015270289032831 14.37123073781313 -5.6509002090597233 0.44329010677844055 -1.9267041690335622 0.48001118175427793 0.54262333730307089 4.1897595231417872 -1.7694929513107729 -0.14136401587397093
leaf_weight=113.99999809265137 232.07316756248474 343.17045944929123 11.533834993839262 22.868058919906616 10.64170730113983 13.021019995212553 15.483610808849336 12.392921090126036 99.735587239265442 379.283358335495 816.1694667339325 196.82102662324905 314.46447724103928 838.34124839305878
leaf_count=114 246 421 14 28 13 16 19 15 108 464 725 213 314 710
internal_value=-0.00253532 -0.00124343 -0.000283068 0.0110976 0.0163534 0.00837452 -0.000668724 -0.0138706 -0.000610401 -0.0038578 0.000425159 0.00944696 -0.000933656 -0.00471417
internal_weight=3420 3306 3073.93 85.9412 74.4073 51.5393 38.5182 27.8765 2987.99 722.454 2265.53 296.557 1968.98 1152.81
internal_count=3420 3306 3060 105 91 63 47 34 2955 885 2070 321 1749 1024
cat_boundaries=0 1 2 3
cat_threshold=474388565 222562632 1027869012
is_linear=0
shrinkage=0.08


Tree=51
num_leaves=15
num_cat=3
split_feature=9 7 30 27 16 10 30 9 15 23 17 30 23 0
split_gain=25.9238 5.64329 2.09314 2.11314 2.855 1.90109 3.02064 1.81547 2.20985 1.77615 3.6945 1.98135 2.07491 3.43377
threshold=1.0000000180025095e-35 6.5000000000000009 0 0.99635443704902704 185.75993590691735 210.30258835944716 1 896.12500000000011 258.46153846153851 35.500000000000007 1.0000000180025095e-35 2 33.500000000000007 52.500000000000007
decision_type=2 2 1 2 2 2 1 2 2 2 2 1 2 2
left_child=-1 -2 3 -3 -5 9 7 8 -7 11 -11 -4 -13 -14
right_child=1 2 5 4 -6 6 -8 -9 -10 10 -12 12 13 -15
leaf_value=-0.26570220660465793 -0.21606853638953383 0.080088711771626325 2.8226094991211403 -3.2604220639364692 22.583989758296731 0.8880980365715675 -2.9271266293841154 12.520135453724352 -0.93772171382229541 2.3984546982968507 -4.3902068811499433 -0.085521211976243447 3.1378438004844007 -3.0109414865596493
leaf_weight=113.99999809265137 232.07316756248474 1001.0250253081322 137.08334112167358 8.1463987231254595 20.506271600723267 53.458022356033325 259.8551869392395 19.11902379989624 246.16082262992859 44.180780649185181 20.695820093154907 1144.9297827482224 13.945383429527281 104.82091772556305
leaf_count=114 246 988 138 10 25 54 254 20 244 34 16 1183 11 83
internal_value=-0.0024919 -0.00119851 -0.000290338 0.00263662 0.0240834 -0.00176888 -0.00566041 -0.000240551 -0.00177326 -0.000244699 0.0126959 -0.000844039 -0.00184793 -0.0119275
internal_weight=3420 3306 3073.93 1029.68 28.6527 2044.25 578.593 318.738 299.619 1465.66 64.8766 1400.78 1263.7 118.766
internal_count=3420 3306 3060 1023 35 2037 572 318 298 1465 50 1415 1277 94
cat_boundaries=0 1 2 3
cat_threshold=143209554 53479685 262180
is_linear=0
shrinkage=0.08


Tree=52
num_leaves=15
num_cat=1
split_feature=9 7 16 30 20 28 18 23 17 28 10 23 23 12
split_gain=26.1385 5.45485 2.37065 1.99371 1.74604 2.02604 1.63443 1.64815 1.58773 1.93216 1.51836 1.9212 4.64922 3.7963
threshold=1.0000000180025095e-35 6.5000000000000009 23.376231683471271 0 2.0686545467298907 -0.98182534576205283 1150.721153846154 22.500000000000004 0.25000000000000006 -0.88545602565320969 24.650820756239089 27.500000000000004 26.500000000000004 708.07692307692321
decision_type=2 2 2 1 2 2 2 2 2 2 2 2 2 2
left_child=-1 4 -3 6 5 -2 10 -8 9 -7 -4 12 -12 -13
right_child=1 2 3 -5 -6 8 7 -9 -10 -11 11 13 -14 -15
leaf_value=-0.24444603007628529 0.26009249277617685 0.74574575396216547 0.13840155444213792 -0.20270250840820667 -0.55475827322610383 0.51580532738904572 12.104971902148455 -7.008693913416236 -0.28536998270452818 -0.17839858838818159 0.24510055725542373 -0.61080007516652357 6.869394314641335 5.8793723561501192
leaf_weight=113.99999809265137 20.049515604972839 13.864465832710264 46.383863687515259 1916.3846175670624 44.237571716308594 15.338554263114927 13.441320121288298 18.61896687746048 17.786003708839417 134.66152226924896 615.45428347587585 296.89200448989868 40.167662858963013 112.71959221363068
leaf_count=114 19 11 40 1912 44 14 14 18 17 152 687 246 37 95
internal_value=-0.00233692 -0.00103819 -0.000145302 -0.000294845 -0.0128649 -0.00949738 0.00233734 -0.0154502 -0.0123695 -0.00968973 0.00287138 0.00225441 0.00493984 -0.00204386
internal_weight=3420 3306 3073.93 3060.06 232.073 187.836 1143.68 32.0603 167.786 150 1111.62 1065.23 655.622 409.612
internal_count=3420 3306 3060 3049 246 202 1137 32 183 166 1105 1065 724 341
cat_boundaries=0 1
cat_threshold=210318418
is_linear=0
shrinkage=0.08


Tree=53
num_leaves=15
num_cat=1
split_feature=9 7 16 30 23 13 15 18 18 23 23 23 12 23
split_gain=26.0169 6.42465 2.37275 1.90761 1.82317 4.8726 3.32578 2.50057 1.67153 2.14898 5.21659 4.08875 2.48092 2.13098
threshold=1.0000000180025095e-35 6.5000000000000009 23.376231683471271 0 35.500000000000007 216.1722196911071 483.46153846153851 257.37500000000006 1150.721153846154 27.500000000000004 26.500000000000004 28.500000000000004 708.07692307692321 12.500000000000002
decision_type=2 2 2 1 2 2 2 2 2 2 2 2 2 2
left_child=-1 -2 -3 8 -5 7 -7 -6 9 10 13 -11 -13 -4
right_child=1 2 3 4 5 6 -8 -9 -10 11 -12 12 -14 -15
leaf_value=-0.22489034767018246 -0.18258809279808147 0.68608609364519202 -0.82216897584262372 -0.24003256387042712 -4.0103558883844492 -4.1274688159153516 0.044047082614698148 4.8456946677476074 -4.5899228748988028 -3.7108116333994201 6.5016348769423873 -0.27586499410741933 7.0839727626927722 1.0618288455811129
leaf_weight=113.99999809265137 232.07316756248474 13.864465832710264 125.72305655479431 1940.3097416162491 13.069983482360838 20.802062749862671 18.302707433700562 48.072055697441101 32.060286998748779 38.794841170310974 36.944803833961487 243.78042948246002 99.407106637954712 442.7952356338501
leaf_count=114 246 11 162 1951 10 16 14 37 32 35 34 200 83 475
internal_value=-0.00242458 -0.00112888 -0.000159864 -0.000309472 -0.00171827 0.00879363 -0.0132605 0.0228989 0.00250257 0.0031108 0.00607514 -0.00158784 0.00119498 0.00418217
internal_weight=3420 3306 3073.93 3060.06 2040.56 100.247 39.1048 61.142 1019.51 987.445 605.463 381.982 343.188 568.518
internal_count=3420 3306 3060 3049 2028 77 30 47 1021 989 671 318 283 637
cat_boundaries=0 1
cat_threshold=210309202
is_linear=0
shrinkage=0.08


Tree=54
num_leaves=15
num_cat=1
split_feature=9 7 30 27 28 23 5 15 20 20 13 23 13 17
split_gain=26.1509 4.97195 1.90266 2.75814 3.06406 2.33597 2.25874 1.90263 1.88165 1.75827 1.48347 2.04743 2.93626 3.2892
threshold=1.0000000180025095e-35 6.5000000000000009 0 0.99635443704902704 -0.51639395938746235 33.500000000000007 565.50000000000011 1291.5576923076926 2.0686545467298907 1.6200020434245876 979.15118174046131 35.500000000000007 119.71325522134801 1.0000000180025095e-35
decision_type=2 2 1 2 2 2 2 2 2 2 2 2 2 2
left_child=-1 8 3 4 5 9 -7 -6 -2 -3 11 -4 -13 -14
right_child=1 2 10 -5 7 6 -8 -9 -10 -11 -12 12 13 -15
leaf_value=-0.20689911985656786 -0.14951965389328056 0.40686526434992004 -0.22082995876079167 17.144690668398507 -0.70060796749361998 2.9469252249072788 8.2294860015655917 131.9231305393177 -0.49577056394416902 -0.71086810415307156 -4.6318095694050649 6.9887193472075495 0.31346192353399632 -3.7165742219368387
leaf_weight=113.99999809265137 187.83559584617615 511.79674303531647 2046.9441473484039 24.587566137313843 282.45500719547272 23.716502070426941 18.76471734046936 8.778305768966673 44.237571716308594 30.511106967926025 28.781940698623657 27.296285271644592 56.067091107368469 14.227364182472227
leaf_count=114 202 484 2066 30 307 19 15 10 44 28 26 21 43 11
internal_value=-0.00232797 -0.00102894 -0.000176489 0.00289664 0.0021871 0.00552599 0.0235914 -0.0045173 -0.01232 0.00411084 -0.0014566 -0.00122117 0.0100996 0.00145245
internal_weight=3420 3306 3073.93 900.61 876.022 584.789 42.4812 291.233 232.073 542.308 2173.32 2144.53 97.5907 70.2945
internal_count=3420 3306 3060 893 863 546 34 317 246 512 2167 2141 75 54
cat_boundaries=0 1
cat_threshold=344007762
is_linear=0
shrinkage=0.08


Tree=55
num_leaves=15
num_cat=2
split_feature=9 30 16 28 23 5 23 30 28 13 18 28 28 28
split_gain=25.8794 4.15861 2.36243 2.23048 2.03712 1.97086 2.00401 1.67121 1.91892 4.18596 2.10961 1.61383 3.46596 2.46078
threshold=1.0000000180025095e-35 0 23.376231683471271 -0.99635443704902682 9.5000000000000018 1.0000000180025095e-35 34.500000000000007 1 -0.99635443704902682 241.48058893660121 305.64423076923083 -0.70581670320594803 -0.88545602565320969 -0.98182534576205283
decision_type=2 1 2 2 2 2 2 1 2 2 2 2 2 2
left_child=-1 3 -3 -2 -5 6 -6 11 9 10 -9 12 13 -4
right_child=1 2 7 4 5 -7 -8 8 -10 -11 -12 -13 -14 -15
leaf_value=-0.19034719026804245 10.863861613049126 0.49118231895437703 1.1855873171594749 1.8602497136551985 -0.15477717290702087 -0.24557801188091616 6.4995502248392887 -4.5004302512123333 -0.028621717649896891 -3.305425262548392 0.335945730607424 -0.079143221708435491 11.970622328758582 -1.6095459961587313
leaf_weight=113.99999809265137 17.017853260040283 13.864465832710264 63.825631737709045 18.165202856063843 70.415467739105225 338.80388081073761 11.597587704658507 17.017853260040283 2181.0462297201157 37.172625541687012 30.898787498474121 292.6691198348999 105.24035781621933 108.26488107442856
leaf_count=114 16 11 60 24 67 340 9 16 2189 35 29 310 100 100
internal_value=-0.00252405 -0.00123177 -8.18592e-05 -0.00823632 -0.00951857 -0.0106508 0.000476817 -0.000243187 -0.0012184 -0.0130099 0.00261865 0.00359228 0.00802821 0.00103438
internal_weight=3420 3306 2850 456 438.982 420.817 82.0131 2836.14 2266.14 85.0893 47.9166 570 277.331 172.091
internal_count=3420 3306 2850 456 440 416 76 2839 2269 80 45 570 260 160
cat_boundaries=0 1 2
cat_threshold=570564608 75497554
is_linear=0
shrinkage=0.08


Tree=56
num_leaves=15
num_cat=4
split_feature=9 30 28 23 30 23 3 23 30 23 20 30 28 26
split_gain=25.8628 3.48814 2.13888 1.53933 4.0682 1.81733 1.77623 1.58169 3.64859 3.89719 2.99856 2.94464 4.01355 3.58319
threshold=1.0000000180025095e-35 0 -0.99635443704902682 10.500000000000002 1 7.5000000000000009 11.500000000000002 21.500000000000004 2 17.500000000000004 1.4829870472605207 3 -0.98182534576205283 -0.95297903005573326
decision_type=2 1 2 2 1 2 2 2 1 2 2 1 2 2
left_child=-1 2 -2 4 -3 -6 -5 8 9 -8 -10 12 -9 -14
right_child=1 3 -4 6 5 -7 7 11 10 -11 -12 -13 13 -15
leaf_value=-0.17511941504659906 9.9947526840051957 2.0824304387551731 -0.19281134490250396 0.87169194983247966 0.63146785461111787 -2.1752870701943348 0.46667806094013486 2.76100734484907 0.13748040789225457 9.4449363267271202 -4.3764492260382779 -0.41292846043684678 -1.0696164637387851 0.81799231375671499
leaf_weight=113.99999809265137 17.017853260040283 76.206715106964111 438.98213911056519 61.80176854133606 11.200092136859892 103.10998052358627 210.50028276443481 70.229690909385681 530.32274806499481 134.34686708450317 64.627998113632202 1265.0377985239029 92.876423835754395 229.73958671092987
leaf_count=114 16 100 440 60 15 135 252 66 609 144 74 1116 82 197
internal_value=-0.00253604 -0.00124418 -0.00765936 -0.00019021 -0.00713736 -0.015883 0.000306746 -1.21495e-05 0.00260976 0.00901398 -0.00123306 -0.00149842 0.0044888 0.000830291
internal_weight=3420 3306 456 2850 190.517 114.31 2659.48 2597.68 939.798 344.847 594.951 1657.88 392.846 322.616
internal_count=3420 3306 456 2850 250 150 2600 2540 1079 396 683 1461 345 279
cat_boundaries=0 1 2 3 4
cat_threshold=570564608 1315563 27332755 335808592
is_linear=0
shrinkage=0.08


Tree=57
num_leaves=15
num_cat=2
split_feature=9 7 30 23 9 28 15 15 23 15 23 30 17 23
split_gain=26.1718 3.41719 1.66228 1.99528 1.72615 1.96215 2.97669 2.1381 1.52057 5.98461 2.3509 7.15487 4.09516 2.30398
threshold=1.0000000180025095e-35 6.5000000000000009 0 9.5000000000000018 442.87500000000006 -0.78574730703237872 488.32692307692315 338.07692307692315 35.500000000000007 409.09615384615387 30.500000000000004 1 0.057692307692307702 33.500000000000007
decision_type=2 2 1 2 2 2 2 2 2 2 2 1 2 2
left_child=-1 -2 4 -4 -3 7 -7 -6 10 -10 -5 12 -12 -13
right_child=1 2 3 8 5 6 -8 -9 9 -11 11 13 -14 -15
leaf_value=-0.16110986184287115 -0.12816468292809496 -0.10068509854171814 -2.2938137939767969 0.47359104242503353 0.48193584117393701 -3.5671567053185602 0.65108443430692209 -8.4349861757584179 4.5846404050285603 -0.25160987261969925 3.3664122474163638 -3.2943832584289017 -0.66890570861153953 -1.1541708958306407
leaf_weight=113.99999809265137 232.07316756248474 1351.1272844076157 54.495608568191528 1037.6859891414642 13.070368826389311 75.819034278392792 85.028082847595215 31.80346143245697 31.162856101989746 42.997107625007629 99.470039963722229 127.36230456829071 35.549073457717896 88.355565905570984
leaf_count=114 246 1349 72 1089 13 74 88 32 24 33 81 106 29 70
internal_value=-0.00231292 -0.00101337 -0.00030666 0.00157381 -0.00213548 -0.00897596 -0.00484922 -0.023768 0.00214421 0.0133053 0.00154806 -0.00411419 0.0100214 -0.0128315
internal_weight=3420 3306 3073.93 1517.08 1556.85 205.721 160.847 44.8738 1462.58 74.16 1388.42 350.737 135.019 215.718
internal_count=3420 3306 3060 1504 1556 207 162 45 1432 57 1375 286 110 176
cat_boundaries=0 1 2
cat_threshold=443976360 16786516
is_linear=0
shrinkage=0.08


Tree=58
num_leaves=15
num_cat=2
split_feature=9 8 19 30 27 27 23 30 27 16 12 18 2 19
split_gain=25.6447 3.42167 2.14479 1.70273 3.04514 3.19136 4.78465 3.09435 3.67939 2.62866 2.45986 2.35903 1.81236 3.16183
threshold=1.0000000180025095e-35 12.500000000000002 1173.5000000000002 0 0.99635443704902704 0.78574730703237894 21.500000000000004 1 0.98182534576205316 263.10700852841688 1028.6923076923078 690.19230769230774 423.50000000000006 -222.87499999999997
decision_type=2 2 2 1 2 2 2 1 2 2 2 2 2 2
left_child=-1 -2 3 4 5 6 10 8 -7 -6 11 -3 -8 -14
right_child=1 2 -4 -5 9 7 12 -9 -10 -11 -12 -13 13 -15
leaf_value=-0.14822107289544145 -0.13293440131380618 5.0789210553321116 -3.8859517607453551 -0.12795324714075665 -3.811055625447775 6.7977440447981374 0.50760172335976672 -2.6157562121157434 -8.0879170912878458 27.973554760557708 -4.5457794278973322 18.361386258473168 -4.5949576950074746 0.017335571421949417
leaf_weight=113.99999809265137 275.9070805311203 70.589949548244476 19.95941424369812 1884.1085214614868 8.9724366068840009 72.197373569011688 358.18774855136871 205.4960994720459 19.634671032428741 23.745337903499603 13.54790812730789 34.580089926719666 48.353077292442322 270.72023642063141
leaf_count=114 291 76 18 1874 11 87 311 249 24 29 15 37 44 240
internal_value=-0.00269436 -0.00140796 -0.000631337 -0.000458023 0.0019942 0.00129223 0.00393387 -0.00577974 0.00625682 0.026061 0.0187483 0.0228814 0.00133703 -0.00304771
internal_weight=3420 3306 3030.09 3010.13 1126.02 1093.31 795.979 297.328 91.832 32.7178 118.718 105.17 677.261 319.073
internal_count=3420 3306 3015 2997 1123 1083 723 360 111 40 128 113 595 284
cat_boundaries=0 1 2
cat_threshold=79765847 8388866
is_linear=0
shrinkage=0.08


Tree=59
num_leaves=15
num_cat=2
split_feature=9 30 18 16 28 28 23 30 27 23 12 18 5 23
split_gain=26.1834 3.33887 1.56168 1.58579 2.3111 2.21298 3.10435 1.45501 1.95169 1.76529 2.77963 3.67454 3.14713 2.03583
threshold=1.0000000180025095e-35 0 337.6634615384616 255.28986893012444 -0.78574730703237872 -0.40966402954315212 12.500000000000002 1 0.99635443704902704 35.500000000000007 159.50000000000003 284.73076923076928 380.50000000000006 31.500000000000004
decision_type=2 1 2 2 2 2 2 1 2 2 2 2 2 2
left_child=-1 2 3 4 -2 -6 -7 8 -3 13 -11 -12 -13 -9
right_child=1 7 -4 -5 5 6 -8 9 -10 10 11 12 -14 -15
leaf_value=-0.13636338706380613 -0.71195995607724283 0.49385833888532488 -0.18010849679980645 4.207599829642545 3.2137090969643203 1.1228687126396495 -3.6612421549991381 -0.0090420073290195541 32.623076670956422 4.0172993220330531 -0.58340092776079422 11.046776115842386 -0.092713745981988491 -1.0602745335164594
leaf_weight=113.99999809265137 22.09228527545929 332.18466192483902 190.4573061466217 74.473163843154907 22.307839035987854 13.969228506088255 18.70017147064209 2046.677595615387 9.81533235311508 26.034786701202393 15.620872020721434 33.897801876068115 44.206558227539062 455.56234169006348
leaf_count=114 22 330 192 68 22 18 20 2162 12 20 12 26 34 368
internal_value=-0.00230454 -0.00100469 -0.00836974 -0.00255403 -0.0105986 -0.00181677 -0.0150799 -0.000126215 0.00470482 -0.000771831 0.00871357 0.00229001 0.00937401 -0.0012289
internal_weight=3420 3306 342 151.543 77.0695 54.9772 32.6694 2964 342 2622 119.76 93.7252 78.1044 2502.24
internal_count=3420 3306 342 150 82 60 38 2964 342 2622 92 72 60 2530
cat_boundaries=0 1 2
cat_threshold=33693696 82
is_linear=0
shrinkage=0.08


end of trees

feature_importances:
sku_id=177
target_week_of_year=169
cos_woy_tgt=78
sin_woy_tgt=53
rolling_std_26=42
rolling_mean_26=40
momentum_4_13=39
rolling_mean_4=38
rolling_mean_13=36
rolling_std_13=30
rolling_mean_52=28
lag_51=27
rolling_std_4=23
trend_4_4=16
lag_52=14
zero_fraction_26=7
cos_woy_orig=5
lag_12=4
lag_3=3
lag_2=2
lag_7=2
origin_week_of_year=2
lag_0=1
lag_1=1
lag_25=1
zero_fraction_13=1
sin_woy_orig=1

parameters:
[boosting: gbdt]
[objective: quantile]
[metric: quantile]
[tree_learner: serial]
[device_type: cpu]
[data_sample_strategy: bagging]
[data: ]
[valid: ]
[num_iterations: 60]
[learning_rate: 0.08]
[num_leaves: 15]
[num_threads: -1]
[seed: 42]
[deterministic: 0]
[force_col_wise: 0]
[force_row_wise: 0]
[histogram_pool_size: -1]
[max_depth: -1]
[min_data_in_leaf: 10]
[min_sum_hessian_in_leaf: 0.001]
[bagging_fraction: 1]
[pos_bagging_fraction: 1]
[neg_bagging_fraction: 1]
[bagging_freq: 0]
[bagging_seed: 400]
[bagging_by_query: 0]
[feature_fraction: 1]
[feature_fraction_bynode: 1]
[feature_fraction_seed: 30056]
[extra_trees: 0]
[extra_seed: 12879]
[early_stopping_round: 0]
[early_stopping_min_delta: 0]
[first_metric_only: 0]
[max_delta_step: 0]
[lambda_l1: 0]
[lambda_l2: 0]
[linear_lambda: 0]
[min_gain_to_split: 0]
[drop_rate: 0.1]
[max_drop: 50]
[skip_drop: 0.5]
[xgboost_dart_mode: 0]
[uniform_drop: 0]
[drop_seed: 17869]
[top_rate: 0.2]
[other_rate: 0.1]
[min_data_per_group: 100]
[max_cat_threshold: 32]
[cat_l2: 10]
[cat_smooth: 10]
[max_cat_to_onehot: 4]
[top_k: 20]
[monotone_constraints: ]
[monotone_constraints_method: basic]
[monotone_penalty: 0]
[feature_contri: ]
[forcedsplits_filename: ]
[refit_decay_rate: 0.9]
[cegb_tradeoff: 1]
[cegb_penalty_split: 0]
[cegb_penalty_feature_lazy: ]
[cegb_penalty_feature_coupled: ]
[path_smooth: 0]
[interaction_constraints: ]
[verbosity: -1]
[saved_feature_importance_type: 0]
[use_quantized_grad: 0]
[num_grad_quant_bins: 4]
[quant_train_renew_leaf: 0]
[stochastic_rounding: 1]
[linear_tree: 0]
[max_bin: 255]
[max_bin_by_feature: ]
[min_data_in_bin: 3]
[bin_construct_sample_cnt: 200000]
[data_random_seed: 175]
[is_enable_sparse: 1]
[enable_bundle: 1]
[use_missing: 1]
[zero_as_missing: 0]
[feature_pre_filter: 1]
[pre_partition: 0]
[two_round: 0]
[header: 0]
[label_column: ]
[weight_column: ]
[group_column: ]
[ignore_column: ]
[categorical_feature: 30]
[forcedbins_filename: ]
[precise_float_parser: 0]
[parser_config_file: ]
[objective_seed: 16083]
[num_class: 1]
[is_unbalance: 0]
[scale_pos_weight: 1]
[sigmoid: 1]
[boost_from_average: 1]
[reg_sqrt: 0]
[alpha: 0.5]
[fair_c: 1]
[poisson_max_delta_step: 0.7]
[tweedie_variance_power: 1.5]
[lambdarank_truncation_level: 30]
[lambdarank_norm: 1]
[label_gain: ]
[lambdarank_position_bias_regularization: 0]
[eval_at: ]
[multi_error_top_k: 1]
[auc_mu_weights: ]
[num_machines: 1]
[local_listen_port: 12400]
[time_out: 120]
[machine_list_filename: ]
[machines: ]
[gpu_platform_id: -1]
[gpu_device_id: -1]
[gpu_device_id_list: ]
[gpu_use_dp: 0]
[num_gpu: 1]

end of parameters

pandas_categorical:[["85123A", "84077", "17003", "21212", "85099B", "84879", "22197", "84991", "21977", "21232", "21982", "21213", "84755", "84347", "84270", "84946", "15036", "84568", "85099F", "21980", "84992", "71459", "20725", "22178", "85099C", "21985", "22386", "21080", "21984", "22086"]]
